official_program_key,department,program_type,program_name,coverage_status,gap_reason_status,recommended_next_action,reason_confidence,candidate_count,roster_candidate_count,context_candidate_count,low_value_candidate_count,probed_url_count,reachable_probe_count,low_content_probe_count,max_roster_term_count,max_context_term_count,related_loaded_source_count,related_loaded_person_count,top_candidate_url,top_candidate_title,top_candidate_status,top_candidate_priority,top_candidate_confidence,evidence_json,audited_at
hup_gme_fellowship_adult-cardiothoracic-anesthesiology_84bd23c52b1e,Anesthesiology,fellowship,Adult Cardiothoracic Anesthesiology,discovered_no_current_roster,public_program_context_no_current_roster,record_context_source_and_monitor_for_roster_or_alumni_link,0.7,1,0,1,0,1,1,0,0,0,0,0,https://www3.pennmedicine.org/departments-and-centers/anesthesiology-and-critical-care/education-and-training/fellowship-programs,Department of Anesthesiology and Critical Care | Fellowships,program_context_candidate,40,0.35,"{""classification_rationale"": ""Public Penn pages describe the program but current trainee roster structure is not visible in probe evidence."", ""coverage_discovery_classification"": ""alumni_or_outcome_candidate"", ""coverage_discovery_url"": ""https://www3.pennmedicine.org/departments-and-centers/anesthesiology-and-critical-care/education-and-training/fellowship-programs"", ""probe_urls"": [{""context_term_count"": 0, ""http_status"": 200, ""requested_url"": ""https://www3.pennmedicine.org/departments-and-centers/anesthesiology-and-critical-care/education-and-training/fellowship-programs"", ""roster_term_count"": 0, ""text_length"": 3470, ""title"": ""Department of Anesthesiology and Critical Care | Fellowships""}], ""related_loaded_sources"": [], ""top_candidate"": {""candidate_key"": ""program_source_candidate_hup-gme-fellowship-adult-cardiothoracic-anesthes_f0dc24a8bf46"", ""candidate_status"": ""program_context_candidate"", ""candidate_title"": ""Department of Anesthesiology and Critical Care | Fellowships"", ""candidate_url"": ""https://www3.pennmedicine.org/departments-and-centers/anesthesiology-and-critical-care/education-and-training/fellowship-programs"", ""confidence"": 0.35, ""context_term_count"": 0, ""coverage_status"": ""discovered_no_current_roster"", ""department"": ""Anesthesiology"", ""evidence_json"": ""{\""candidate_key\"": \""program_source_candidate_hup-gme-fellowship-adult-cardiothoracic-anesthes_f0dc24a8bf46\"", \""candidate_status\"": \""program_context_candidate\"", \""candidate_title\"": \""Department of Anesthesiology and Critical Care | Fellowships\"", \""candidate_url\"": \""https://www3.pennmedicine.org/departments-and-centers/anesthesiology-and-critical-care/education-and-training/fellowship-programs\"", \""confidence\"": 0.35, \""content_type\"": \""text/html; charset=utf-8\"", \""context_term_count\"": 0, \""coverage_status\"": \""discovered_no_current_roster\"", \""department\"": \""Anesthesiology\"", \""error\"": \""\"", \""fetched_at\"": \""2026-06-02T07:25:16.278936+00:00\"", \""http_status\"": 200, \""official_program_key\"": \""hup_gme_fellowship_adult-cardiothoracic-anesthesiology_84bd23c52b1e\"", \""priority\"": 40, \""program_name\"": \""Adult Cardiothoracic Anesthesiology\"", \""program_type\"": \""fellowship\"", \""reasons\"": [\""official_program_url\""], \""roster_term_count\"": 0, \""sha256\"": \""7ba7b145630bf49eb5134db548d2026c827371bc5f719f48e51a5f231e219839\"", \""source_role\"": \""official_program_url\"", \""sponsoring_institution\"": \""Hospital of the University of Pennsylvania\"", \""text_length\"": 3470}"", ""http_status"": 200, ""official_program_key"": ""hup_gme_fellowship_adult-cardiothoracic-anesthesiology_84bd23c52b1e"", ""priority"": 40, ""program_name"": ""Adult Cardiothoracic Anesthesiology"", ""program_type"": ""fellowship"", ""reasons_json"": ""[\""official_program_url\""]"", ""roster_term_count"": 0, ""source_role"": ""official_program_url""}}",2026-06-02T07:48:56.885876+00:00
hup_gme_fellowship_critical-care-medicine_a51acc5c27ee,Anesthesiology,fellowship,Critical Care Medicine,discovered_no_current_roster,public_program_context_no_current_roster,record_context_source_and_monitor_for_roster_or_alumni_link,0.7,1,0,1,0,1,1,0,0,0,0,0,https://www3.pennmedicine.org/departments-and-centers/anesthesiology-and-critical-care/education-and-training/fellowship-programs,Department of Anesthesiology and Critical Care | Fellowships,program_context_candidate,40,0.35,"{""classification_rationale"": ""Public Penn pages describe the program but current trainee roster structure is not visible in probe evidence."", ""coverage_discovery_classification"": ""alumni_or_outcome_candidate"", ""coverage_discovery_url"": ""https://www3.pennmedicine.org/departments-and-centers/anesthesiology-and-critical-care/education-and-training/fellowship-programs"", ""probe_urls"": [{""context_term_count"": 0, ""http_status"": 200, ""requested_url"": ""https://www3.pennmedicine.org/departments-and-centers/anesthesiology-and-critical-care/education-and-training/fellowship-programs"", ""roster_term_count"": 0, ""text_length"": 3470, ""title"": ""Department of Anesthesiology and Critical Care | Fellowships""}], ""related_loaded_sources"": [], ""top_candidate"": {""candidate_key"": ""program_source_candidate_hup-gme-fellowship-critical-care-medicine-a51acc_dbaa15589158"", ""candidate_status"": ""program_context_candidate"", ""candidate_title"": ""Department of Anesthesiology and Critical Care | Fellowships"", ""candidate_url"": ""https://www3.pennmedicine.org/departments-and-centers/anesthesiology-and-critical-care/education-and-training/fellowship-programs"", ""confidence"": 0.35, ""context_term_count"": 0, ""coverage_status"": ""discovered_no_current_roster"", ""department"": ""Anesthesiology"", ""evidence_json"": ""{\""candidate_key\"": \""program_source_candidate_hup-gme-fellowship-critical-care-medicine-a51acc_dbaa15589158\"", \""candidate_status\"": \""program_context_candidate\"", \""candidate_title\"": \""Department of Anesthesiology and Critical Care | Fellowships\"", \""candidate_url\"": \""https://www3.pennmedicine.org/departments-and-centers/anesthesiology-and-critical-care/education-and-training/fellowship-programs\"", \""confidence\"": 0.35, \""content_type\"": \""text/html; charset=utf-8\"", \""context_term_count\"": 0, \""coverage_status\"": \""discovered_no_current_roster\"", \""department\"": \""Anesthesiology\"", \""error\"": \""\"", \""fetched_at\"": \""2026-06-02T07:25:16.278936+00:00\"", \""http_status\"": 200, \""official_program_key\"": \""hup_gme_fellowship_critical-care-medicine_a51acc5c27ee\"", \""priority\"": 40, \""program_name\"": \""Critical Care Medicine\"", \""program_type\"": \""fellowship\"", \""reasons\"": [\""official_program_url\""], \""roster_term_count\"": 0, \""sha256\"": \""7ba7b145630bf49eb5134db548d2026c827371bc5f719f48e51a5f231e219839\"", \""source_role\"": \""official_program_url\"", \""sponsoring_institution\"": \""Hospital of the University of Pennsylvania\"", \""text_length\"": 3470}"", ""http_status"": 200, ""official_program_key"": ""hup_gme_fellowship_critical-care-medicine_a51acc5c27ee"", ""priority"": 40, ""program_name"": ""Critical Care Medicine"", ""program_type"": ""fellowship"", ""reasons_json"": ""[\""official_program_url\""]"", ""roster_term_count"": 0, ""source_role"": ""official_program_url""}}",2026-06-02T07:48:56.885876+00:00
hup_gme_fellowship_pain-medicine_384642e8f0d1,Anesthesiology,fellowship,Pain Medicine,discovered_no_current_roster,public_program_context_no_current_roster,record_context_source_and_monitor_for_roster_or_alumni_link,0.7,1,0,1,0,1,1,0,0,0,0,0,https://www3.pennmedicine.org/departments-and-centers/anesthesiology-and-critical-care/education-and-training/fellowship-programs,Department of Anesthesiology and Critical Care | Fellowships,program_context_candidate,40,0.35,"{""classification_rationale"": ""Public Penn pages describe the program but current trainee roster structure is not visible in probe evidence."", ""coverage_discovery_classification"": ""alumni_or_outcome_candidate"", ""coverage_discovery_url"": ""https://www3.pennmedicine.org/departments-and-centers/anesthesiology-and-critical-care/education-and-training/fellowship-programs"", ""probe_urls"": [{""context_term_count"": 0, ""http_status"": 200, ""requested_url"": ""https://www3.pennmedicine.org/departments-and-centers/anesthesiology-and-critical-care/education-and-training/fellowship-programs"", ""roster_term_count"": 0, ""text_length"": 3470, ""title"": ""Department of Anesthesiology and Critical Care | Fellowships""}], ""related_loaded_sources"": [], ""top_candidate"": {""candidate_key"": ""program_source_candidate_hup-gme-fellowship-pain-medicine-384642e8f0d1-ht_0cd085aaba9c"", ""candidate_status"": ""program_context_candidate"", ""candidate_title"": ""Department of Anesthesiology and Critical Care | Fellowships"", ""candidate_url"": ""https://www3.pennmedicine.org/departments-and-centers/anesthesiology-and-critical-care/education-and-training/fellowship-programs"", ""confidence"": 0.35, ""context_term_count"": 0, ""coverage_status"": ""discovered_no_current_roster"", ""department"": ""Anesthesiology"", ""evidence_json"": ""{\""candidate_key\"": \""program_source_candidate_hup-gme-fellowship-pain-medicine-384642e8f0d1-ht_0cd085aaba9c\"", \""candidate_status\"": \""program_context_candidate\"", \""candidate_title\"": \""Department of Anesthesiology and Critical Care | Fellowships\"", \""candidate_url\"": \""https://www3.pennmedicine.org/departments-and-centers/anesthesiology-and-critical-care/education-and-training/fellowship-programs\"", \""confidence\"": 0.35, \""content_type\"": \""text/html; charset=utf-8\"", \""context_term_count\"": 0, \""coverage_status\"": \""discovered_no_current_roster\"", \""department\"": \""Anesthesiology\"", \""error\"": \""\"", \""fetched_at\"": \""2026-06-02T07:25:16.278936+00:00\"", \""http_status\"": 200, \""official_program_key\"": \""hup_gme_fellowship_pain-medicine_384642e8f0d1\"", \""priority\"": 40, \""program_name\"": \""Pain Medicine\"", \""program_type\"": \""fellowship\"", \""reasons\"": [\""official_program_url\""], \""roster_term_count\"": 0, \""sha256\"": \""7ba7b145630bf49eb5134db548d2026c827371bc5f719f48e51a5f231e219839\"", \""source_role\"": \""official_program_url\"", \""sponsoring_institution\"": \""Hospital of the University of Pennsylvania\"", \""text_length\"": 3470}"", ""http_status"": 200, ""official_program_key"": ""hup_gme_fellowship_pain-medicine_384642e8f0d1"", ""priority"": 40, ""program_name"": ""Pain Medicine"", ""program_type"": ""fellowship"", ""reasons_json"": ""[\""official_program_url\""]"", ""roster_term_count"": 0, ""source_role"": ""official_program_url""}}",2026-06-02T07:48:56.885876+00:00
hup_gme_residency_dermatology_cabc25fcd11c,Dermatology,residency,Dermatology,discovered_no_current_roster,source_already_loaded_related_program_review,review_program_alias_or_official_denominator_mapping,0.86,17,3,13,1,1,1,0,0,2,1,3,https://dermatology.upenn.edu/residents/combined-medicine-and-dermatology-track,Penn Medicine Dermatology site,roster_source_candidate,115,0.55,"{""classification_rationale"": ""A candidate roster/source URL is already represented by accepted people under a related program label."", ""coverage_discovery_classification"": ""context"", ""coverage_discovery_url"": ""https://www3.pennmedicine.org/departments-and-centers/department-of-medicine/education-and-training/internal-medicine-residency/our-program/combined-internal-medicine-dermatology-program"", ""probe_urls"": [{""context_term_count"": 2, ""http_status"": 200, ""requested_url"": ""https://www3.pennmedicine.org/departments-and-centers/department-of-medicine/education-and-training/internal-medicine-residency/our-program/combined-internal-medicine-dermatology-program"", ""roster_term_count"": 0, ""text_length"": 5277, ""title"": ""Combined Internal Medicine Dermatology Program - Penn Medicine""}], ""related_loaded_sources"": [{""candidate_status"": ""roster_source_candidate"", ""candidate_url"": ""https://www3.pennmedicine.org/departments-and-centers/department-of-medicine/education-and-training/internal-medicine-residency/our-program/combined-internal-medicine-dermatology-program/medicine-dermatology-residents"", ""person_count"": 3, ""programs"": [""Combined Internal Medicine-Dermatology Residency""], ""roles"": [""resident""]}], ""top_candidate"": {""candidate_key"": ""program_source_candidate_hup-gme-residency-dermatology-cabc25fcd11c-https_7a4a1357eda2"", ""candidate_status"": ""roster_source_candidate"", ""candidate_title"": ""Penn Medicine Dermatology site"", ""candidate_url"": ""https://dermatology.upenn.edu/residents/combined-medicine-and-dermatology-track"", ""confidence"": 0.55, ""context_term_count"": 0, ""coverage_status"": ""discovered_no_current_roster"", ""department"": ""Dermatology"", ""evidence_json"": ""{\""candidate_key\"": \""program_source_candidate_hup-gme-residency-dermatology-cabc25fcd11c-https_7a4a1357eda2\"", \""candidate_status\"": \""roster_source_candidate\"", \""candidate_title\"": \""Penn Medicine Dermatology site\"", \""candidate_url\"": \""https://dermatology.upenn.edu/residents/combined-medicine-and-dermatology-track\"", \""confidence\"": 0.55, \""content_type\"": \""\"", \""context_term_count\"": 0, \""coverage_status\"": \""discovered_no_current_roster\"", \""department\"": \""Dermatology\"", \""error\"": \""\"", \""fetched_at\"": \""2026-06-02T07:25:16.480116+00:00\"", \""http_status\"": \""\"", \""official_program_key\"": \""hup_gme_residency_dermatology_cabc25fcd11c\"", \""priority\"": 115, \""program_name\"": \""Dermatology\"", \""program_type\"": \""residency\"", \""reasons\"": [\""linked_from_gap_page\"", \""roster_language\""], \""roster_term_count\"": 0, \""sha256\"": \""\"", \""source_role\"": \""linked_candidate\"", \""sponsoring_institution\"": \""Hospital of the University of Pennsylvania\"", \""text_length\"": 0}"", ""http_status"": null, ""official_program_key"": ""hup_gme_residency_dermatology_cabc25fcd11c"", ""priority"": 115, ""program_name"": ""Dermatology"", ""program_type"": ""residency"", ""reasons_json"": ""[\""linked_from_gap_page\"", \""roster_language\""]"", ""roster_term_count"": 0, ""source_role"": ""linked_candidate""}}",2026-06-02T07:48:56.885876+00:00
hup_gme_fellowship_undersea-and-hyperbaric-medicine_141573b3b9af,Emergency Medicine,fellowship,Undersea and Hyperbaric Medicine,discovered_no_current_roster,public_program_context_no_current_roster,record_context_source_and_monitor_for_roster_or_alumni_link,0.7,2,0,2,0,1,1,0,0,1,0,0,https://www3.pennmedicine.org/departments-and-centers/emergency-medicine/education-and-training/fellowship-program/hyperbaric-medicine,Hyperbaric Medicine - Penn Medicine,program_context_candidate,40,0.35,"{""classification_rationale"": ""Public Penn pages describe the program but current trainee roster structure is not visible in probe evidence."", ""coverage_discovery_classification"": ""program_context"", ""coverage_discovery_url"": ""https://www3.pennmedicine.org/departments-and-centers/emergency-medicine/education-and-training/fellowship-program/hyperbaric-medicine"", ""probe_urls"": [{""context_term_count"": 1, ""http_status"": 200, ""requested_url"": ""https://www3.pennmedicine.org/departments-and-centers/emergency-medicine/education-and-training/fellowship-program/hyperbaric-medicine"", ""roster_term_count"": 0, ""text_length"": 8445, ""title"": ""Hyperbaric Medicine - Penn Medicine""}], ""related_loaded_sources"": [], ""top_candidate"": {""candidate_key"": ""program_source_candidate_hup-gme-fellowship-undersea-and-hyperbaric-medic_caf65eedc671"", ""candidate_status"": ""program_context_candidate"", ""candidate_title"": ""Hyperbaric Medicine - Penn Medicine"", ""candidate_url"": ""https://www3.pennmedicine.org/departments-and-centers/emergency-medicine/education-and-training/fellowship-program/hyperbaric-medicine"", ""confidence"": 0.35, ""context_term_count"": 1, ""coverage_status"": ""discovered_no_current_roster"", ""department"": ""Emergency Medicine"", ""evidence_json"": ""{\""candidate_key\"": \""program_source_candidate_hup-gme-fellowship-undersea-and-hyperbaric-medic_caf65eedc671\"", \""candidate_status\"": \""program_context_candidate\"", \""candidate_title\"": \""Hyperbaric Medicine - Penn Medicine\"", \""candidate_url\"": \""https://www3.pennmedicine.org/departments-and-centers/emergency-medicine/education-and-training/fellowship-program/hyperbaric-medicine\"", \""confidence\"": 0.35, \""content_type\"": \""text/html; charset=utf-8\"", \""context_term_count\"": 1, \""coverage_status\"": \""discovered_no_current_roster\"", \""department\"": \""Emergency Medicine\"", \""error\"": \""\"", \""fetched_at\"": \""2026-06-02T07:25:16.598394+00:00\"", \""http_status\"": 200, \""official_program_key\"": \""hup_gme_fellowship_undersea-and-hyperbaric-medicine_141573b3b9af\"", \""priority\"": 40, \""program_name\"": \""Undersea and Hyperbaric Medicine\"", \""program_type\"": \""fellowship\"", \""reasons\"": [\""official_program_url\""], \""roster_term_count\"": 0, \""sha256\"": \""d90813b23732ebc84488c3745b65a452949cf4c20e1f436058906b826d872547\"", \""source_role\"": \""official_program_url\"", \""sponsoring_institution\"": \""Hospital of the University of Pennsylvania\"", \""text_length\"": 8445}"", ""http_status"": 200, ""official_program_key"": ""hup_gme_fellowship_undersea-and-hyperbaric-medicine_141573b3b9af"", ""priority"": 40, ""program_name"": ""Undersea and Hyperbaric Medicine"", ""program_type"": ""fellowship"", ""reasons_json"": ""[\""official_program_url\""]"", ""roster_term_count"": 0, ""source_role"": ""official_program_url""}}",2026-06-02T07:48:56.885876+00:00
hup_gme_residency_emergency-medicine_844b6b007cf3,Emergency Medicine,residency,Emergency Medicine,discovered_no_current_roster,public_program_context_no_current_roster,record_context_source_and_monitor_for_roster_or_alumni_link,0.7,2,0,2,0,2,2,0,0,1,0,0,https://www3.pennmedicine.org/departments-and-centers/emergency-medicine,Department of Emergency Medicine | Penn Medicine,program_context_candidate,40,0.35,"{""classification_rationale"": ""Public Penn pages describe the program but current trainee roster structure is not visible in probe evidence."", ""coverage_discovery_classification"": ""program_context"", ""coverage_discovery_url"": ""https://www3.pennmedicine.org/departments-and-centers/emergency-medicine/education-and-training"", ""probe_urls"": [{""context_term_count"": 1, ""http_status"": 200, ""requested_url"": ""https://www3.pennmedicine.org/departments-and-centers/emergency-medicine"", ""roster_term_count"": 0, ""text_length"": 3542, ""title"": ""Department of Emergency Medicine | Penn Medicine""}, {""context_term_count"": 0, ""http_status"": 200, ""requested_url"": ""https://www3.pennmedicine.org/departments-and-centers/emergency-medicine/education-and-training"", ""roster_term_count"": 0, ""text_length"": 1996, ""title"": ""Emergency Medicine: Education and Training | Penn Medicine""}], ""related_loaded_sources"": [], ""top_candidate"": {""candidate_key"": ""program_source_candidate_hup-gme-residency-emergency-medicine-844b6b007cf_75ee6779f8a7"", ""candidate_status"": ""program_context_candidate"", ""candidate_title"": ""Department of Emergency Medicine | Penn Medicine"", ""candidate_url"": ""https://www3.pennmedicine.org/departments-and-centers/emergency-medicine"", ""confidence"": 0.35, ""context_term_count"": 1, ""coverage_status"": ""discovered_no_current_roster"", ""department"": ""Emergency Medicine"", ""evidence_json"": ""{\""candidate_key\"": \""program_source_candidate_hup-gme-residency-emergency-medicine-844b6b007cf_75ee6779f8a7\"", \""candidate_status\"": \""program_context_candidate\"", \""candidate_title\"": \""Department of Emergency Medicine | Penn Medicine\"", \""candidate_url\"": \""https://www3.pennmedicine.org/departments-and-centers/emergency-medicine\"", \""confidence\"": 0.35, \""content_type\"": \""text/html; charset=utf-8\"", \""context_term_count\"": 1, \""coverage_status\"": \""discovered_no_current_roster\"", \""department\"": \""Emergency Medicine\"", \""error\"": \""\"", \""fetched_at\"": \""2026-06-02T07:25:16.719224+00:00\"", \""http_status\"": 200, \""official_program_key\"": \""hup_gme_residency_emergency-medicine_844b6b007cf3\"", \""priority\"": 40, \""program_name\"": \""Emergency Medicine\"", \""program_type\"": \""residency\"", \""reasons\"": [\""official_program_url\""], \""roster_term_count\"": 0, \""sha256\"": \""2ea2a03374f1c95786a03dfa4528cd82c02d4b7375f14f3587b9f50de46fbfcc\"", \""source_role\"": \""official_program_url\"", \""sponsoring_institution\"": \""Hospital of the University of Pennsylvania\"", \""text_length\"": 3542}"", ""http_status"": 200, ""official_program_key"": ""hup_gme_residency_emergency-medicine_844b6b007cf3"", ""priority"": 40, ""program_name"": ""Emergency Medicine"", ""program_type"": ""residency"", ""reasons_json"": ""[\""official_program_url\""]"", ""roster_term_count"": 0, ""source_role"": ""official_program_url""}}",2026-06-02T07:48:56.885876+00:00
hup_gme_fellowship_addiction-medicine_98c979053614,Family Medicine,fellowship,Addiction Medicine,discovered_no_current_roster,public_program_context_no_current_roster,record_context_source_and_monitor_for_roster_or_alumni_link,0.7,2,0,2,0,2,2,0,0,1,0,0,https://www3.pennmedicine.org/departments-and-centers/family-medicine-and-community-health/education-and-training/fellowship,Fellowships - Penn Medicine,program_context_candidate,40,0.35,"{""classification_rationale"": ""Public Penn pages describe the program but current trainee roster structure is not visible in probe evidence."", ""coverage_discovery_classification"": ""program_context"", ""coverage_discovery_url"": ""https://www3.pennmedicine.org/departments-and-centers/emergency-medicine/education-and-training/fellowship-program/addiction-medicine-fellowship"", ""probe_urls"": [{""context_term_count"": 0, ""http_status"": 200, ""requested_url"": ""https://www3.pennmedicine.org/departments-and-centers/family-medicine-and-community-health/education-and-training/fellowship"", ""roster_term_count"": 0, ""text_length"": 3560, ""title"": ""Fellowships - Penn Medicine""}, {""context_term_count"": 1, ""http_status"": 200, ""requested_url"": ""https://www3.pennmedicine.org/departments-and-centers/emergency-medicine/education-and-training/fellowship-program/addiction-medicine-fellowship"", ""roster_term_count"": 0, ""text_length"": 2231, ""title"": ""Addiction Medicine Fellowship - Penn Medicine""}], ""related_loaded_sources"": [], ""top_candidate"": {""candidate_key"": ""program_source_candidate_hup-gme-fellowship-addiction-medicine-98c9790536_6fc6b28cab83"", ""candidate_status"": ""program_context_candidate"", ""candidate_title"": ""Fellowships - Penn Medicine"", ""candidate_url"": ""https://www3.pennmedicine.org/departments-and-centers/family-medicine-and-community-health/education-and-training/fellowship"", ""confidence"": 0.35, ""context_term_count"": 0, ""coverage_status"": ""discovered_no_current_roster"", ""department"": ""Family Medicine"", ""evidence_json"": ""{\""candidate_key\"": \""program_source_candidate_hup-gme-fellowship-addiction-medicine-98c9790536_6fc6b28cab83\"", \""candidate_status\"": \""program_context_candidate\"", \""candidate_title\"": \""Fellowships - Penn Medicine\"", \""candidate_url\"": \""https://www3.pennmedicine.org/departments-and-centers/family-medicine-and-community-health/education-and-training/fellowship\"", \""confidence\"": 0.35, \""content_type\"": \""text/html; charset=utf-8\"", \""context_term_count\"": 0, \""coverage_status\"": \""discovered_no_current_roster\"", \""department\"": \""Family Medicine\"", \""error\"": \""\"", \""fetched_at\"": \""2026-06-02T07:25:16.920050+00:00\"", \""http_status\"": 200, \""official_program_key\"": \""hup_gme_fellowship_addiction-medicine_98c979053614\"", \""priority\"": 40, \""program_name\"": \""Addiction Medicine\"", \""program_type\"": \""fellowship\"", \""reasons\"": [\""official_program_url\""], \""roster_term_count\"": 0, \""sha256\"": \""1c394b07281c25ea131fe259747693c493cf4748b69882589d9326ffdebf9313\"", \""source_role\"": \""official_program_url\"", \""sponsoring_institution\"": \""Hospital of the University of Pennsylvania\"", \""text_length\"": 3560}"", ""http_status"": 200, ""official_program_key"": ""hup_gme_fellowship_addiction-medicine_98c979053614"", ""priority"": 40, ""program_name"": ""Addiction Medicine"", ""program_type"": ""fellowship"", ""reasons_json"": ""[\""official_program_url\""]"", ""roster_term_count"": 0, ""source_role"": ""official_program_url""}}",2026-06-02T07:48:56.885876+00:00
hup_gme_fellowship_transplant-hepatology_f4d7a209f96e,Internal Medicine,fellowship,Transplant Hepatology,discovered_no_current_roster,source_already_loaded_related_program_review,review_program_alias_or_official_denominator_mapping,0.86,3,1,2,0,1,1,0,0,2,1,2,https://www3.pennmedicine.org/departments-and-centers/department-of-medicine/divisions/gastroenterology/education-and-training/fellowship-programs/advanced-gastroenterology-fellows,Advanced Gastroenterology and Hepatology Fellows,roster_source_candidate,115,0.55,"{""classification_rationale"": ""A candidate roster/source URL is already represented by accepted people under a related program label."", ""coverage_discovery_classification"": ""context"", ""coverage_discovery_url"": ""https://www3.pennmedicine.org/departments-and-centers/department-of-medicine/divisions/gastroenterology/education-and-training/fellowship-programs/transplant-hepatology-fellowship"", ""probe_urls"": [{""context_term_count"": 2, ""http_status"": 200, ""requested_url"": ""https://www3.pennmedicine.org/departments-and-centers/department-of-medicine/divisions/gastroenterology/education-and-training/fellowship-programs/transplant-hepatology-fellowship"", ""roster_term_count"": 0, ""text_length"": 10120, ""title"": ""Transplant Hepatology Fellowship - Penn Medicine""}], ""related_loaded_sources"": [{""candidate_status"": ""roster_source_candidate"", ""candidate_url"": ""https://www3.pennmedicine.org/departments-and-centers/department-of-medicine/divisions/gastroenterology/education-and-training/fellowship-programs/advanced-gastroenterology-fellows"", ""person_count"": 2, ""programs"": [""Advanced Gastroenterology and Hepatology Fellowship""], ""roles"": [""fellow""]}], ""top_candidate"": {""candidate_key"": ""program_source_candidate_hup-gme-fellowship-transplant-hepatology-f4d7a20_a299f1c0fbd0"", ""candidate_status"": ""roster_source_candidate"", ""candidate_title"": ""Advanced Gastroenterology and Hepatology Fellows"", ""candidate_url"": ""https://www3.pennmedicine.org/departments-and-centers/department-of-medicine/divisions/gastroenterology/education-and-training/fellowship-programs/advanced-gastroenterology-fellows"", ""confidence"": 0.55, ""context_term_count"": 0, ""coverage_status"": ""discovered_no_current_roster"", ""department"": ""Internal Medicine"", ""evidence_json"": ""{\""candidate_key\"": \""program_source_candidate_hup-gme-fellowship-transplant-hepatology-f4d7a20_a299f1c0fbd0\"", \""candidate_status\"": \""roster_source_candidate\"", \""candidate_title\"": \""Advanced Gastroenterology and Hepatology Fellows\"", \""candidate_url\"": \""https://www3.pennmedicine.org/departments-and-centers/department-of-medicine/divisions/gastroenterology/education-and-training/fellowship-programs/advanced-gastroenterology-fellows\"", \""confidence\"": 0.55, \""content_type\"": \""\"", \""context_term_count\"": 0, \""coverage_status\"": \""discovered_no_current_roster\"", \""department\"": \""Internal Medicine\"", \""error\"": \""\"", \""fetched_at\"": \""2026-06-02T07:25:17.171112+00:00\"", \""http_status\"": \""\"", \""official_program_key\"": \""hup_gme_fellowship_transplant-hepatology_f4d7a209f96e\"", \""priority\"": 115, \""program_name\"": \""Transplant Hepatology\"", \""program_type\"": \""fellowship\"", \""reasons\"": [\""linked_from_gap_page\"", \""roster_language\""], \""roster_term_count\"": 0, \""sha256\"": \""\"", \""source_role\"": \""linked_candidate\"", \""sponsoring_institution\"": \""Hospital of the University of Pennsylvania\"", \""text_length\"": 0}"", ""http_status"": null, ""official_program_key"": ""hup_gme_fellowship_transplant-hepatology_f4d7a209f96e"", ""priority"": 115, ""program_name"": ""Transplant Hepatology"", ""program_type"": ""fellowship"", ""reasons_json"": ""[\""linked_from_gap_page\"", \""roster_language\""]"", ""roster_term_count"": 0, ""source_role"": ""linked_candidate""}}",2026-06-02T07:48:56.885876+00:00
hup_gme_fellowship_soft-tissue-and-bone-selective_5b6c8e2f798f,Pathology and Laboratory Medicine,fellowship,Soft Tissue/Bone (Selective),discovered_no_current_roster,source_already_loaded_related_program_review,review_program_alias_or_official_denominator_mapping,0.86,15,5,9,1,1,1,0,0,3,2,69,https://pathology.med.upenn.edu/department/people/fellows,Fellows,roster_source_candidate,130,0.7,"{""classification_rationale"": ""A candidate roster/source URL is already represented by accepted people under a related program label."", ""coverage_discovery_classification"": ""alumni_or_outcome_candidate"", ""coverage_discovery_url"": ""https://pathology.med.upenn.edu/education/fellowships/programs/soft-tissue-bone"", ""probe_urls"": [{""context_term_count"": 3, ""http_status"": 200, ""requested_url"": ""https://pathology.med.upenn.edu/education/fellowships/programs/soft-tissue-bone"", ""roster_term_count"": 0, ""text_length"": 8625, ""title"": ""Soft Tissue/Bone Pathology Fellowship | University of Pennsylvania | Pathology and Laboratory Medicine""}], ""related_loaded_sources"": [{""candidate_status"": ""roster_source_candidate"", ""candidate_url"": ""https://pathology.med.upenn.edu/department/people/fellows"", ""person_count"": 25, ""programs"": [""Breast Pathology Fellowship"", ""Clinical Chemistry Fellowship"", ""Clinical Microbiology Fellowship"", ""Cytopathology Fellowship"", ""GI/Hepatic Pathology Fellowship"", ""Hematopathology Fellowship"", ""Molecular Genetic Pathology Fellowship"", ""Neuropathology Fellowship"", ""Soft Tissue/Bone Pathology Fellowship"", ""Surgical Pathology Fellowship"", ""Transfusion Medicine/Blood Bank Fellowship""], ""roles"": [""fellow""]}, {""candidate_status"": ""roster_source_candidate"", ""candidate_url"": ""https://pathology.med.upenn.edu/education/residency/residents/current"", ""person_count"": 44, ""programs"": [""Pathology - Anatomic and Clinical Residency""], ""roles"": [""resident""]}], ""top_candidate"": {""candidate_key"": ""program_source_candidate_hup-gme-fellowship-soft-tissue-and-bone-selectiv_4f28f2041cce"", ""candidate_status"": ""roster_source_candidate"", ""candidate_title"": ""Fellows"", ""candidate_url"": ""https://pathology.med.upenn.edu/department/people/fellows"", ""confidence"": 0.7, ""context_term_count"": 0, ""coverage_status"": ""discovered_no_current_roster"", ""department"": ""Pathology and Laboratory Medicine"", ""evidence_json"": ""{\""candidate_key\"": \""program_source_candidate_hup-gme-fellowship-soft-tissue-and-bone-selectiv_4f28f2041cce\"", \""candidate_status\"": \""roster_source_candidate\"", \""candidate_title\"": \""Fellows\"", \""candidate_url\"": \""https://pathology.med.upenn.edu/department/people/fellows\"", \""confidence\"": 0.7, \""content_type\"": \""\"", \""context_term_count\"": 0, \""coverage_status\"": \""discovered_no_current_roster\"", \""department\"": \""Pathology and Laboratory Medicine\"", \""error\"": \""\"", \""fetched_at\"": \""2026-06-02T07:25:17.317001+00:00\"", \""http_status\"": \""\"", \""official_program_key\"": \""hup_gme_fellowship_soft-tissue-and-bone-selective_5b6c8e2f798f\"", \""priority\"": 130, \""program_name\"": \""Soft Tissue/Bone (Selective)\"", \""program_type\"": \""fellowship\"", \""reasons\"": [\""linked_from_gap_page\"", \""roster_language\"", \""program_context_language\""], \""roster_term_count\"": 0, \""sha256\"": \""\"", \""source_role\"": \""linked_candidate\"", \""sponsoring_institution\"": \""Hospital of the University of Pennsylvania\"", \""text_length\"": 0}"", ""http_status"": null, ""official_program_key"": ""hup_gme_fellowship_soft-tissue-and-bone-selective_5b6c8e2f798f"", ""priority"": 130, ""program_name"": ""Soft Tissue/Bone (Selective)"", ""program_type"": ""fellowship"", ""reasons_json"": ""[\""linked_from_gap_page\"", \""roster_language\"", \""program_context_language\""]"", ""roster_term_count"": 0, ""source_role"": ""linked_candidate""}}",2026-06-02T07:48:56.885876+00:00
hup_gme_fellowship_brain-injury-medicine_0f5a49f6e439,Physical Medicine and Rehabilitation,fellowship,Brain Injury Medicine,discovered_no_current_roster,public_program_context_no_current_roster,record_context_source_and_monitor_for_roster_or_alumni_link,0.7,1,0,1,0,1,1,0,0,2,0,0,https://www3.pennmedicine.org/departments-and-centers/physical-medicine-and-rehabilitation/education-and-training/physical-medicine-and-rehabilitation-fellowship-programs/traumatic-brain-injury-fellowship,Traumatic Brain Injury Fellowship - Penn Medicine,program_context_candidate,40,0.35,"{""classification_rationale"": ""Public Penn pages describe the program but current trainee roster structure is not visible in probe evidence."", ""coverage_discovery_classification"": ""program_context"", ""coverage_discovery_url"": ""https://www3.pennmedicine.org/departments-and-centers/physical-medicine-and-rehabilitation/education-and-training/physical-medicine-and-rehabilitation-fellowship-programs/traumatic-brain-injury-fellowship"", ""probe_urls"": [{""context_term_count"": 2, ""http_status"": 200, ""requested_url"": ""https://www3.pennmedicine.org/departments-and-centers/physical-medicine-and-rehabilitation/education-and-training/physical-medicine-and-rehabilitation-fellowship-programs/traumatic-brain-injury-fellowship"", ""roster_term_count"": 0, ""text_length"": 3551, ""title"": ""Traumatic Brain Injury Fellowship - Penn Medicine""}], ""related_loaded_sources"": [], ""top_candidate"": {""candidate_key"": ""program_source_candidate_hup-gme-fellowship-brain-injury-medicine-0f5a49f_18e5a0e1cb16"", ""candidate_status"": ""program_context_candidate"", ""candidate_title"": ""Traumatic Brain Injury Fellowship - Penn Medicine"", ""candidate_url"": ""https://www3.pennmedicine.org/departments-and-centers/physical-medicine-and-rehabilitation/education-and-training/physical-medicine-and-rehabilitation-fellowship-programs/traumatic-brain-injury-fellowship"", ""confidence"": 0.35, ""context_term_count"": 2, ""coverage_status"": ""discovered_no_current_roster"", ""department"": ""Physical Medicine and Rehabilitation"", ""evidence_json"": ""{\""candidate_key\"": \""program_source_candidate_hup-gme-fellowship-brain-injury-medicine-0f5a49f_18e5a0e1cb16\"", \""candidate_status\"": \""program_context_candidate\"", \""candidate_title\"": \""Traumatic Brain Injury Fellowship - Penn Medicine\"", \""candidate_url\"": \""https://www3.pennmedicine.org/departments-and-centers/physical-medicine-and-rehabilitation/education-and-training/physical-medicine-and-rehabilitation-fellowship-programs/traumatic-brain-injury-fellowship\"", \""confidence\"": 0.35, \""content_type\"": \""text/html; charset=utf-8\"", \""context_term_count\"": 2, \""coverage_status\"": \""discovered_no_current_roster\"", \""department\"": \""Physical Medicine and Rehabilitation\"", \""error\"": \""\"", \""fetched_at\"": \""2026-06-02T07:25:17.526044+00:00\"", \""http_status\"": 200, \""official_program_key\"": \""hup_gme_fellowship_brain-injury-medicine_0f5a49f6e439\"", \""priority\"": 40, \""program_name\"": \""Brain Injury Medicine\"", \""program_type\"": \""fellowship\"", \""reasons\"": [\""official_program_url\""], \""roster_term_count\"": 0, \""sha256\"": \""5024f25c9b7f16d2f7c618190abe3d4aaa6c3a3d5f0594cecb851bb299f7eb07\"", \""source_role\"": \""official_program_url\"", \""sponsoring_institution\"": \""Hospital of the University of Pennsylvania\"", \""text_length\"": 3551}"", ""http_status"": 200, ""official_program_key"": ""hup_gme_fellowship_brain-injury-medicine_0f5a49f6e439"", ""priority"": 40, ""program_name"": ""Brain Injury Medicine"", ""program_type"": ""fellowship"", ""reasons_json"": ""[\""official_program_url\""]"", ""roster_term_count"": 0, ""source_role"": ""official_program_url""}}",2026-06-02T07:48:56.885876+00:00
hup_gme_residency_radiology-interventional-independent_951079567585,Radiology,residency,"Radiology - Interventional, Independent",discovered_no_current_roster,source_already_loaded_related_program_review,review_program_alias_or_official_denominator_mapping,0.86,4,3,0,1,1,1,0,2,2,1,19,https://www3.pennmedicine.org/departments-and-centers/department-of-radiology/education-and-training/residency-programs/irdr-interventional-radiology,Interventional Radiology Integrated and Independent Residency,roster_source_candidate,80,0.45,"{""classification_rationale"": ""A candidate roster/source URL is already represented by accepted people under a related program label."", ""coverage_discovery_classification"": ""trainee_roster_candidate"", ""coverage_discovery_url"": ""https://www3.pennmedicine.org/departments-and-centers/department-of-radiology/education-and-training/residency-programs/irdr-interventional-radiology"", ""probe_urls"": [{""context_term_count"": 2, ""http_status"": 200, ""requested_url"": ""https://www3.pennmedicine.org/departments-and-centers/department-of-radiology/education-and-training/residency-programs/irdr-interventional-radiology"", ""roster_term_count"": 2, ""text_length"": 10622, ""title"": ""Interventional Radiology Integrated and Independent Residency""}], ""related_loaded_sources"": [{""candidate_status"": ""roster_source_candidate"", ""candidate_url"": ""https://www3.pennmedicine.org/departments-and-centers/department-of-radiology/education-and-training/residency-programs/current-residents/ir-integrated-residents"", ""person_count"": 19, ""programs"": [""Interventional Radiology Integrated Residency""], ""roles"": [""resident""]}], ""top_candidate"": {""candidate_key"": ""program_source_candidate_hup-gme-residency-radiology-interventional-indep_83cbc71e313f"", ""candidate_status"": ""roster_source_candidate"", ""candidate_title"": ""Interventional Radiology Integrated and Independent Residency"", ""candidate_url"": ""https://www3.pennmedicine.org/departments-and-centers/department-of-radiology/education-and-training/residency-programs/irdr-interventional-radiology"", ""confidence"": 0.45, ""context_term_count"": 2, ""coverage_status"": ""discovered_no_current_roster"", ""department"": ""Radiology"", ""evidence_json"": ""{\""candidate_key\"": \""program_source_candidate_hup-gme-residency-radiology-interventional-indep_83cbc71e313f\"", \""candidate_status\"": \""roster_source_candidate\"", \""candidate_title\"": \""Interventional Radiology Integrated and Independent Residency\"", \""candidate_url\"": \""https://www3.pennmedicine.org/departments-and-centers/department-of-radiology/education-and-training/residency-programs/irdr-interventional-radiology\"", \""confidence\"": 0.45, \""content_type\"": \""text/html; charset=utf-8\"", \""context_term_count\"": 2, \""coverage_status\"": \""discovered_no_current_roster\"", \""department\"": \""Radiology\"", \""error\"": \""\"", \""fetched_at\"": \""2026-06-02T07:25:17.617712+00:00\"", \""http_status\"": 200, \""official_program_key\"": \""hup_gme_residency_radiology-interventional-independent_951079567585\"", \""priority\"": 80, \""program_name\"": \""Radiology - Interventional, Independent\"", \""program_type\"": \""residency\"", \""reasons\"": [\""official_program_url\"", \""page_roster_terms\""], \""roster_term_count\"": 2, \""sha256\"": \""078d00709dff29d82bcd081f24197d5d06266093e655c2776cc92ff7474aba72\"", \""source_role\"": \""official_program_url\"", \""sponsoring_institution\"": \""Hospital of the University of Pennsylvania\"", \""text_length\"": 10622}"", ""http_status"": 200, ""official_program_key"": ""hup_gme_residency_radiology-interventional-independent_951079567585"", ""priority"": 80, ""program_name"": ""Radiology - Interventional, Independent"", ""program_type"": ""residency"", ""reasons_json"": ""[\""official_program_url\"", \""page_roster_terms\""]"", ""roster_term_count"": 2, ""source_role"": ""official_program_url""}}",2026-06-02T07:48:56.885876+00:00
hup_gme_fellowship_plastic-surgery_b33a31a2ab76,Surgery,fellowship,Plastic Surgery,discovered_no_current_roster,source_already_loaded_related_program_review,review_program_alias_or_official_denominator_mapping,0.86,5,2,3,0,1,1,0,2,3,1,22,https://www3.pennmedicine.org/departments-and-centers/department-of-surgery/education-and-training/residencies/plastic-surgery,Plastic Surgery Integrated & Independent Residency - Penn Medicine,roster_source_candidate,80,0.45,"{""classification_rationale"": ""A candidate roster/source URL is already represented by accepted people under a related program label."", ""coverage_discovery_classification"": ""trainee_roster_candidate"", ""coverage_discovery_url"": ""https://www3.pennmedicine.org/departments-and-centers/department-of-surgery/education-and-training/residencies/plastic-surgery"", ""probe_urls"": [{""context_term_count"": 3, ""http_status"": 200, ""requested_url"": ""https://www3.pennmedicine.org/departments-and-centers/department-of-surgery/education-and-training/residencies/plastic-surgery"", ""roster_term_count"": 2, ""text_length"": 5811, ""title"": ""Plastic Surgery Integrated & Independent Residency - Penn Medicine""}], ""related_loaded_sources"": [{""candidate_status"": ""roster_source_candidate"", ""candidate_url"": ""https://www3.pennmedicine.org/departments-and-centers/department-of-surgery/education-and-training/residencies/plastic-surgery/residents"", ""person_count"": 22, ""programs"": [""Plastic Surgery Residency""], ""roles"": [""resident""]}], ""top_candidate"": {""candidate_key"": ""program_source_candidate_hup-gme-fellowship-plastic-surgery-b33a31a2ab76-_582af82a237e"", ""candidate_status"": ""roster_source_candidate"", ""candidate_title"": ""Plastic Surgery Integrated & Independent Residency - Penn Medicine"", ""candidate_url"": ""https://www3.pennmedicine.org/departments-and-centers/department-of-surgery/education-and-training/residencies/plastic-surgery"", ""confidence"": 0.45, ""context_term_count"": 3, ""coverage_status"": ""discovered_no_current_roster"", ""department"": ""Surgery"", ""evidence_json"": ""{\""candidate_key\"": \""program_source_candidate_hup-gme-fellowship-plastic-surgery-b33a31a2ab76-_582af82a237e\"", \""candidate_status\"": \""roster_source_candidate\"", \""candidate_title\"": \""Plastic Surgery Integrated & Independent Residency - Penn Medicine\"", \""candidate_url\"": \""https://www3.pennmedicine.org/departments-and-centers/department-of-surgery/education-and-training/residencies/plastic-surgery\"", \""confidence\"": 0.45, \""content_type\"": \""text/html; charset=utf-8\"", \""context_term_count\"": 3, \""coverage_status\"": \""discovered_no_current_roster\"", \""department\"": \""Surgery\"", \""error\"": \""\"", \""fetched_at\"": \""2026-06-02T07:25:17.746192+00:00\"", \""http_status\"": 200, \""official_program_key\"": \""hup_gme_fellowship_plastic-surgery_b33a31a2ab76\"", \""priority\"": 80, \""program_name\"": \""Plastic Surgery\"", \""program_type\"": \""fellowship\"", \""reasons\"": [\""official_program_url\"", \""page_roster_terms\""], \""roster_term_count\"": 2, \""sha256\"": \""79d4d03103f2adca315ca7d9be120b65366c175ff2e58ceeec71ae892491af3e\"", \""source_role\"": \""official_program_url\"", \""sponsoring_institution\"": \""Hospital of the University of Pennsylvania\"", \""text_length\"": 5811}"", ""http_status"": 200, ""official_program_key"": ""hup_gme_fellowship_plastic-surgery_b33a31a2ab76"", ""priority"": 80, ""program_name"": ""Plastic Surgery"", ""program_type"": ""fellowship"", ""reasons_json"": ""[\""official_program_url\"", \""page_roster_terms\""]"", ""roster_term_count"": 2, ""source_role"": ""official_program_url""}}",2026-06-02T07:48:56.885876+00:00
hup_gme_fellowship_dermatopathology_0b133cf636fb,Dermatology,fellowship,Dermatopathology,not_discovered,official_page_empty_or_low_content,find_alternate_public_source_or_record_no_public_roster,0.78,1,0,1,0,1,1,1,0,0,0,0,https://dermatology.upenn.edu/education/fellowship-training/dermatopathology,,program_context_candidate,50,0.35,"{""classification_rationale"": ""The reachable official/probed page has too little text to support a current roster extraction."", ""coverage_discovery_classification"": """", ""coverage_discovery_url"": """", ""probe_urls"": [{""context_term_count"": 0, ""http_status"": 200, ""requested_url"": ""https://dermatology.upenn.edu/education/fellowship-training/dermatopathology"", ""roster_term_count"": 0, ""text_length"": 83, ""title"": """"}], ""related_loaded_sources"": [], ""top_candidate"": {""candidate_key"": ""program_source_candidate_hup-gme-fellowship-dermatopathology-0b133cf636fb_a1f72e4f2477"", ""candidate_status"": ""program_context_candidate"", ""candidate_title"": """", ""candidate_url"": ""https://dermatology.upenn.edu/education/fellowship-training/dermatopathology"", ""confidence"": 0.35, ""context_term_count"": 0, ""coverage_status"": ""not_discovered"", ""department"": ""Dermatology"", ""evidence_json"": ""{\""candidate_key\"": \""program_source_candidate_hup-gme-fellowship-dermatopathology-0b133cf636fb_a1f72e4f2477\"", \""candidate_status\"": \""program_context_candidate\"", \""candidate_title\"": \""\"", \""candidate_url\"": \""https://dermatology.upenn.edu/education/fellowship-training/dermatopathology\"", \""confidence\"": 0.35, \""content_type\"": \""text/html\"", \""context_term_count\"": 0, \""coverage_status\"": \""not_discovered\"", \""department\"": \""Dermatology\"", \""error\"": \""\"", \""fetched_at\"": \""2026-06-02T07:25:17.891539+00:00\"", \""http_status\"": 200, \""official_program_key\"": \""hup_gme_fellowship_dermatopathology_0b133cf636fb\"", \""priority\"": 50, \""program_name\"": \""Dermatopathology\"", \""program_type\"": \""fellowship\"", \""reasons\"": [\""official_program_url\""], \""roster_term_count\"": 0, \""sha256\"": \""1921fdf8fa97f0c0115265f63522c2dbccd6712eb93d7a41cbe4e608abcf3c9a\"", \""source_role\"": \""official_program_url\"", \""sponsoring_institution\"": \""Hospital of the University of Pennsylvania\"", \""text_length\"": 83}"", ""http_status"": 200, ""official_program_key"": ""hup_gme_fellowship_dermatopathology_0b133cf636fb"", ""priority"": 50, ""program_name"": ""Dermatopathology"", ""program_type"": ""fellowship"", ""reasons_json"": ""[\""official_program_url\""]"", ""roster_term_count"": 0, ""source_role"": ""official_program_url""}}",2026-06-02T07:48:56.885876+00:00
hup_gme_fellowship_micrographic-surgery-and-dermatologic-oncology_c2b7a901e48d,Dermatology,fellowship,Micrographic Surgery and Dermatologic Oncology,not_discovered,official_page_empty_or_low_content,find_alternate_public_source_or_record_no_public_roster,0.78,1,0,1,0,1,1,1,0,0,0,0,https://dermatology.upenn.edu/education/fellowship-training/micrographic-oncology-fellowship,,program_context_candidate,50,0.35,"{""classification_rationale"": ""The reachable official/probed page has too little text to support a current roster extraction."", ""coverage_discovery_classification"": """", ""coverage_discovery_url"": """", ""probe_urls"": [{""context_term_count"": 0, ""http_status"": 200, ""requested_url"": ""https://dermatology.upenn.edu/education/fellowship-training/micrographic-oncology-fellowship"", ""roster_term_count"": 0, ""text_length"": 0, ""title"": """"}], ""related_loaded_sources"": [], ""top_candidate"": {""candidate_key"": ""program_source_candidate_hup-gme-fellowship-micrographic-surgery-and-derm_2c75f78016c2"", ""candidate_status"": ""program_context_candidate"", ""candidate_title"": """", ""candidate_url"": ""https://dermatology.upenn.edu/education/fellowship-training/micrographic-oncology-fellowship"", ""confidence"": 0.35, ""context_term_count"": 0, ""coverage_status"": ""not_discovered"", ""department"": ""Dermatology"", ""evidence_json"": ""{\""candidate_key\"": \""program_source_candidate_hup-gme-fellowship-micrographic-surgery-and-derm_2c75f78016c2\"", \""candidate_status\"": \""program_context_candidate\"", \""candidate_title\"": \""\"", \""candidate_url\"": \""https://dermatology.upenn.edu/education/fellowship-training/micrographic-oncology-fellowship\"", \""confidence\"": 0.35, \""content_type\"": \""text/html\"", \""context_term_count\"": 0, \""coverage_status\"": \""not_discovered\"", \""department\"": \""Dermatology\"", \""error\"": \""\"", \""fetched_at\"": \""2026-06-02T07:25:17.981829+00:00\"", \""http_status\"": 200, \""official_program_key\"": \""hup_gme_fellowship_micrographic-surgery-and-dermatologic-oncology_c2b7a901e48d\"", \""priority\"": 50, \""program_name\"": \""Micrographic Surgery and Dermatologic Oncology\"", \""program_type\"": \""fellowship\"", \""reasons\"": [\""official_program_url\""], \""roster_term_count\"": 0, \""sha256\"": \""d02032286070b4dd9d8fbd985a7bdca8af8edf52b89ff177db3bfcb2c8a9c43d\"", \""source_role\"": \""official_program_url\"", \""sponsoring_institution\"": \""Hospital of the University of Pennsylvania\"", \""text_length\"": 0}"", ""http_status"": 200, ""official_program_key"": ""hup_gme_fellowship_micrographic-surgery-and-dermatologic-oncology_c2b7a901e48d"", ""priority"": 50, ""program_name"": ""Micrographic Surgery and Dermatologic Oncology"", ""program_type"": ""fellowship"", ""reasons_json"": ""[\""official_program_url\""]"", ""roster_term_count"": 0, ""source_role"": ""official_program_url""}}",2026-06-02T07:48:56.885876+00:00
hup_gme_residency_occupational-and-environmental-medicine-preventa_810241037885,Emergency Medicine,residency,Occupational and Environmental Medicine (Preventative Medicine),not_discovered,official_page_empty_or_low_content,find_alternate_public_source_or_record_no_public_roster,0.78,1,0,1,0,1,1,1,0,0,0,0,https://www.pennmedicine.org/departments-and-centers/emergency-medicine/education-and-training/oem-residency-program,,program_context_candidate,50,0.35,"{""classification_rationale"": ""The reachable official/probed page has too little text to support a current roster extraction."", ""coverage_discovery_classification"": """", ""coverage_discovery_url"": """", ""probe_urls"": [{""context_term_count"": 0, ""http_status"": 200, ""requested_url"": ""https://www.med.upenn.edu/oem/residency.shtml"", ""roster_term_count"": 0, ""text_length"": 82, ""title"": """"}], ""related_loaded_sources"": [], ""top_candidate"": {""candidate_key"": ""program_source_candidate_hup-gme-residency-occupational-and-environmental_3515183e06b5"", ""candidate_status"": ""program_context_candidate"", ""candidate_title"": """", ""candidate_url"": ""https://www.pennmedicine.org/departments-and-centers/emergency-medicine/education-and-training/oem-residency-program"", ""confidence"": 0.35, ""context_term_count"": 0, ""coverage_status"": ""not_discovered"", ""department"": ""Emergency Medicine"", ""evidence_json"": ""{\""candidate_key\"": \""program_source_candidate_hup-gme-residency-occupational-and-environmental_3515183e06b5\"", \""candidate_status\"": \""program_context_candidate\"", \""candidate_title\"": \""\"", \""candidate_url\"": \""https://www.pennmedicine.org/departments-and-centers/emergency-medicine/education-and-training/oem-residency-program\"", \""confidence\"": 0.35, \""content_type\"": \""text/html\"", \""context_term_count\"": 0, \""coverage_status\"": \""not_discovered\"", \""department\"": \""Emergency Medicine\"", \""error\"": \""\"", \""fetched_at\"": \""2026-06-02T07:25:18.061018+00:00\"", \""http_status\"": 200, \""official_program_key\"": \""hup_gme_residency_occupational-and-environmental-medicine-preventa_810241037885\"", \""priority\"": 50, \""program_name\"": \""Occupational and Environmental Medicine (Preventative Medicine)\"", \""program_type\"": \""residency\"", \""reasons\"": [\""official_program_url\""], \""roster_term_count\"": 0, \""sha256\"": \""c29e5fa33c0249b6fc6fe4afa87bc94a34dcff87fe5dcf37cd0188c26900c354\"", \""source_role\"": \""official_program_url\"", \""sponsoring_institution\"": \""Hospital of the University of Pennsylvania\"", \""text_length\"": 82}"", ""http_status"": 200, ""official_program_key"": ""hup_gme_residency_occupational-and-environmental-medicine-preventa_810241037885"", ""priority"": 50, ""program_name"": ""Occupational and Environmental Medicine (Preventative Medicine)"", ""program_type"": ""residency"", ""reasons_json"": ""[\""official_program_url\""]"", ""roster_term_count"": 0, ""source_role"": ""official_program_url""}}",2026-06-02T07:48:56.885876+00:00
hup_gme_fellowship_clinical-neurophysiology_809610fb6bad,Neurology,fellowship,Clinical Neurophysiology,not_discovered,public_program_context_no_current_roster,record_context_source_and_monitor_for_roster_or_alumni_link,0.7,1,0,1,0,1,1,0,0,3,0,0,https://neurofellowships.uphs.upenn.edu/p/neurophysiologyepilepsy.html,Epilepsy | Penn Neurology Fellowship Programs,program_context_candidate,50,0.35,"{""classification_rationale"": ""Public Penn pages describe the program but current trainee roster structure is not visible in probe evidence."", ""coverage_discovery_classification"": """", ""coverage_discovery_url"": """", ""probe_urls"": [{""context_term_count"": 3, ""http_status"": 200, ""requested_url"": ""https://neurofellowships.uphs.upenn.edu/p/neurophysiologyepilepsy.html"", ""roster_term_count"": 0, ""text_length"": 8203, ""title"": ""Epilepsy | Penn Neurology Fellowship Programs""}], ""related_loaded_sources"": [], ""top_candidate"": {""candidate_key"": ""program_source_candidate_hup-gme-fellowship-clinical-neurophysiology-8096_7bb4e3c58562"", ""candidate_status"": ""program_context_candidate"", ""candidate_title"": ""Epilepsy | Penn Neurology Fellowship Programs"", ""candidate_url"": ""https://neurofellowships.uphs.upenn.edu/p/neurophysiologyepilepsy.html"", ""confidence"": 0.35, ""context_term_count"": 3, ""coverage_status"": ""not_discovered"", ""department"": ""Neurology"", ""evidence_json"": ""{\""candidate_key\"": \""program_source_candidate_hup-gme-fellowship-clinical-neurophysiology-8096_7bb4e3c58562\"", \""candidate_status\"": \""program_context_candidate\"", \""candidate_title\"": \""Epilepsy | Penn Neurology Fellowship Programs\"", \""candidate_url\"": \""https://neurofellowships.uphs.upenn.edu/p/neurophysiologyepilepsy.html\"", \""confidence\"": 0.35, \""content_type\"": \""text/html; charset=UTF-8\"", \""context_term_count\"": 3, \""coverage_status\"": \""not_discovered\"", \""department\"": \""Neurology\"", \""error\"": \""\"", \""fetched_at\"": \""2026-06-02T07:25:18.277843+00:00\"", \""http_status\"": 200, \""official_program_key\"": \""hup_gme_fellowship_clinical-neurophysiology_809610fb6bad\"", \""priority\"": 50, \""program_name\"": \""Clinical Neurophysiology\"", \""program_type\"": \""fellowship\"", \""reasons\"": [\""official_program_url\""], \""roster_term_count\"": 0, \""sha256\"": \""f9c2ab2929d4c3d1444a0dda12eb1aee79233d8658f354474c725da6053e4e5b\"", \""source_role\"": \""official_program_url\"", \""sponsoring_institution\"": \""Hospital of the University of Pennsylvania\"", \""text_length\"": 8203}"", ""http_status"": 200, ""official_program_key"": ""hup_gme_fellowship_clinical-neurophysiology_809610fb6bad"", ""priority"": 50, ""program_name"": ""Clinical Neurophysiology"", ""program_type"": ""fellowship"", ""reasons_json"": ""[\""official_program_url\""]"", ""roster_term_count"": 0, ""source_role"": ""official_program_url""}}",2026-06-02T07:48:56.885876+00:00
hup_gme_fellowship_epilepsy_27d63d79e62b,Neurology,fellowship,Epilepsy,not_discovered,public_program_context_no_current_roster,record_context_source_and_monitor_for_roster_or_alumni_link,0.7,1,0,1,0,1,1,0,0,3,0,0,https://neurofellowships.uphs.upenn.edu/p/neurophysiologyepilepsy.html,Epilepsy | Penn Neurology Fellowship Programs,program_context_candidate,50,0.35,"{""classification_rationale"": ""Public Penn pages describe the program but current trainee roster structure is not visible in probe evidence."", ""coverage_discovery_classification"": """", ""coverage_discovery_url"": """", ""probe_urls"": [{""context_term_count"": 3, ""http_status"": 200, ""requested_url"": ""https://neurofellowships.uphs.upenn.edu/p/neurophysiologyepilepsy.html"", ""roster_term_count"": 0, ""text_length"": 8203, ""title"": ""Epilepsy | Penn Neurology Fellowship Programs""}], ""related_loaded_sources"": [], ""top_candidate"": {""candidate_key"": ""program_source_candidate_hup-gme-fellowship-epilepsy-27d63d79e62b-https-n_e4e9220127c9"", ""candidate_status"": ""program_context_candidate"", ""candidate_title"": ""Epilepsy | Penn Neurology Fellowship Programs"", ""candidate_url"": ""https://neurofellowships.uphs.upenn.edu/p/neurophysiologyepilepsy.html"", ""confidence"": 0.35, ""context_term_count"": 3, ""coverage_status"": ""not_discovered"", ""department"": ""Neurology"", ""evidence_json"": ""{\""candidate_key\"": \""program_source_candidate_hup-gme-fellowship-epilepsy-27d63d79e62b-https-n_e4e9220127c9\"", \""candidate_status\"": \""program_context_candidate\"", \""candidate_title\"": \""Epilepsy | Penn Neurology Fellowship Programs\"", \""candidate_url\"": \""https://neurofellowships.uphs.upenn.edu/p/neurophysiologyepilepsy.html\"", \""confidence\"": 0.35, \""content_type\"": \""text/html; charset=UTF-8\"", \""context_term_count\"": 3, \""coverage_status\"": \""not_discovered\"", \""department\"": \""Neurology\"", \""error\"": \""\"", \""fetched_at\"": \""2026-06-02T07:25:18.277843+00:00\"", \""http_status\"": 200, \""official_program_key\"": \""hup_gme_fellowship_epilepsy_27d63d79e62b\"", \""priority\"": 50, \""program_name\"": \""Epilepsy\"", \""program_type\"": \""fellowship\"", \""reasons\"": [\""official_program_url\""], \""roster_term_count\"": 0, \""sha256\"": \""f9c2ab2929d4c3d1444a0dda12eb1aee79233d8658f354474c725da6053e4e5b\"", \""source_role\"": \""official_program_url\"", \""sponsoring_institution\"": \""Hospital of the University of Pennsylvania\"", \""text_length\"": 8203}"", ""http_status"": 200, ""official_program_key"": ""hup_gme_fellowship_epilepsy_27d63d79e62b"", ""priority"": 50, ""program_name"": ""Epilepsy"", ""program_type"": ""fellowship"", ""reasons_json"": ""[\""official_program_url\""]"", ""roster_term_count"": 0, ""source_role"": ""official_program_url""}}",2026-06-02T07:48:56.885876+00:00
hup_gme_fellowship_neurocritical-care_19de282b318f,Neurology,fellowship,Neurocritical Care,not_discovered,roster_source_candidate_needs_parser_or_manual_review,inspect_candidate_roster_page_and_add_supported_parser,0.72,1,1,0,0,1,1,0,1,2,0,0,https://neurofellowships.uphs.upenn.edu/p/neurocritical-care_17.html,Neurocritical Care | Penn Neurology Fellowship Programs,roster_source_candidate,90,0.45,"{""classification_rationale"": ""A candidate URL has roster-like language but no accepted current roster people for this official program."", ""coverage_discovery_classification"": """", ""coverage_discovery_url"": """", ""probe_urls"": [{""context_term_count"": 2, ""http_status"": 200, ""requested_url"": ""https://neurofellowships.uphs.upenn.edu/p/neurocritical-care_17.html"", ""roster_term_count"": 1, ""text_length"": 5499, ""title"": ""Neurocritical Care | Penn Neurology Fellowship Programs""}], ""related_loaded_sources"": [], ""top_candidate"": {""candidate_key"": ""program_source_candidate_hup-gme-fellowship-neurocritical-care-19de282b31_0dab09c370ab"", ""candidate_status"": ""roster_source_candidate"", ""candidate_title"": ""Neurocritical Care | Penn Neurology Fellowship Programs"", ""candidate_url"": ""https://neurofellowships.uphs.upenn.edu/p/neurocritical-care_17.html"", ""confidence"": 0.45, ""context_term_count"": 2, ""coverage_status"": ""not_discovered"", ""department"": ""Neurology"", ""evidence_json"": ""{\""candidate_key\"": \""program_source_candidate_hup-gme-fellowship-neurocritical-care-19de282b31_0dab09c370ab\"", \""candidate_status\"": \""roster_source_candidate\"", \""candidate_title\"": \""Neurocritical Care | Penn Neurology Fellowship Programs\"", \""candidate_url\"": \""https://neurofellowships.uphs.upenn.edu/p/neurocritical-care_17.html\"", \""confidence\"": 0.45, \""content_type\"": \""text/html; charset=UTF-8\"", \""context_term_count\"": 2, \""coverage_status\"": \""not_discovered\"", \""department\"": \""Neurology\"", \""error\"": \""\"", \""fetched_at\"": \""2026-06-02T07:25:18.526016+00:00\"", \""http_status\"": 200, \""official_program_key\"": \""hup_gme_fellowship_neurocritical-care_19de282b318f\"", \""priority\"": 90, \""program_name\"": \""Neurocritical Care\"", \""program_type\"": \""fellowship\"", \""reasons\"": [\""official_program_url\"", \""page_roster_terms\""], \""roster_term_count\"": 1, \""sha256\"": \""7528a1f38b735a931af1d8271f9803a1acdbd9928d5c240615e9bc4ff20a3608\"", \""source_role\"": \""official_program_url\"", \""sponsoring_institution\"": \""Hospital of the University of Pennsylvania\"", \""text_length\"": 5499}"", ""http_status"": 200, ""official_program_key"": ""hup_gme_fellowship_neurocritical-care_19de282b318f"", ""priority"": 90, ""program_name"": ""Neurocritical Care"", ""program_type"": ""fellowship"", ""reasons_json"": ""[\""official_program_url\"", \""page_roster_terms\""]"", ""roster_term_count"": 1, ""source_role"": ""official_program_url""}}",2026-06-02T07:48:56.885876+00:00
hup_gme_fellowship_neuromuscular-medicine_c7eb4bea296a,Neurology,fellowship,Neuromuscular Medicine,not_discovered,public_program_context_no_current_roster,record_context_source_and_monitor_for_roster_or_alumni_link,0.7,1,0,1,0,1,1,0,0,2,0,0,https://neurofellowships.uphs.upenn.edu/p/neuromuscular.html,Neuromuscular Medicine | Penn Neurology Fellowship Programs,program_context_candidate,50,0.35,"{""classification_rationale"": ""Public Penn pages describe the program but current trainee roster structure is not visible in probe evidence."", ""coverage_discovery_classification"": """", ""coverage_discovery_url"": """", ""probe_urls"": [{""context_term_count"": 2, ""http_status"": 200, ""requested_url"": ""https://neurofellowships.uphs.upenn.edu/p/neuromuscular.html"", ""roster_term_count"": 0, ""text_length"": 5579, ""title"": ""Neuromuscular Medicine | Penn Neurology Fellowship Programs""}], ""related_loaded_sources"": [], ""top_candidate"": {""candidate_key"": ""program_source_candidate_hup-gme-fellowship-neuromuscular-medicine-c7eb4b_4fbc7ea6492c"", ""candidate_status"": ""program_context_candidate"", ""candidate_title"": ""Neuromuscular Medicine | Penn Neurology Fellowship Programs"", ""candidate_url"": ""https://neurofellowships.uphs.upenn.edu/p/neuromuscular.html"", ""confidence"": 0.35, ""context_term_count"": 2, ""coverage_status"": ""not_discovered"", ""department"": ""Neurology"", ""evidence_json"": ""{\""candidate_key\"": \""program_source_candidate_hup-gme-fellowship-neuromuscular-medicine-c7eb4b_4fbc7ea6492c\"", \""candidate_status\"": \""program_context_candidate\"", \""candidate_title\"": \""Neuromuscular Medicine | Penn Neurology Fellowship Programs\"", \""candidate_url\"": \""https://neurofellowships.uphs.upenn.edu/p/neuromuscular.html\"", \""confidence\"": 0.35, \""content_type\"": \""text/html; charset=UTF-8\"", \""context_term_count\"": 2, \""coverage_status\"": \""not_discovered\"", \""department\"": \""Neurology\"", \""error\"": \""\"", \""fetched_at\"": \""2026-06-02T07:25:18.661877+00:00\"", \""http_status\"": 200, \""official_program_key\"": \""hup_gme_fellowship_neuromuscular-medicine_c7eb4bea296a\"", \""priority\"": 50, \""program_name\"": \""Neuromuscular Medicine\"", \""program_type\"": \""fellowship\"", \""reasons\"": [\""official_program_url\""], \""roster_term_count\"": 0, \""sha256\"": \""6361160d7517ebfea2427e769d28ec18b4e7ccf8cd6399fcfe1480fa4c25b680\"", \""source_role\"": \""official_program_url\"", \""sponsoring_institution\"": \""Hospital of the University of Pennsylvania\"", \""text_length\"": 5579}"", ""http_status"": 200, ""official_program_key"": ""hup_gme_fellowship_neuromuscular-medicine_c7eb4bea296a"", ""priority"": 50, ""program_name"": ""Neuromuscular Medicine"", ""program_type"": ""fellowship"", ""reasons_json"": ""[\""official_program_url\""]"", ""roster_term_count"": 0, ""source_role"": ""official_program_url""}}",2026-06-02T07:48:56.885876+00:00
hup_gme_fellowship_vascular-neurology_9ffa1cb417d9,Neurology,fellowship,Vascular Neurology,not_discovered,public_program_context_no_current_roster,record_context_source_and_monitor_for_roster_or_alumni_link,0.7,1,0,1,0,1,1,0,0,4,0,0,https://neurofellowships.uphs.upenn.edu/p/neurovascular.html,Vascular Neurology | Penn Neurology Fellowship Programs,program_context_candidate,50,0.35,"{""classification_rationale"": ""Public Penn pages describe the program but current trainee roster structure is not visible in probe evidence."", ""coverage_discovery_classification"": """", ""coverage_discovery_url"": """", ""probe_urls"": [{""context_term_count"": 4, ""http_status"": 200, ""requested_url"": ""https://neurofellowships.uphs.upenn.edu/p/neurovascular.html"", ""roster_term_count"": 0, ""text_length"": 6822, ""title"": ""Vascular Neurology | Penn Neurology Fellowship Programs""}], ""related_loaded_sources"": [], ""top_candidate"": {""candidate_key"": ""program_source_candidate_hup-gme-fellowship-vascular-neurology-9ffa1cb417_64f6a2523740"", ""candidate_status"": ""program_context_candidate"", ""candidate_title"": ""Vascular Neurology | Penn Neurology Fellowship Programs"", ""candidate_url"": ""https://neurofellowships.uphs.upenn.edu/p/neurovascular.html"", ""confidence"": 0.35, ""context_term_count"": 4, ""coverage_status"": ""not_discovered"", ""department"": ""Neurology"", ""evidence_json"": ""{\""candidate_key\"": \""program_source_candidate_hup-gme-fellowship-vascular-neurology-9ffa1cb417_64f6a2523740\"", \""candidate_status\"": \""program_context_candidate\"", \""candidate_title\"": \""Vascular Neurology | Penn Neurology Fellowship Programs\"", \""candidate_url\"": \""https://neurofellowships.uphs.upenn.edu/p/neurovascular.html\"", \""confidence\"": 0.35, \""content_type\"": \""text/html; charset=UTF-8\"", \""context_term_count\"": 4, \""coverage_status\"": \""not_discovered\"", \""department\"": \""Neurology\"", \""error\"": \""\"", \""fetched_at\"": \""2026-06-02T07:25:18.787562+00:00\"", \""http_status\"": 200, \""official_program_key\"": \""hup_gme_fellowship_vascular-neurology_9ffa1cb417d9\"", \""priority\"": 50, \""program_name\"": \""Vascular Neurology\"", \""program_type\"": \""fellowship\"", \""reasons\"": [\""official_program_url\""], \""roster_term_count\"": 0, \""sha256\"": \""2a84eaf564e45a123cd42868b1fbd520be2d88a66c01856728150891ca80e8d8\"", \""source_role\"": \""official_program_url\"", \""sponsoring_institution\"": \""Hospital of the University of Pennsylvania\"", \""text_length\"": 6822}"", ""http_status"": 200, ""official_program_key"": ""hup_gme_fellowship_vascular-neurology_9ffa1cb417d9"", ""priority"": 50, ""program_name"": ""Vascular Neurology"", ""program_type"": ""fellowship"", ""reasons_json"": ""[\""official_program_url\""]"", ""roster_term_count"": 0, ""source_role"": ""official_program_url""}}",2026-06-02T07:48:56.885876+00:00
hup_gme_fellowship_complex-family-planning_27618361aaf7,Obstetrics and Gynecology,fellowship,Complex Family Planning,not_discovered,public_program_context_no_current_roster,record_context_source_and_monitor_for_roster_or_alumni_link,0.7,1,0,1,0,1,1,0,0,2,0,0,https://www3.pennmedicine.org/departments-and-centers/obstetrics-and-gynecology/education-and-training/fellowship-programs/family-planning,Complex Family Planning - Penn Medicine,program_context_candidate,50,0.35,"{""classification_rationale"": ""Public Penn pages describe the program but current trainee roster structure is not visible in probe evidence."", ""coverage_discovery_classification"": """", ""coverage_discovery_url"": """", ""probe_urls"": [{""context_term_count"": 2, ""http_status"": 200, ""requested_url"": ""https://www3.pennmedicine.org/departments-and-centers/obstetrics-and-gynecology/education-and-training/fellowship-programs/family-planning"", ""roster_term_count"": 0, ""text_length"": 4910, ""title"": ""Complex Family Planning - Penn Medicine""}], ""related_loaded_sources"": [], ""top_candidate"": {""candidate_key"": ""program_source_candidate_hup-gme-fellowship-complex-family-planning-27618_50aba3e58668"", ""candidate_status"": ""program_context_candidate"", ""candidate_title"": ""Complex Family Planning - Penn Medicine"", ""candidate_url"": ""https://www3.pennmedicine.org/departments-and-centers/obstetrics-and-gynecology/education-and-training/fellowship-programs/family-planning"", ""confidence"": 0.35, ""context_term_count"": 2, ""coverage_status"": ""not_discovered"", ""department"": ""Obstetrics and Gynecology"", ""evidence_json"": ""{\""candidate_key\"": \""program_source_candidate_hup-gme-fellowship-complex-family-planning-27618_50aba3e58668\"", \""candidate_status\"": \""program_context_candidate\"", \""candidate_title\"": \""Complex Family Planning - Penn Medicine\"", \""candidate_url\"": \""https://www3.pennmedicine.org/departments-and-centers/obstetrics-and-gynecology/education-and-training/fellowship-programs/family-planning\"", \""confidence\"": 0.35, \""content_type\"": \""text/html; charset=utf-8\"", \""context_term_count\"": 2, \""coverage_status\"": \""not_discovered\"", \""department\"": \""Obstetrics and Gynecology\"", \""error\"": \""\"", \""fetched_at\"": \""2026-06-02T07:25:18.914886+00:00\"", \""http_status\"": 200, \""official_program_key\"": \""hup_gme_fellowship_complex-family-planning_27618361aaf7\"", \""priority\"": 50, \""program_name\"": \""Complex Family Planning\"", \""program_type\"": \""fellowship\"", \""reasons\"": [\""official_program_url\""], \""roster_term_count\"": 0, \""sha256\"": \""e51f7075936c8127799263fdc29e9dd30ab69dbcde25a481c763e4b9ea810688\"", \""source_role\"": \""official_program_url\"", \""sponsoring_institution\"": \""Hospital of the University of Pennsylvania\"", \""text_length\"": 4910}"", ""http_status"": 200, ""official_program_key"": ""hup_gme_fellowship_complex-family-planning_27618361aaf7"", ""priority"": 50, ""program_name"": ""Complex Family Planning"", ""program_type"": ""fellowship"", ""reasons_json"": ""[\""official_program_url\""]"", ""roster_term_count"": 0, ""source_role"": ""official_program_url""}}",2026-06-02T07:48:56.885876+00:00
hup_gme_residency_oral-and-maxillofacial-surgery_7c60f778bc7c,Oral and Maxillofacial Surgery,residency,Oral and Maxillofacial Surgery,not_discovered,public_program_context_no_current_roster,record_context_source_and_monitor_for_roster_or_alumni_link,0.7,4,0,2,2,1,1,0,0,2,0,0,https://www.dental.upenn.edu/admissions-academics/graduate-dental-education-programs/oral-maxillofacial-surgery-residency-m-d/,Oral Maxillofacial Surgery Residency/M.D. - Penn Dental Medicine,low_value_candidate,35,0.2,"{""classification_rationale"": ""Public Penn pages describe the program but current trainee roster structure is not visible in probe evidence."", ""coverage_discovery_classification"": """", ""coverage_discovery_url"": """", ""probe_urls"": [{""context_term_count"": 2, ""http_status"": 200, ""requested_url"": ""https://www.dental.upenn.edu/admissions-academics/graduate-dental-education-programs/oral-maxillofacial-surgery-residency-m-d"", ""roster_term_count"": 0, ""text_length"": 14780, ""title"": ""Oral Maxillofacial Surgery Residency/M.D. - Penn Dental Medicine""}], ""related_loaded_sources"": [], ""top_candidate"": {""candidate_key"": ""program_source_candidate_hup-gme-residency-oral-and-maxillofacial-surgery_b2e817a6b2b2"", ""candidate_status"": ""low_value_candidate"", ""candidate_title"": ""Oral Maxillofacial Surgery Residency/M.D. - Penn Dental Medicine"", ""candidate_url"": ""https://www.dental.upenn.edu/admissions-academics/graduate-dental-education-programs/oral-maxillofacial-surgery-residency-m-d/"", ""confidence"": 0.2, ""context_term_count"": 2, ""coverage_status"": ""not_discovered"", ""department"": ""Oral and Maxillofacial Surgery"", ""evidence_json"": ""{\""candidate_key\"": \""program_source_candidate_hup-gme-residency-oral-and-maxillofacial-surgery_b2e817a6b2b2\"", \""candidate_status\"": \""low_value_candidate\"", \""candidate_title\"": \""Oral Maxillofacial Surgery Residency/M.D. - Penn Dental Medicine\"", \""candidate_url\"": \""https://www.dental.upenn.edu/admissions-academics/graduate-dental-education-programs/oral-maxillofacial-surgery-residency-m-d/\"", \""confidence\"": 0.2, \""content_type\"": \""text/html; charset=UTF-8\"", \""context_term_count\"": 2, \""coverage_status\"": \""not_discovered\"", \""department\"": \""Oral and Maxillofacial Surgery\"", \""error\"": \""\"", \""fetched_at\"": \""2026-06-02T07:25:19.021498+00:00\"", \""http_status\"": 200, \""official_program_key\"": \""hup_gme_residency_oral-and-maxillofacial-surgery_7c60f778bc7c\"", \""priority\"": 35, \""program_name\"": \""Oral and Maxillofacial Surgery\"", \""program_type\"": \""residency\"", \""reasons\"": [\""official_program_url\"", \""non_roster_language\""], \""roster_term_count\"": 0, \""sha256\"": \""51066ed4bcafe38c9655a834c8a56ffb37fcd196a8a6ed72d3695cfff5c702de\"", \""source_role\"": \""official_program_url\"", \""sponsoring_institution\"": \""Hospital of the University of Pennsylvania\"", \""text_length\"": 14780}"", ""http_status"": 200, ""official_program_key"": ""hup_gme_residency_oral-and-maxillofacial-surgery_7c60f778bc7c"", ""priority"": 35, ""program_name"": ""Oral and Maxillofacial Surgery"", ""program_type"": ""residency"", ""reasons_json"": ""[\""official_program_url\"", \""non_roster_language\""]"", ""roster_term_count"": 0, ""source_role"": ""official_program_url""}}",2026-06-02T07:48:56.885876+00:00
hup_gme_fellowship_addiction-psychiatry_1e5ea7fd48a3,Psychiatry,fellowship,Addiction Psychiatry,not_discovered,public_program_context_no_current_roster,record_context_source_and_monitor_for_roster_or_alumni_link,0.7,1,0,1,0,1,1,0,0,1,0,0,https://www.med.upenn.edu/psychiatry/formalfellowships.html,Formal Training Programs Opportunities | Penn Psychiatry | Perelman School of Medicine at the University of Pennsylvania,program_context_candidate,50,0.35,"{""classification_rationale"": ""Public Penn pages describe the program but current trainee roster structure is not visible in probe evidence."", ""coverage_discovery_classification"": """", ""coverage_discovery_url"": """", ""probe_urls"": [{""context_term_count"": 1, ""http_status"": 200, ""requested_url"": ""https://www.med.upenn.edu/psychiatry/formalfellowships.html"", ""roster_term_count"": 0, ""text_length"": 12770, ""title"": ""Formal Training Programs Opportunities | Penn Psychiatry | Perelman School of Medicine at the University of Pennsylvania""}], ""related_loaded_sources"": [], ""top_candidate"": {""candidate_key"": ""program_source_candidate_hup-gme-fellowship-addiction-psychiatry-1e5ea7fd_c1b188cf9bc1"", ""candidate_status"": ""program_context_candidate"", ""candidate_title"": ""Formal Training Programs Opportunities | Penn Psychiatry | Perelman School of Medicine at the University of Pennsylvania"", ""candidate_url"": ""https://www.med.upenn.edu/psychiatry/formalfellowships.html"", ""confidence"": 0.35, ""context_term_count"": 1, ""coverage_status"": ""not_discovered"", ""department"": ""Psychiatry"", ""evidence_json"": ""{\""candidate_key\"": \""program_source_candidate_hup-gme-fellowship-addiction-psychiatry-1e5ea7fd_c1b188cf9bc1\"", \""candidate_status\"": \""program_context_candidate\"", \""candidate_title\"": \""Formal Training Programs Opportunities | Penn Psychiatry | Perelman School of Medicine at the University of Pennsylvania\"", \""candidate_url\"": \""https://www.med.upenn.edu/psychiatry/formalfellowships.html\"", \""confidence\"": 0.35, \""content_type\"": \""text/html; charset=UTF-8\"", \""context_term_count\"": 1, \""coverage_status\"": \""not_discovered\"", \""department\"": \""Psychiatry\"", \""error\"": \""\"", \""fetched_at\"": \""2026-06-02T07:25:19.176711+00:00\"", \""http_status\"": 200, \""official_program_key\"": \""hup_gme_fellowship_addiction-psychiatry_1e5ea7fd48a3\"", \""priority\"": 50, \""program_name\"": \""Addiction Psychiatry\"", \""program_type\"": \""fellowship\"", \""reasons\"": [\""official_program_url\""], \""roster_term_count\"": 0, \""sha256\"": \""7af0540bb45f7f64404f2c001ba28beec11a23da10674bc40687753275b320db\"", \""source_role\"": \""official_program_url\"", \""sponsoring_institution\"": \""Hospital of the University of Pennsylvania\"", \""text_length\"": 12770}"", ""http_status"": 200, ""official_program_key"": ""hup_gme_fellowship_addiction-psychiatry_1e5ea7fd48a3"", ""priority"": 50, ""program_name"": ""Addiction Psychiatry"", ""program_type"": ""fellowship"", ""reasons_json"": ""[\""official_program_url\""]"", ""roster_term_count"": 0, ""source_role"": ""official_program_url""}}",2026-06-02T07:48:56.885876+00:00
hup_gme_fellowship_consultation-and-liaison-psychiatry_e4dd2861f297,Psychiatry,fellowship,Consultation and Liaison Psychiatry,not_discovered,public_program_context_no_current_roster,record_context_source_and_monitor_for_roster_or_alumni_link,0.7,1,0,1,0,1,1,0,0,1,0,0,https://www.med.upenn.edu/psychiatry/formalfellowships.html,Formal Training Programs Opportunities | Penn Psychiatry | Perelman School of Medicine at the University of Pennsylvania,program_context_candidate,50,0.35,"{""classification_rationale"": ""Public Penn pages describe the program but current trainee roster structure is not visible in probe evidence."", ""coverage_discovery_classification"": """", ""coverage_discovery_url"": """", ""probe_urls"": [{""context_term_count"": 1, ""http_status"": 200, ""requested_url"": ""https://www.med.upenn.edu/psychiatry/formalfellowships.html"", ""roster_term_count"": 0, ""text_length"": 12770, ""title"": ""Formal Training Programs Opportunities | Penn Psychiatry | Perelman School of Medicine at the University of Pennsylvania""}], ""related_loaded_sources"": [], ""top_candidate"": {""candidate_key"": ""program_source_candidate_hup-gme-fellowship-consultation-and-liaison-psyc_b290032d61ae"", ""candidate_status"": ""program_context_candidate"", ""candidate_title"": ""Formal Training Programs Opportunities | Penn Psychiatry | Perelman School of Medicine at the University of Pennsylvania"", ""candidate_url"": ""https://www.med.upenn.edu/psychiatry/formalfellowships.html"", ""confidence"": 0.35, ""context_term_count"": 1, ""coverage_status"": ""not_discovered"", ""department"": ""Psychiatry"", ""evidence_json"": ""{\""candidate_key\"": \""program_source_candidate_hup-gme-fellowship-consultation-and-liaison-psyc_b290032d61ae\"", \""candidate_status\"": \""program_context_candidate\"", \""candidate_title\"": \""Formal Training Programs Opportunities | Penn Psychiatry | Perelman School of Medicine at the University of Pennsylvania\"", \""candidate_url\"": \""https://www.med.upenn.edu/psychiatry/formalfellowships.html\"", \""confidence\"": 0.35, \""content_type\"": \""text/html; charset=UTF-8\"", \""context_term_count\"": 1, \""coverage_status\"": \""not_discovered\"", \""department\"": \""Psychiatry\"", \""error\"": \""\"", \""fetched_at\"": \""2026-06-02T07:25:19.176711+00:00\"", \""http_status\"": 200, \""official_program_key\"": \""hup_gme_fellowship_consultation-and-liaison-psychiatry_e4dd2861f297\"", \""priority\"": 50, \""program_name\"": \""Consultation and Liaison Psychiatry\"", \""program_type\"": \""fellowship\"", \""reasons\"": [\""official_program_url\""], \""roster_term_count\"": 0, \""sha256\"": \""7af0540bb45f7f64404f2c001ba28beec11a23da10674bc40687753275b320db\"", \""source_role\"": \""official_program_url\"", \""sponsoring_institution\"": \""Hospital of the University of Pennsylvania\"", \""text_length\"": 12770}"", ""http_status"": 200, ""official_program_key"": ""hup_gme_fellowship_consultation-and-liaison-psychiatry_e4dd2861f297"", ""priority"": 50, ""program_name"": ""Consultation and Liaison Psychiatry"", ""program_type"": ""fellowship"", ""reasons_json"": ""[\""official_program_url\""]"", ""roster_term_count"": 0, ""source_role"": ""official_program_url""}}",2026-06-02T07:48:56.885876+00:00
hup_gme_fellowship_forensic-psychiatry_961ea9b84b8c,Psychiatry,fellowship,Forensic Psychiatry,not_discovered,public_program_context_no_current_roster,record_context_source_and_monitor_for_roster_or_alumni_link,0.7,1,0,1,0,1,1,0,0,1,0,0,https://www.med.upenn.edu/psychiatry/formalfellowships.html,Formal Training Programs Opportunities | Penn Psychiatry | Perelman School of Medicine at the University of Pennsylvania,program_context_candidate,50,0.35,"{""classification_rationale"": ""Public Penn pages describe the program but current trainee roster structure is not visible in probe evidence."", ""coverage_discovery_classification"": """", ""coverage_discovery_url"": """", ""probe_urls"": [{""context_term_count"": 1, ""http_status"": 200, ""requested_url"": ""https://www.med.upenn.edu/psychiatry/formalfellowships.html"", ""roster_term_count"": 0, ""text_length"": 12770, ""title"": ""Formal Training Programs Opportunities | Penn Psychiatry | Perelman School of Medicine at the University of Pennsylvania""}], ""related_loaded_sources"": [], ""top_candidate"": {""candidate_key"": ""program_source_candidate_hup-gme-fellowship-forensic-psychiatry-961ea9b84_97d58a30b10c"", ""candidate_status"": ""program_context_candidate"", ""candidate_title"": ""Formal Training Programs Opportunities | Penn Psychiatry | Perelman School of Medicine at the University of Pennsylvania"", ""candidate_url"": ""https://www.med.upenn.edu/psychiatry/formalfellowships.html"", ""confidence"": 0.35, ""context_term_count"": 1, ""coverage_status"": ""not_discovered"", ""department"": ""Psychiatry"", ""evidence_json"": ""{\""candidate_key\"": \""program_source_candidate_hup-gme-fellowship-forensic-psychiatry-961ea9b84_97d58a30b10c\"", \""candidate_status\"": \""program_context_candidate\"", \""candidate_title\"": \""Formal Training Programs Opportunities | Penn Psychiatry | Perelman School of Medicine at the University of Pennsylvania\"", \""candidate_url\"": \""https://www.med.upenn.edu/psychiatry/formalfellowships.html\"", \""confidence\"": 0.35, \""content_type\"": \""text/html; charset=UTF-8\"", \""context_term_count\"": 1, \""coverage_status\"": \""not_discovered\"", \""department\"": \""Psychiatry\"", \""error\"": \""\"", \""fetched_at\"": \""2026-06-02T07:25:19.176711+00:00\"", \""http_status\"": 200, \""official_program_key\"": \""hup_gme_fellowship_forensic-psychiatry_961ea9b84b8c\"", \""priority\"": 50, \""program_name\"": \""Forensic Psychiatry\"", \""program_type\"": \""fellowship\"", \""reasons\"": [\""official_program_url\""], \""roster_term_count\"": 0, \""sha256\"": \""7af0540bb45f7f64404f2c001ba28beec11a23da10674bc40687753275b320db\"", \""source_role\"": \""official_program_url\"", \""sponsoring_institution\"": \""Hospital of the University of Pennsylvania\"", \""text_length\"": 12770}"", ""http_status"": 200, ""official_program_key"": ""hup_gme_fellowship_forensic-psychiatry_961ea9b84b8c"", ""priority"": 50, ""program_name"": ""Forensic Psychiatry"", ""program_type"": ""fellowship"", ""reasons_json"": ""[\""official_program_url\""]"", ""roster_term_count"": 0, ""source_role"": ""official_program_url""}}",2026-06-02T07:48:56.885876+00:00
hup_gme_fellowship_geriatric-psychiatry_03060138c863,Psychiatry,fellowship,Geriatric Psychiatry,not_discovered,public_program_context_no_current_roster,record_context_source_and_monitor_for_roster_or_alumni_link,0.7,1,0,1,0,1,1,0,0,1,0,0,https://www.med.upenn.edu/psychiatry/formalfellowships.html,Formal Training Programs Opportunities | Penn Psychiatry | Perelman School of Medicine at the University of Pennsylvania,program_context_candidate,50,0.35,"{""classification_rationale"": ""Public Penn pages describe the program but current trainee roster structure is not visible in probe evidence."", ""coverage_discovery_classification"": """", ""coverage_discovery_url"": """", ""probe_urls"": [{""context_term_count"": 1, ""http_status"": 200, ""requested_url"": ""https://www.med.upenn.edu/psychiatry/formalfellowships.html"", ""roster_term_count"": 0, ""text_length"": 12770, ""title"": ""Formal Training Programs Opportunities | Penn Psychiatry | Perelman School of Medicine at the University of Pennsylvania""}], ""related_loaded_sources"": [], ""top_candidate"": {""candidate_key"": ""program_source_candidate_hup-gme-fellowship-geriatric-psychiatry-03060138_a48c68dfef33"", ""candidate_status"": ""program_context_candidate"", ""candidate_title"": ""Formal Training Programs Opportunities | Penn Psychiatry | Perelman School of Medicine at the University of Pennsylvania"", ""candidate_url"": ""https://www.med.upenn.edu/psychiatry/formalfellowships.html"", ""confidence"": 0.35, ""context_term_count"": 1, ""coverage_status"": ""not_discovered"", ""department"": ""Psychiatry"", ""evidence_json"": ""{\""candidate_key\"": \""program_source_candidate_hup-gme-fellowship-geriatric-psychiatry-03060138_a48c68dfef33\"", \""candidate_status\"": \""program_context_candidate\"", \""candidate_title\"": \""Formal Training Programs Opportunities | Penn Psychiatry | Perelman School of Medicine at the University of Pennsylvania\"", \""candidate_url\"": \""https://www.med.upenn.edu/psychiatry/formalfellowships.html\"", \""confidence\"": 0.35, \""content_type\"": \""text/html; charset=UTF-8\"", \""context_term_count\"": 1, \""coverage_status\"": \""not_discovered\"", \""department\"": \""Psychiatry\"", \""error\"": \""\"", \""fetched_at\"": \""2026-06-02T07:25:19.176711+00:00\"", \""http_status\"": 200, \""official_program_key\"": \""hup_gme_fellowship_geriatric-psychiatry_03060138c863\"", \""priority\"": 50, \""program_name\"": \""Geriatric Psychiatry\"", \""program_type\"": \""fellowship\"", \""reasons\"": [\""official_program_url\""], \""roster_term_count\"": 0, \""sha256\"": \""7af0540bb45f7f64404f2c001ba28beec11a23da10674bc40687753275b320db\"", \""source_role\"": \""official_program_url\"", \""sponsoring_institution\"": \""Hospital of the University of Pennsylvania\"", \""text_length\"": 12770}"", ""http_status"": 200, ""official_program_key"": ""hup_gme_fellowship_geriatric-psychiatry_03060138c863"", ""priority"": 50, ""program_name"": ""Geriatric Psychiatry"", ""program_type"": ""fellowship"", ""reasons_json"": ""[\""official_program_url\""]"", ""roster_term_count"": 0, ""source_role"": ""official_program_url""}}",2026-06-02T07:48:56.885876+00:00
hup_gme_residency_psychiatry_90edd37f0063,Psychiatry,residency,Psychiatry,not_discovered,public_program_context_no_current_roster,record_context_source_and_monitor_for_roster_or_alumni_link,0.7,1,0,1,0,1,1,0,0,0,0,0,https://www.med.upenn.edu/psychiatry/psychres.html,Residency Training | Penn Psychiatry | Perelman School of Medicine at the University of Pennsylvania,program_context_candidate,50,0.35,"{""classification_rationale"": ""Public Penn pages describe the program but current trainee roster structure is not visible in probe evidence."", ""coverage_discovery_classification"": """", ""coverage_discovery_url"": """", ""probe_urls"": [{""context_term_count"": 0, ""http_status"": 200, ""requested_url"": ""https://www.med.upenn.edu/psychiatry/psychres.html"", ""roster_term_count"": 0, ""text_length"": 5831, ""title"": ""Residency Training | Penn Psychiatry | Perelman School of Medicine at the University of Pennsylvania""}], ""related_loaded_sources"": [], ""top_candidate"": {""candidate_key"": ""program_source_candidate_hup-gme-residency-psychiatry-90edd37f0063-https-_165ba9ce02dc"", ""candidate_status"": ""program_context_candidate"", ""candidate_title"": ""Residency Training | Penn Psychiatry | Perelman School of Medicine at the University of Pennsylvania"", ""candidate_url"": ""https://www.med.upenn.edu/psychiatry/psychres.html"", ""confidence"": 0.35, ""context_term_count"": 0, ""coverage_status"": ""not_discovered"", ""department"": ""Psychiatry"", ""evidence_json"": ""{\""candidate_key\"": \""program_source_candidate_hup-gme-residency-psychiatry-90edd37f0063-https-_165ba9ce02dc\"", \""candidate_status\"": \""program_context_candidate\"", \""candidate_title\"": \""Residency Training | Penn Psychiatry | Perelman School of Medicine at the University of Pennsylvania\"", \""candidate_url\"": \""https://www.med.upenn.edu/psychiatry/psychres.html\"", \""confidence\"": 0.35, \""content_type\"": \""text/html; charset=UTF-8\"", \""context_term_count\"": 0, \""coverage_status\"": \""not_discovered\"", \""department\"": \""Psychiatry\"", \""error\"": \""\"", \""fetched_at\"": \""2026-06-02T07:25:19.294465+00:00\"", \""http_status\"": 200, \""official_program_key\"": \""hup_gme_residency_psychiatry_90edd37f0063\"", \""priority\"": 50, \""program_name\"": \""Psychiatry\"", \""program_type\"": \""residency\"", \""reasons\"": [\""official_program_url\""], \""roster_term_count\"": 0, \""sha256\"": \""31b74b1633dc450d9a8b9dffbbb5a83fab5e7b5276b00f444b5483ac9666d2d5\"", \""source_role\"": \""official_program_url\"", \""sponsoring_institution\"": \""Hospital of the University of Pennsylvania\"", \""text_length\"": 5831}"", ""http_status"": 200, ""official_program_key"": ""hup_gme_residency_psychiatry_90edd37f0063"", ""priority"": 50, ""program_name"": ""Psychiatry"", ""program_type"": ""residency"", ""reasons_json"": ""[\""official_program_url\""]"", ""roster_term_count"": 0, ""source_role"": ""official_program_url""}}",2026-06-02T07:48:56.885876+00:00
