reviewer_decision_key,packet_key,queue_key,official_program_key,official_program_name,official_program_type,official_department,loaded_program_name,loaded_role,loaded_person_count,loaded_source_url,alias_decision_status,alias_confidence,queue_status,allowed_decisions,packet_fingerprint,required_confirmation_fields,required_reviewer_action,recommended_next_action,review_question,evidence_json,generated_at
official_program_alias_reviewer_decision_f36db214f0d3ac59c4b0,official_program_alias_review_packet_32a79fca7114d59d77e6,official_program_coverage_action_fbdf5eabafe85d35cb77,hup_gme_residency_internal-medicine-categorical_9138b3db3c42,Internal Medicine - Categorical,residency,Internal Medicine,Internal Medicine Residency,resident,173,https://www3.pennmedicine.org/departments-and-centers/department-of-medicine/education-and-training/internal-medicine-residency/our-program/categorical/categorical-residents,reviewer_ready_broad_residency_alias_candidate,0.78,ready_for_reviewer_decision,accept_alias_mapping; reject_not_same_program; reject_wrong_role_or_track; reject_not_current_roster; needs_more_evidence,945d633f97a2881dc566c319f48ddb508caf14bf4a473943162d1d63e53aef1f,official_program_confirmed; loaded_source_scope_confirmed; role_scope_confirmed; current_roster_confirmed,"Confirm the official denominator row, loaded source scope, trainee role/track, and current roster status before accepting an alias mapping.",accept_alias_only_if_loaded_source_excludes_combined_tracks,"Does Internal Medicine Residency source represent categorical residents only, or should tracks be split?","{""alias_review_packet"": {""alias_confidence"": 0.78, ""alias_decision_status"": ""reviewer_ready_broad_residency_alias_candidate"", ""loaded_person_count"": 173, ""loaded_program_name"": ""Internal Medicine Residency"", ""loaded_role"": ""resident"", ""official_program_key"": ""hup_gme_residency_internal-medicine-categorical_9138b3db3c42"", ""official_program_name"": ""Internal Medicine - Categorical"", ""official_program_type"": ""residency"", ""packet_key"": ""official_program_alias_review_packet_32a79fca7114d59d77e6"", ""queue_key"": ""official_program_coverage_action_fbdf5eabafe85d35cb77"", ""rationale"": ""Official categorical row maps to a broad Internal Medicine Residency label; likely useful but track boundaries need review."", ""recommended_next_action"": ""accept_alias_only_if_loaded_source_excludes_combined_tracks"", ""review_question"": ""Does Internal Medicine Residency source represent categorical residents only, or should tracks be split?"", ""reviewer_ready"": 1}, ""decision_policy"": {""accepted_mapping_requires"": [""reviewer_decision=accept_alias_mapping"", ""packet_fingerprint matches the current queue fingerprint"", ""official_program_confirmed=1"", ""loaded_source_scope_confirmed=1"", ""role_scope_confirmed=1"", ""current_roster_confirmed=1""], ""allowed_decisions"": [""accept_alias_mapping"", ""reject_not_same_program"", ""reject_wrong_role_or_track"", ""reject_not_current_roster"", ""needs_more_evidence""], ""coverage_policy"": ""Accepted alias mappings are explicit facts, but downstream denominator coverage still must decide how and when to mutate coverage counts.""}, ""manual_decision_file"": ""artifacts/data/official_program_alias_reviewer_decisions.csv""}",2026-06-02T21:06:35.175571+00:00
official_program_alias_reviewer_decision_ea84dca70c32aa13e376,official_program_alias_review_packet_e6830da6b4a6e0ef1711,official_program_coverage_action_d08137227b83bc8f7b69,hup_gme_residency_radiology-diagnostic_a67e80f56ce0,Radiology - Diagnostic,residency,Radiology,Diagnostic Radiology Residency,resident,54,https://www3.pennmedicine.org/departments-and-centers/department-of-radiology/education-and-training/residency-programs/current-residents/diagnostic-radiology-residents,reviewer_ready_program_alias_candidate,0.82,ready_for_reviewer_decision,accept_alias_mapping; reject_not_same_program; reject_wrong_role_or_track; reject_not_current_roster; needs_more_evidence,5b9080a17826fe82277d024ffb37600c8fd9d03e1f10154f4ac76c5251634e68,official_program_confirmed; loaded_source_scope_confirmed; role_scope_confirmed; current_roster_confirmed,"Confirm the official denominator row, loaded source scope, trainee role/track, and current roster status before accepting an alias mapping.",accept_program_alias_after_source_scope_check,Does the loaded program label cover exactly this official denominator row?,"{""alias_review_packet"": {""alias_confidence"": 0.82, ""alias_decision_status"": ""reviewer_ready_program_alias_candidate"", ""loaded_person_count"": 54, ""loaded_program_name"": ""Diagnostic Radiology Residency"", ""loaded_role"": ""resident"", ""official_program_key"": ""hup_gme_residency_radiology-diagnostic_a67e80f56ce0"", ""official_program_name"": ""Radiology - Diagnostic"", ""official_program_type"": ""residency"", ""packet_key"": ""official_program_alias_review_packet_e6830da6b4a6e0ef1711"", ""queue_key"": ""official_program_coverage_action_d08137227b83bc8f7b69"", ""rationale"": ""Official and loaded labels share key program tokens and the expected trainee role."", ""recommended_next_action"": ""accept_program_alias_after_source_scope_check"", ""review_question"": ""Does the loaded program label cover exactly this official denominator row?"", ""reviewer_ready"": 1}, ""decision_policy"": {""accepted_mapping_requires"": [""reviewer_decision=accept_alias_mapping"", ""packet_fingerprint matches the current queue fingerprint"", ""official_program_confirmed=1"", ""loaded_source_scope_confirmed=1"", ""role_scope_confirmed=1"", ""current_roster_confirmed=1""], ""allowed_decisions"": [""accept_alias_mapping"", ""reject_not_same_program"", ""reject_wrong_role_or_track"", ""reject_not_current_roster"", ""needs_more_evidence""], ""coverage_policy"": ""Accepted alias mappings are explicit facts, but downstream denominator coverage still must decide how and when to mutate coverage counts.""}, ""manual_decision_file"": ""artifacts/data/official_program_alias_reviewer_decisions.csv""}",2026-06-02T21:06:35.175571+00:00
official_program_alias_reviewer_decision_ee1d9d4a86d9c12d9356,official_program_alias_review_packet_d69ee022094008495fa8,official_program_coverage_action_fd0fd437f796c505e86d,hup_gme_fellowship_pulmonary-disease-and-critical-care-medicine_9c4d89b19f6a,Pulmonary Disease and Critical Care Medicine,fellowship,Internal Medicine,Pulmonary and Critical Care Fellowship,fellow,34,https://www3.pennmedicine.org/departments-and-centers/department-of-medicine/divisions/pulmonology-allergy-and-critical-care/education-and-training/fellowship-offerings/fellows,reviewer_ready_program_alias_candidate,0.82,ready_for_reviewer_decision,accept_alias_mapping; reject_not_same_program; reject_wrong_role_or_track; reject_not_current_roster; needs_more_evidence,d7071328ac3d173ba48a93869da48df8685bc481f1b5d81f2c5fe80e8114f7da,official_program_confirmed; loaded_source_scope_confirmed; role_scope_confirmed; current_roster_confirmed,"Confirm the official denominator row, loaded source scope, trainee role/track, and current roster status before accepting an alias mapping.",accept_program_alias_after_source_scope_check,Does the loaded program label cover exactly this official denominator row?,"{""alias_review_packet"": {""alias_confidence"": 0.82, ""alias_decision_status"": ""reviewer_ready_program_alias_candidate"", ""loaded_person_count"": 34, ""loaded_program_name"": ""Pulmonary and Critical Care Fellowship"", ""loaded_role"": ""fellow"", ""official_program_key"": ""hup_gme_fellowship_pulmonary-disease-and-critical-care-medicine_9c4d89b19f6a"", ""official_program_name"": ""Pulmonary Disease and Critical Care Medicine"", ""official_program_type"": ""fellowship"", ""packet_key"": ""official_program_alias_review_packet_d69ee022094008495fa8"", ""queue_key"": ""official_program_coverage_action_fd0fd437f796c505e86d"", ""rationale"": ""Official and loaded labels share key program tokens and the expected trainee role."", ""recommended_next_action"": ""accept_program_alias_after_source_scope_check"", ""review_question"": ""Does the loaded program label cover exactly this official denominator row?"", ""reviewer_ready"": 1}, ""decision_policy"": {""accepted_mapping_requires"": [""reviewer_decision=accept_alias_mapping"", ""packet_fingerprint matches the current queue fingerprint"", ""official_program_confirmed=1"", ""loaded_source_scope_confirmed=1"", ""role_scope_confirmed=1"", ""current_roster_confirmed=1""], ""allowed_decisions"": [""accept_alias_mapping"", ""reject_not_same_program"", ""reject_wrong_role_or_track"", ""reject_not_current_roster"", ""needs_more_evidence""], ""coverage_policy"": ""Accepted alias mappings are explicit facts, but downstream denominator coverage still must decide how and when to mutate coverage counts.""}, ""manual_decision_file"": ""artifacts/data/official_program_alias_reviewer_decisions.csv""}",2026-06-02T21:06:35.175571+00:00
official_program_alias_reviewer_decision_bdbc33f9a27edcfcd8c1,official_program_alias_review_packet_feb606349af500a3f83b,official_program_coverage_action_1817ac6428ad7e3cd248,hup_gme_fellowship_gastroenterology_bcaac1ff0001,Gastroenterology,fellowship,Internal Medicine,Gastroenterology and Hepatology Fellowship,fellow,23,https://www3.pennmedicine.org/departments-and-centers/department-of-medicine/divisions/gastroenterology/education-and-training/fellowship-programs/gastroenterology-and-hepatology-fellow-profiles,reviewer_ready_program_alias_candidate,0.82,ready_for_reviewer_decision,accept_alias_mapping; reject_not_same_program; reject_wrong_role_or_track; reject_not_current_roster; needs_more_evidence,3d11cc69459e327c49196ec8413adf969dcd28fc4b42f14db369d998e080d23e,official_program_confirmed; loaded_source_scope_confirmed; role_scope_confirmed; current_roster_confirmed,"Confirm the official denominator row, loaded source scope, trainee role/track, and current roster status before accepting an alias mapping.",accept_program_alias_after_source_scope_check,Does the loaded program label cover exactly this official denominator row?,"{""alias_review_packet"": {""alias_confidence"": 0.82, ""alias_decision_status"": ""reviewer_ready_program_alias_candidate"", ""loaded_person_count"": 23, ""loaded_program_name"": ""Gastroenterology and Hepatology Fellowship"", ""loaded_role"": ""fellow"", ""official_program_key"": ""hup_gme_fellowship_gastroenterology_bcaac1ff0001"", ""official_program_name"": ""Gastroenterology"", ""official_program_type"": ""fellowship"", ""packet_key"": ""official_program_alias_review_packet_feb606349af500a3f83b"", ""queue_key"": ""official_program_coverage_action_1817ac6428ad7e3cd248"", ""rationale"": ""Official and loaded labels share key program tokens and the expected trainee role."", ""recommended_next_action"": ""accept_program_alias_after_source_scope_check"", ""review_question"": ""Does the loaded program label cover exactly this official denominator row?"", ""reviewer_ready"": 1}, ""decision_policy"": {""accepted_mapping_requires"": [""reviewer_decision=accept_alias_mapping"", ""packet_fingerprint matches the current queue fingerprint"", ""official_program_confirmed=1"", ""loaded_source_scope_confirmed=1"", ""role_scope_confirmed=1"", ""current_roster_confirmed=1""], ""allowed_decisions"": [""accept_alias_mapping"", ""reject_not_same_program"", ""reject_wrong_role_or_track"", ""reject_not_current_roster"", ""needs_more_evidence""], ""coverage_policy"": ""Accepted alias mappings are explicit facts, but downstream denominator coverage still must decide how and when to mutate coverage counts.""}, ""manual_decision_file"": ""artifacts/data/official_program_alias_reviewer_decisions.csv""}",2026-06-02T21:06:35.175571+00:00
official_program_alias_reviewer_decision_a625ba4d2c62362ee583,official_program_alias_review_packet_09a8efde5dca9dff8eea,official_program_coverage_action_594908fbb07ce71b67f2,hup_gme_residency_plastic-surgery-integrated_17f8bbadcda0,Plastic Surgery - Integrated,residency,Surgery,Plastic Surgery Residency,resident,22,https://www3.pennmedicine.org/departments-and-centers/department-of-surgery/education-and-training/residencies/plastic-surgery/residents,reviewer_ready_program_alias_candidate,0.82,ready_for_reviewer_decision,accept_alias_mapping; reject_not_same_program; reject_wrong_role_or_track; reject_not_current_roster; needs_more_evidence,297927314c6ee1947b35637e73821042bfc335bb9515f9662917892e2e27b223,official_program_confirmed; loaded_source_scope_confirmed; role_scope_confirmed; current_roster_confirmed,"Confirm the official denominator row, loaded source scope, trainee role/track, and current roster status before accepting an alias mapping.",accept_program_alias_after_source_scope_check,Does the loaded program label cover exactly this official denominator row?,"{""alias_review_packet"": {""alias_confidence"": 0.82, ""alias_decision_status"": ""reviewer_ready_program_alias_candidate"", ""loaded_person_count"": 22, ""loaded_program_name"": ""Plastic Surgery Residency"", ""loaded_role"": ""resident"", ""official_program_key"": ""hup_gme_residency_plastic-surgery-integrated_17f8bbadcda0"", ""official_program_name"": ""Plastic Surgery - Integrated"", ""official_program_type"": ""residency"", ""packet_key"": ""official_program_alias_review_packet_09a8efde5dca9dff8eea"", ""queue_key"": ""official_program_coverage_action_594908fbb07ce71b67f2"", ""rationale"": ""Official and loaded labels share key program tokens and the expected trainee role."", ""recommended_next_action"": ""accept_program_alias_after_source_scope_check"", ""review_question"": ""Does the loaded program label cover exactly this official denominator row?"", ""reviewer_ready"": 1}, ""decision_policy"": {""accepted_mapping_requires"": [""reviewer_decision=accept_alias_mapping"", ""packet_fingerprint matches the current queue fingerprint"", ""official_program_confirmed=1"", ""loaded_source_scope_confirmed=1"", ""role_scope_confirmed=1"", ""current_roster_confirmed=1""], ""allowed_decisions"": [""accept_alias_mapping"", ""reject_not_same_program"", ""reject_wrong_role_or_track"", ""reject_not_current_roster"", ""needs_more_evidence""], ""coverage_policy"": ""Accepted alias mappings are explicit facts, but downstream denominator coverage still must decide how and when to mutate coverage counts.""}, ""manual_decision_file"": ""artifacts/data/official_program_alias_reviewer_decisions.csv""}",2026-06-02T21:06:35.175571+00:00
official_program_alias_reviewer_decision_ed873d44b982b1b7f4de,official_program_alias_review_packet_87b7200e62e34128575f,official_program_coverage_action_ac55aa0c3251d519b4a0,hup_gme_fellowship_endocrinology_67900e0ae4ef,Endocrinology,fellowship,Internal Medicine,"Endocrinology, Diabetes and Metabolism Fellowship",fellow,21,https://www3.pennmedicine.org/departments-and-centers/department-of-medicine/divisions/division-of-endocrinology-diabetes-and-metabolism/education-and-training/endcrinology-fellowship-programs/fellows,reviewer_ready_program_alias_candidate,0.82,ready_for_reviewer_decision,accept_alias_mapping; reject_not_same_program; reject_wrong_role_or_track; reject_not_current_roster; needs_more_evidence,9ec3fc34ba2a50ff634f96073ceb0af53082398e920d613d6df8a23dae9b8fed,official_program_confirmed; loaded_source_scope_confirmed; role_scope_confirmed; current_roster_confirmed,"Confirm the official denominator row, loaded source scope, trainee role/track, and current roster status before accepting an alias mapping.",accept_program_alias_after_source_scope_check,Does the loaded program label cover exactly this official denominator row?,"{""alias_review_packet"": {""alias_confidence"": 0.82, ""alias_decision_status"": ""reviewer_ready_program_alias_candidate"", ""loaded_person_count"": 21, ""loaded_program_name"": ""Endocrinology, Diabetes and Metabolism Fellowship"", ""loaded_role"": ""fellow"", ""official_program_key"": ""hup_gme_fellowship_endocrinology_67900e0ae4ef"", ""official_program_name"": ""Endocrinology"", ""official_program_type"": ""fellowship"", ""packet_key"": ""official_program_alias_review_packet_87b7200e62e34128575f"", ""queue_key"": ""official_program_coverage_action_ac55aa0c3251d519b4a0"", ""rationale"": ""Official and loaded labels share key program tokens and the expected trainee role."", ""recommended_next_action"": ""accept_program_alias_after_source_scope_check"", ""review_question"": ""Does the loaded program label cover exactly this official denominator row?"", ""reviewer_ready"": 1}, ""decision_policy"": {""accepted_mapping_requires"": [""reviewer_decision=accept_alias_mapping"", ""packet_fingerprint matches the current queue fingerprint"", ""official_program_confirmed=1"", ""loaded_source_scope_confirmed=1"", ""role_scope_confirmed=1"", ""current_roster_confirmed=1""], ""allowed_decisions"": [""accept_alias_mapping"", ""reject_not_same_program"", ""reject_wrong_role_or_track"", ""reject_not_current_roster"", ""needs_more_evidence""], ""coverage_policy"": ""Accepted alias mappings are explicit facts, but downstream denominator coverage still must decide how and when to mutate coverage counts.""}, ""manual_decision_file"": ""artifacts/data/official_program_alias_reviewer_decisions.csv""}",2026-06-02T21:06:35.175571+00:00
official_program_alias_reviewer_decision_39a4f99503b89f1cb1f8,official_program_alias_review_packet_46c5f9b98928b1885c61,official_program_coverage_action_6a9ca36ee57d2d74590b,hup_gme_residency_radiology-interventional-integrated_278955441e4c,"Radiology - Interventional, Integrated",residency,Radiology,Interventional Radiology Integrated Residency,resident,19,https://www3.pennmedicine.org/departments-and-centers/department-of-radiology/education-and-training/residency-programs/current-residents/ir-integrated-residents,reviewer_ready_track_alias_candidate,0.82,ready_for_reviewer_decision,accept_alias_mapping; reject_not_same_program; reject_wrong_role_or_track; reject_not_current_roster; needs_more_evidence,c10506478ce3da42411127e3d2e39a2d3fbba5caac78def4380fd2891a98e6ae,official_program_confirmed; loaded_source_scope_confirmed; role_scope_confirmed; current_roster_confirmed,"Confirm the official denominator row, loaded source scope, trainee role/track, and current roster status before accepting an alias mapping.",accept_track_alias_if_roster_scope_matches,Does the loaded track source exactly represent the official integrated-track denominator row?,"{""alias_review_packet"": {""alias_confidence"": 0.82, ""alias_decision_status"": ""reviewer_ready_track_alias_candidate"", ""loaded_person_count"": 19, ""loaded_program_name"": ""Interventional Radiology Integrated Residency"", ""loaded_role"": ""resident"", ""official_program_key"": ""hup_gme_residency_radiology-interventional-integrated_278955441e4c"", ""official_program_name"": ""Radiology - Interventional, Integrated"", ""official_program_type"": ""residency"", ""packet_key"": ""official_program_alias_review_packet_46c5f9b98928b1885c61"", ""queue_key"": ""official_program_coverage_action_6a9ca36ee57d2d74590b"", ""rationale"": ""Official and loaded labels share integrated-track wording and role."", ""recommended_next_action"": ""accept_track_alias_if_roster_scope_matches"", ""review_question"": ""Does the loaded track source exactly represent the official integrated-track denominator row?"", ""reviewer_ready"": 1}, ""decision_policy"": {""accepted_mapping_requires"": [""reviewer_decision=accept_alias_mapping"", ""packet_fingerprint matches the current queue fingerprint"", ""official_program_confirmed=1"", ""loaded_source_scope_confirmed=1"", ""role_scope_confirmed=1"", ""current_roster_confirmed=1""], ""allowed_decisions"": [""accept_alias_mapping"", ""reject_not_same_program"", ""reject_wrong_role_or_track"", ""reject_not_current_roster"", ""needs_more_evidence""], ""coverage_policy"": ""Accepted alias mappings are explicit facts, but downstream denominator coverage still must decide how and when to mutate coverage counts.""}, ""manual_decision_file"": ""artifacts/data/official_program_alias_reviewer_decisions.csv""}",2026-06-02T21:06:35.175571+00:00
official_program_alias_reviewer_decision_1d1e55acf22c5c02a94e,official_program_alias_review_packet_14e86132144f6e260ef3,official_program_coverage_action_b523cbcad12bda23e41d,hup_gme_residency_internal-medicine-pediatrics_f13d195cb767,Internal Medicine - Pediatrics,residency,Internal Medicine,Penn-CHOP Internal Medicine-Pediatrics Residency,resident,16,https://www.chop.edu/med-peds-residency/current-residents,reviewer_ready_combined_track_alias_candidate,0.8,ready_for_reviewer_decision,accept_alias_mapping; reject_not_same_program; reject_wrong_role_or_track; reject_not_current_roster; needs_more_evidence,a09b434436a1d2c5fcc469755edbe1027f2aa17636c767850a07c8d1712077c8,official_program_confirmed; loaded_source_scope_confirmed; role_scope_confirmed; current_roster_confirmed,"Confirm the official denominator row, loaded source scope, trainee role/track, and current roster status before accepting an alias mapping.",accept_combined_track_alias_if_roster_matches_official_track,Does the loaded combined-track source exactly represent the official combined-track denominator row?,"{""alias_review_packet"": {""alias_confidence"": 0.8, ""alias_decision_status"": ""reviewer_ready_combined_track_alias_candidate"", ""loaded_person_count"": 16, ""loaded_program_name"": ""Penn-CHOP Internal Medicine-Pediatrics Residency"", ""loaded_role"": ""resident"", ""official_program_key"": ""hup_gme_residency_internal-medicine-pediatrics_f13d195cb767"", ""official_program_name"": ""Internal Medicine - Pediatrics"", ""official_program_type"": ""residency"", ""packet_key"": ""official_program_alias_review_packet_14e86132144f6e260ef3"", ""queue_key"": ""official_program_coverage_action_b523cbcad12bda23e41d"", ""rationale"": ""Official and loaded labels describe the same combined track surface."", ""recommended_next_action"": ""accept_combined_track_alias_if_roster_matches_official_track"", ""review_question"": ""Does the loaded combined-track source exactly represent the official combined-track denominator row?"", ""reviewer_ready"": 1}, ""decision_policy"": {""accepted_mapping_requires"": [""reviewer_decision=accept_alias_mapping"", ""packet_fingerprint matches the current queue fingerprint"", ""official_program_confirmed=1"", ""loaded_source_scope_confirmed=1"", ""role_scope_confirmed=1"", ""current_roster_confirmed=1""], ""allowed_decisions"": [""accept_alias_mapping"", ""reject_not_same_program"", ""reject_wrong_role_or_track"", ""reject_not_current_roster"", ""needs_more_evidence""], ""coverage_policy"": ""Accepted alias mappings are explicit facts, but downstream denominator coverage still must decide how and when to mutate coverage counts.""}, ""manual_decision_file"": ""artifacts/data/official_program_alias_reviewer_decisions.csv""}",2026-06-02T21:06:35.175571+00:00
official_program_alias_reviewer_decision_5626b3d9ecaa0ffe13ec,official_program_alias_review_packet_225da369898d42324bca,official_program_coverage_action_5f42b0ee1f9eefe49f7f,hup_gme_fellowship_infectious-disease_0dac4aa18b6b,Infectious Disease,fellowship,Internal Medicine,Infectious Diseases Fellowship,fellow,15,https://www3.pennmedicine.org/departments-and-centers/department-of-medicine/divisions/infectious-diseases/education-and-training/fellowship-program/current-fellows,reviewer_ready_program_alias_candidate,0.82,ready_for_reviewer_decision,accept_alias_mapping; reject_not_same_program; reject_wrong_role_or_track; reject_not_current_roster; needs_more_evidence,f74ef595d792dea37544e275d17a880a46261326f3c80da9182c7c5af81ac493,official_program_confirmed; loaded_source_scope_confirmed; role_scope_confirmed; current_roster_confirmed,"Confirm the official denominator row, loaded source scope, trainee role/track, and current roster status before accepting an alias mapping.",accept_program_alias_after_source_scope_check,Does the loaded program label cover exactly this official denominator row?,"{""alias_review_packet"": {""alias_confidence"": 0.82, ""alias_decision_status"": ""reviewer_ready_program_alias_candidate"", ""loaded_person_count"": 15, ""loaded_program_name"": ""Infectious Diseases Fellowship"", ""loaded_role"": ""fellow"", ""official_program_key"": ""hup_gme_fellowship_infectious-disease_0dac4aa18b6b"", ""official_program_name"": ""Infectious Disease"", ""official_program_type"": ""fellowship"", ""packet_key"": ""official_program_alias_review_packet_225da369898d42324bca"", ""queue_key"": ""official_program_coverage_action_5f42b0ee1f9eefe49f7f"", ""rationale"": ""Official and loaded labels share key program tokens and the expected trainee role."", ""recommended_next_action"": ""accept_program_alias_after_source_scope_check"", ""review_question"": ""Does the loaded program label cover exactly this official denominator row?"", ""reviewer_ready"": 1}, ""decision_policy"": {""accepted_mapping_requires"": [""reviewer_decision=accept_alias_mapping"", ""packet_fingerprint matches the current queue fingerprint"", ""official_program_confirmed=1"", ""loaded_source_scope_confirmed=1"", ""role_scope_confirmed=1"", ""current_roster_confirmed=1""], ""allowed_decisions"": [""accept_alias_mapping"", ""reject_not_same_program"", ""reject_wrong_role_or_track"", ""reject_not_current_roster"", ""needs_more_evidence""], ""coverage_policy"": ""Accepted alias mappings are explicit facts, but downstream denominator coverage still must decide how and when to mutate coverage counts.""}, ""manual_decision_file"": ""artifacts/data/official_program_alias_reviewer_decisions.csv""}",2026-06-02T21:06:35.175571+00:00
official_program_alias_reviewer_decision_7930296f5b80bceca789,official_program_alias_review_packet_5e68831172f75ecd9905,official_program_coverage_action_db7ad88221e38a2a6393,hup_gme_fellowship_surgical-pathology-selective_5274f90ae04d,Surgical Pathology (Selective),fellowship,Pathology and Laboratory Medicine,Surgical Pathology Fellowship,fellow,6,https://pathology.med.upenn.edu/department/people/fellows,reviewer_ready_program_alias_candidate,0.82,ready_for_reviewer_decision,accept_alias_mapping; reject_not_same_program; reject_wrong_role_or_track; reject_not_current_roster; needs_more_evidence,31659cf735d0129f6968c6a77033cc8f8adbf88288fc015ac647362ab6161db4,official_program_confirmed; loaded_source_scope_confirmed; role_scope_confirmed; current_roster_confirmed,"Confirm the official denominator row, loaded source scope, trainee role/track, and current roster status before accepting an alias mapping.",accept_program_alias_after_source_scope_check,Does the loaded program label cover exactly this official denominator row?,"{""alias_review_packet"": {""alias_confidence"": 0.82, ""alias_decision_status"": ""reviewer_ready_program_alias_candidate"", ""loaded_person_count"": 6, ""loaded_program_name"": ""Surgical Pathology Fellowship"", ""loaded_role"": ""fellow"", ""official_program_key"": ""hup_gme_fellowship_surgical-pathology-selective_5274f90ae04d"", ""official_program_name"": ""Surgical Pathology (Selective)"", ""official_program_type"": ""fellowship"", ""packet_key"": ""official_program_alias_review_packet_5e68831172f75ecd9905"", ""queue_key"": ""official_program_coverage_action_db7ad88221e38a2a6393"", ""rationale"": ""Official and loaded labels share key program tokens and the expected trainee role."", ""recommended_next_action"": ""accept_program_alias_after_source_scope_check"", ""review_question"": ""Does the loaded program label cover exactly this official denominator row?"", ""reviewer_ready"": 1}, ""decision_policy"": {""accepted_mapping_requires"": [""reviewer_decision=accept_alias_mapping"", ""packet_fingerprint matches the current queue fingerprint"", ""official_program_confirmed=1"", ""loaded_source_scope_confirmed=1"", ""role_scope_confirmed=1"", ""current_roster_confirmed=1""], ""allowed_decisions"": [""accept_alias_mapping"", ""reject_not_same_program"", ""reject_wrong_role_or_track"", ""reject_not_current_roster"", ""needs_more_evidence""], ""coverage_policy"": ""Accepted alias mappings are explicit facts, but downstream denominator coverage still must decide how and when to mutate coverage counts.""}, ""manual_decision_file"": ""artifacts/data/official_program_alias_reviewer_decisions.csv""}",2026-06-02T21:06:35.175571+00:00
official_program_alias_reviewer_decision_2f25c6ae9df16ddedca8,official_program_alias_review_packet_4cd08cd416c4b3a645a9,official_program_coverage_action_e2ab63620bfe1e8bf9a9,hup_gme_residency_internal-medicine-dermatology_015c313980a7,Internal Medicine - Dermatology,residency,Internal Medicine,Combined Internal Medicine-Dermatology Residency,resident,3,https://www3.pennmedicine.org/departments-and-centers/department-of-medicine/education-and-training/internal-medicine-residency/our-program/combined-internal-medicine-dermatology-program/medicine-dermatology-residents,reviewer_ready_combined_track_alias_candidate,0.8,ready_for_reviewer_decision,accept_alias_mapping; reject_not_same_program; reject_wrong_role_or_track; reject_not_current_roster; needs_more_evidence,2307d25ffc341bcd5cb29d30cfbb16b493dbbc31ec8551412e978a07cba24f15,official_program_confirmed; loaded_source_scope_confirmed; role_scope_confirmed; current_roster_confirmed,"Confirm the official denominator row, loaded source scope, trainee role/track, and current roster status before accepting an alias mapping.",accept_combined_track_alias_if_roster_matches_official_track,Does the loaded combined-track source exactly represent the official combined-track denominator row?,"{""alias_review_packet"": {""alias_confidence"": 0.8, ""alias_decision_status"": ""reviewer_ready_combined_track_alias_candidate"", ""loaded_person_count"": 3, ""loaded_program_name"": ""Combined Internal Medicine-Dermatology Residency"", ""loaded_role"": ""resident"", ""official_program_key"": ""hup_gme_residency_internal-medicine-dermatology_015c313980a7"", ""official_program_name"": ""Internal Medicine - Dermatology"", ""official_program_type"": ""residency"", ""packet_key"": ""official_program_alias_review_packet_4cd08cd416c4b3a645a9"", ""queue_key"": ""official_program_coverage_action_e2ab63620bfe1e8bf9a9"", ""rationale"": ""Official and loaded labels describe the same combined track surface."", ""recommended_next_action"": ""accept_combined_track_alias_if_roster_matches_official_track"", ""review_question"": ""Does the loaded combined-track source exactly represent the official combined-track denominator row?"", ""reviewer_ready"": 1}, ""decision_policy"": {""accepted_mapping_requires"": [""reviewer_decision=accept_alias_mapping"", ""packet_fingerprint matches the current queue fingerprint"", ""official_program_confirmed=1"", ""loaded_source_scope_confirmed=1"", ""role_scope_confirmed=1"", ""current_roster_confirmed=1""], ""allowed_decisions"": [""accept_alias_mapping"", ""reject_not_same_program"", ""reject_wrong_role_or_track"", ""reject_not_current_roster"", ""needs_more_evidence""], ""coverage_policy"": ""Accepted alias mappings are explicit facts, but downstream denominator coverage still must decide how and when to mutate coverage counts.""}, ""manual_decision_file"": ""artifacts/data/official_program_alias_reviewer_decisions.csv""}",2026-06-02T21:06:35.175571+00:00
official_program_alias_reviewer_decision_c557c9f15fa19124dba1,official_program_alias_review_packet_8a9b69ff92447791e6ca,official_program_coverage_action_35132e76224300b68427,hup_gme_fellowship_gastrointestinal-and-hepatic-pathology-selective_ed8164df8cb1,Gastrointestinal and Hepatic Pathology (Selective),fellowship,Pathology and Laboratory Medicine,GI/Hepatic Pathology Fellowship,fellow,2,https://pathology.med.upenn.edu/department/people/fellows,reviewer_ready_program_alias_candidate,0.82,ready_for_reviewer_decision,accept_alias_mapping; reject_not_same_program; reject_wrong_role_or_track; reject_not_current_roster; needs_more_evidence,58acd1828f0df72336972950598e44cbec9b343a1aa7b84da29742f4ac52427d,official_program_confirmed; loaded_source_scope_confirmed; role_scope_confirmed; current_roster_confirmed,"Confirm the official denominator row, loaded source scope, trainee role/track, and current roster status before accepting an alias mapping.",accept_program_alias_after_source_scope_check,Does the loaded program label cover exactly this official denominator row?,"{""alias_review_packet"": {""alias_confidence"": 0.82, ""alias_decision_status"": ""reviewer_ready_program_alias_candidate"", ""loaded_person_count"": 2, ""loaded_program_name"": ""GI/Hepatic Pathology Fellowship"", ""loaded_role"": ""fellow"", ""official_program_key"": ""hup_gme_fellowship_gastrointestinal-and-hepatic-pathology-selective_ed8164df8cb1"", ""official_program_name"": ""Gastrointestinal and Hepatic Pathology (Selective)"", ""official_program_type"": ""fellowship"", ""packet_key"": ""official_program_alias_review_packet_8a9b69ff92447791e6ca"", ""queue_key"": ""official_program_coverage_action_35132e76224300b68427"", ""rationale"": ""Official and loaded labels share key program tokens and the expected trainee role."", ""recommended_next_action"": ""accept_program_alias_after_source_scope_check"", ""review_question"": ""Does the loaded program label cover exactly this official denominator row?"", ""reviewer_ready"": 1}, ""decision_policy"": {""accepted_mapping_requires"": [""reviewer_decision=accept_alias_mapping"", ""packet_fingerprint matches the current queue fingerprint"", ""official_program_confirmed=1"", ""loaded_source_scope_confirmed=1"", ""role_scope_confirmed=1"", ""current_roster_confirmed=1""], ""allowed_decisions"": [""accept_alias_mapping"", ""reject_not_same_program"", ""reject_wrong_role_or_track"", ""reject_not_current_roster"", ""needs_more_evidence""], ""coverage_policy"": ""Accepted alias mappings are explicit facts, but downstream denominator coverage still must decide how and when to mutate coverage counts.""}, ""manual_decision_file"": ""artifacts/data/official_program_alias_reviewer_decisions.csv""}",2026-06-02T21:06:35.175571+00:00
official_program_alias_reviewer_decision_e2cc70b2fe80c5b5e646,official_program_alias_review_packet_86d0da02477fd0022051,official_program_coverage_action_646862c54b62a4617349,hup_gme_fellowship_transplant-hepatology_f4d7a209f96e,Transplant Hepatology,fellowship,Internal Medicine,Advanced Gastroenterology and Hepatology Fellowship,fellow,2,https://www3.pennmedicine.org/departments-and-centers/department-of-medicine/divisions/gastroenterology/education-and-training/fellowship-programs/advanced-gastroenterology-fellows,reviewer_ready_section_split_candidate,0.84,ready_for_reviewer_decision,accept_alias_mapping; reject_not_same_program; reject_wrong_role_or_track; reject_not_current_roster; needs_more_evidence,65509ea3e80bafef38190912a36f3d83be76cdec470547fe7407834b542f5c47,official_program_confirmed; loaded_source_scope_confirmed; role_scope_confirmed; current_roster_confirmed,"Confirm the official denominator row, loaded source scope, trainee role/track, and current roster status before accepting an alias mapping.",split_loaded_program_by_section_label_then_close_gap,Can the broader loaded source be split by section label into the official program?,"{""alias_review_packet"": {""alias_confidence"": 0.84, ""alias_decision_status"": ""reviewer_ready_section_split_candidate"", ""loaded_person_count"": 2, ""loaded_program_name"": ""Advanced Gastroenterology and Hepatology Fellowship"", ""loaded_role"": ""fellow"", ""official_program_key"": ""hup_gme_fellowship_transplant-hepatology_f4d7a209f96e"", ""official_program_name"": ""Transplant Hepatology"", ""official_program_type"": ""fellowship"", ""packet_key"": ""official_program_alias_review_packet_86d0da02477fd0022051"", ""queue_key"": ""official_program_coverage_action_646862c54b62a4617349"", ""rationale"": ""Loaded broader advanced gastroenterology source has an explicit Advanced Transplant Hepatology Fellow section."", ""recommended_next_action"": ""split_loaded_program_by_section_label_then_close_gap"", ""review_question"": ""Can the broader loaded source be split by section label into the official program?"", ""reviewer_ready"": 1}, ""decision_policy"": {""accepted_mapping_requires"": [""reviewer_decision=accept_alias_mapping"", ""packet_fingerprint matches the current queue fingerprint"", ""official_program_confirmed=1"", ""loaded_source_scope_confirmed=1"", ""role_scope_confirmed=1"", ""current_roster_confirmed=1""], ""allowed_decisions"": [""accept_alias_mapping"", ""reject_not_same_program"", ""reject_wrong_role_or_track"", ""reject_not_current_roster"", ""needs_more_evidence""], ""coverage_policy"": ""Accepted alias mappings are explicit facts, but downstream denominator coverage still must decide how and when to mutate coverage counts.""}, ""manual_decision_file"": ""artifacts/data/official_program_alias_reviewer_decisions.csv""}",2026-06-02T21:06:35.175571+00:00
official_program_alias_reviewer_decision_eda1a18ee4d6229edade,official_program_alias_review_packet_4553b29d28111366392b,official_program_coverage_action_f6ce7a51f0e9e1541866,hup_gme_fellowship_blood-banking-and-transfusion-medicine_0e0d40e44a08,Blood Banking and Transfusion Medicine,fellowship,Pathology and Laboratory Medicine,Transfusion Medicine/Blood Bank Fellowship,fellow,1,https://pathology.med.upenn.edu/department/people/fellows,reviewer_ready_program_alias_candidate,0.82,ready_for_reviewer_decision,accept_alias_mapping; reject_not_same_program; reject_wrong_role_or_track; reject_not_current_roster; needs_more_evidence,15987747983f7fe00d921e79bc8a9486605191a9338b2fbda8bbff4b7090a2ad,official_program_confirmed; loaded_source_scope_confirmed; role_scope_confirmed; current_roster_confirmed,"Confirm the official denominator row, loaded source scope, trainee role/track, and current roster status before accepting an alias mapping.",accept_program_alias_after_source_scope_check,Does the loaded program label cover exactly this official denominator row?,"{""alias_review_packet"": {""alias_confidence"": 0.82, ""alias_decision_status"": ""reviewer_ready_program_alias_candidate"", ""loaded_person_count"": 1, ""loaded_program_name"": ""Transfusion Medicine/Blood Bank Fellowship"", ""loaded_role"": ""fellow"", ""official_program_key"": ""hup_gme_fellowship_blood-banking-and-transfusion-medicine_0e0d40e44a08"", ""official_program_name"": ""Blood Banking and Transfusion Medicine"", ""official_program_type"": ""fellowship"", ""packet_key"": ""official_program_alias_review_packet_4553b29d28111366392b"", ""queue_key"": ""official_program_coverage_action_f6ce7a51f0e9e1541866"", ""rationale"": ""Official and loaded labels share key program tokens and the expected trainee role."", ""recommended_next_action"": ""accept_program_alias_after_source_scope_check"", ""review_question"": ""Does the loaded program label cover exactly this official denominator row?"", ""reviewer_ready"": 1}, ""decision_policy"": {""accepted_mapping_requires"": [""reviewer_decision=accept_alias_mapping"", ""packet_fingerprint matches the current queue fingerprint"", ""official_program_confirmed=1"", ""loaded_source_scope_confirmed=1"", ""role_scope_confirmed=1"", ""current_roster_confirmed=1""], ""allowed_decisions"": [""accept_alias_mapping"", ""reject_not_same_program"", ""reject_wrong_role_or_track"", ""reject_not_current_roster"", ""needs_more_evidence""], ""coverage_policy"": ""Accepted alias mappings are explicit facts, but downstream denominator coverage still must decide how and when to mutate coverage counts.""}, ""manual_decision_file"": ""artifacts/data/official_program_alias_reviewer_decisions.csv""}",2026-06-02T21:06:35.175571+00:00
official_program_alias_reviewer_decision_75ed4a6b85ac73768c60,official_program_alias_review_packet_369e97a0d9805c356bb2,official_program_coverage_action_897e04aad2ef87a1b92e,hup_gme_fellowship_soft-tissue-and-bone-selective_5b6c8e2f798f,Soft Tissue/Bone (Selective),fellowship,Pathology and Laboratory Medicine,Soft Tissue/Bone Pathology Fellowship,fellow,1,https://pathology.med.upenn.edu/department/people/fellows,reviewer_ready_same_program_alias_candidate,0.9,ready_for_reviewer_decision,accept_alias_mapping; reject_not_same_program; reject_wrong_role_or_track; reject_not_current_roster; needs_more_evidence,bbb4abb4fd036088284da167c93ca78d4792c1cf0548ff78b6bbbc03c85df431,official_program_confirmed; loaded_source_scope_confirmed; role_scope_confirmed; current_roster_confirmed,"Confirm the official denominator row, loaded source scope, trainee role/track, and current roster status before accepting an alias mapping.",review_and_accept_same_program_alias_if_source_current,Does the loaded label and official denominator row name the same current program?,"{""alias_review_packet"": {""alias_confidence"": 0.9, ""alias_decision_status"": ""reviewer_ready_same_program_alias_candidate"", ""loaded_person_count"": 1, ""loaded_program_name"": ""Soft Tissue/Bone Pathology Fellowship"", ""loaded_role"": ""fellow"", ""official_program_key"": ""hup_gme_fellowship_soft-tissue-and-bone-selective_5b6c8e2f798f"", ""official_program_name"": ""Soft Tissue/Bone (Selective)"", ""official_program_type"": ""fellowship"", ""packet_key"": ""official_program_alias_review_packet_369e97a0d9805c356bb2"", ""queue_key"": ""official_program_coverage_action_897e04aad2ef87a1b92e"", ""rationale"": ""Official selective label and loaded fellowship label name the same Soft Tissue/Bone pathology program."", ""recommended_next_action"": ""review_and_accept_same_program_alias_if_source_current"", ""review_question"": ""Does the loaded label and official denominator row name the same current program?"", ""reviewer_ready"": 1}, ""decision_policy"": {""accepted_mapping_requires"": [""reviewer_decision=accept_alias_mapping"", ""packet_fingerprint matches the current queue fingerprint"", ""official_program_confirmed=1"", ""loaded_source_scope_confirmed=1"", ""role_scope_confirmed=1"", ""current_roster_confirmed=1""], ""allowed_decisions"": [""accept_alias_mapping"", ""reject_not_same_program"", ""reject_wrong_role_or_track"", ""reject_not_current_roster"", ""needs_more_evidence""], ""coverage_policy"": ""Accepted alias mappings are explicit facts, but downstream denominator coverage still must decide how and when to mutate coverage counts.""}, ""manual_decision_file"": ""artifacts/data/official_program_alias_reviewer_decisions.csv""}",2026-06-02T21:06:35.175571+00:00
official_program_alias_reviewer_decision_be8578a20fc44dcebabd,official_program_alias_review_packet_33cde597d8ec4e91dac7,official_program_coverage_action_897e04aad2ef87a1b92e,hup_gme_fellowship_soft-tissue-and-bone-selective_5b6c8e2f798f,Soft Tissue/Bone (Selective),fellowship,Pathology and Laboratory Medicine,Pathology - Anatomic and Clinical Residency,resident,44,https://pathology.med.upenn.edu/education/residency/residents/current,review_required_role_mismatch_related_source,0.52,not_ready_for_reviewer_decision,accept_alias_mapping; reject_not_same_program; reject_wrong_role_or_track; reject_not_current_roster; needs_more_evidence,a11c5869bc6f4cb2335b2e8c67a7aa8969487869a61a4b0e4a14f4fb6e3451fe,official_program_confirmed; loaded_source_scope_confirmed; role_scope_confirmed; current_roster_confirmed,"Confirm the official denominator row, loaded source scope, trainee role/track, and current roster status before accepting an alias mapping.",do_not_alias_without_track_specific_source,Does the related loaded source truly cover this official denominator row?,"{""alias_review_packet"": {""alias_confidence"": 0.52, ""alias_decision_status"": ""review_required_role_mismatch_related_source"", ""loaded_person_count"": 44, ""loaded_program_name"": ""Pathology - Anatomic and Clinical Residency"", ""loaded_role"": ""resident"", ""official_program_key"": ""hup_gme_fellowship_soft-tissue-and-bone-selective_5b6c8e2f798f"", ""official_program_name"": ""Soft Tissue/Bone (Selective)"", ""official_program_type"": ""fellowship"", ""packet_key"": ""official_program_alias_review_packet_33cde597d8ec4e91dac7"", ""queue_key"": ""official_program_coverage_action_897e04aad2ef87a1b92e"", ""rationale"": ""Related source has accepted people, but their role does not match the official program type."", ""recommended_next_action"": ""do_not_alias_without_track_specific_source"", ""review_question"": ""Does the related loaded source truly cover this official denominator row?"", ""reviewer_ready"": 0}, ""decision_policy"": {""accepted_mapping_requires"": [""reviewer_decision=accept_alias_mapping"", ""packet_fingerprint matches the current queue fingerprint"", ""official_program_confirmed=1"", ""loaded_source_scope_confirmed=1"", ""role_scope_confirmed=1"", ""current_roster_confirmed=1""], ""allowed_decisions"": [""accept_alias_mapping"", ""reject_not_same_program"", ""reject_wrong_role_or_track"", ""reject_not_current_roster"", ""needs_more_evidence""], ""coverage_policy"": ""Accepted alias mappings are explicit facts, but downstream denominator coverage still must decide how and when to mutate coverage counts.""}, ""manual_decision_file"": ""artifacts/data/official_program_alias_reviewer_decisions.csv""}",2026-06-02T21:06:35.175571+00:00
official_program_alias_reviewer_decision_ce3ae32dd10093bc5da8,official_program_alias_review_packet_0ddd30e80067a9291e69,official_program_coverage_action_8885f825b55982b05fa0,hup_gme_fellowship_plastic-surgery_b33a31a2ab76,Plastic Surgery,fellowship,Surgery,Plastic Surgery Residency,resident,22,https://www3.pennmedicine.org/departments-and-centers/department-of-surgery/education-and-training/residencies/plastic-surgery/residents,review_required_official_type_or_track_mismatch_review,0.72,not_ready_for_reviewer_decision,accept_alias_mapping; reject_not_same_program; reject_wrong_role_or_track; reject_not_current_roster; needs_more_evidence,bb16ab2b64f2cc947df92420db22e54d498253f123993c490f5428fbac82265a,official_program_confirmed; loaded_source_scope_confirmed; role_scope_confirmed; current_roster_confirmed,"Confirm the official denominator row, loaded source scope, trainee role/track, and current roster status before accepting an alias mapping.",review_official_program_type_against_integrated_independent_residency_source,Does the related loaded source truly cover this official denominator row?,"{""alias_review_packet"": {""alias_confidence"": 0.72, ""alias_decision_status"": ""review_required_official_type_or_track_mismatch_review"", ""loaded_person_count"": 22, ""loaded_program_name"": ""Plastic Surgery Residency"", ""loaded_role"": ""resident"", ""official_program_key"": ""hup_gme_fellowship_plastic-surgery_b33a31a2ab76"", ""official_program_name"": ""Plastic Surgery"", ""official_program_type"": ""fellowship"", ""packet_key"": ""official_program_alias_review_packet_0ddd30e80067a9291e69"", ""queue_key"": ""official_program_coverage_action_8885f825b55982b05fa0"", ""rationale"": ""Official row is fellowship-typed, but the related loaded source is Plastic Surgery Integrated/Independent Residency residents."", ""recommended_next_action"": ""review_official_program_type_against_integrated_independent_residency_source"", ""review_question"": ""Does the related loaded source truly cover this official denominator row?"", ""reviewer_ready"": 0}, ""decision_policy"": {""accepted_mapping_requires"": [""reviewer_decision=accept_alias_mapping"", ""packet_fingerprint matches the current queue fingerprint"", ""official_program_confirmed=1"", ""loaded_source_scope_confirmed=1"", ""role_scope_confirmed=1"", ""current_roster_confirmed=1""], ""allowed_decisions"": [""accept_alias_mapping"", ""reject_not_same_program"", ""reject_wrong_role_or_track"", ""reject_not_current_roster"", ""needs_more_evidence""], ""coverage_policy"": ""Accepted alias mappings are explicit facts, but downstream denominator coverage still must decide how and when to mutate coverage counts.""}, ""manual_decision_file"": ""artifacts/data/official_program_alias_reviewer_decisions.csv""}",2026-06-02T21:06:35.175571+00:00
official_program_alias_reviewer_decision_4e9641ebf9bb60b90787,official_program_alias_review_packet_4be26bbad85320da9bd9,official_program_coverage_action_ef65351cfd9289de4670,hup_gme_residency_radiology-interventional-independent_951079567585,"Radiology - Interventional, Independent",residency,Radiology,Interventional Radiology Integrated Residency,resident,19,https://www3.pennmedicine.org/departments-and-centers/department-of-radiology/education-and-training/residency-programs/current-residents/ir-integrated-residents,review_required_track_split_unresolved_review,0.7,not_ready_for_reviewer_decision,accept_alias_mapping; reject_not_same_program; reject_wrong_role_or_track; reject_not_current_roster; needs_more_evidence,10631168173febfeb45725178b6ed8c3782c254ab0876191bc9c7412dfe32690,official_program_confirmed; loaded_source_scope_confirmed; role_scope_confirmed; current_roster_confirmed,"Confirm the official denominator row, loaded source scope, trainee role/track, and current roster status before accepting an alias mapping.",find_or_confirm_independent_ir_current_roster_before_aliasing,Does the related loaded source truly cover this official denominator row?,"{""alias_review_packet"": {""alias_confidence"": 0.7, ""alias_decision_status"": ""review_required_track_split_unresolved_review"", ""loaded_person_count"": 19, ""loaded_program_name"": ""Interventional Radiology Integrated Residency"", ""loaded_role"": ""resident"", ""official_program_key"": ""hup_gme_residency_radiology-interventional-independent_951079567585"", ""official_program_name"": ""Radiology - Interventional, Independent"", ""official_program_type"": ""residency"", ""packet_key"": ""official_program_alias_review_packet_4be26bbad85320da9bd9"", ""queue_key"": ""official_program_coverage_action_ef65351cfd9289de4670"", ""rationale"": ""Official row is Interventional Radiology Independent, while loaded people are labeled Integrated IR residents."", ""recommended_next_action"": ""find_or_confirm_independent_ir_current_roster_before_aliasing"", ""review_question"": ""Does the related loaded source truly cover this official denominator row?"", ""reviewer_ready"": 0}, ""decision_policy"": {""accepted_mapping_requires"": [""reviewer_decision=accept_alias_mapping"", ""packet_fingerprint matches the current queue fingerprint"", ""official_program_confirmed=1"", ""loaded_source_scope_confirmed=1"", ""role_scope_confirmed=1"", ""current_roster_confirmed=1""], ""allowed_decisions"": [""accept_alias_mapping"", ""reject_not_same_program"", ""reject_wrong_role_or_track"", ""reject_not_current_roster"", ""needs_more_evidence""], ""coverage_policy"": ""Accepted alias mappings are explicit facts, but downstream denominator coverage still must decide how and when to mutate coverage counts.""}, ""manual_decision_file"": ""artifacts/data/official_program_alias_reviewer_decisions.csv""}",2026-06-02T21:06:35.175571+00:00
official_program_alias_reviewer_decision_f43e5d52f889b2bc7d25,official_program_alias_review_packet_c89494b63ee1e0049b1d,official_program_coverage_action_0b3534ba25a18d36a708,hup_gme_residency_thoracic-surgery-integrated_d1e421f5c16a,Thoracic Surgery - Integrated,residency,Surgery,Cardiothoracic Surgery Residency,resident,15,https://www3.pennmedicine.org/departments-and-centers/department-of-surgery/education-and-training/residencies/cardiothoracic-residency/residents,weak_alias_review,0.58,not_ready_for_reviewer_decision,accept_alias_mapping; reject_not_same_program; reject_wrong_role_or_track; reject_not_current_roster; needs_more_evidence,00bfeb9bd99e5953eac6289b73730e898a200832a805c5116ed3ad1600bc47e9,official_program_confirmed; loaded_source_scope_confirmed; role_scope_confirmed; current_roster_confirmed,"Confirm the official denominator row, loaded source scope, trainee role/track, and current roster status before accepting an alias mapping.",collect_stronger_alias_or_split_evidence,What source evidence links the loaded label to the official denominator row?,"{""alias_review_packet"": {""alias_confidence"": 0.58, ""alias_decision_status"": ""weak_alias_review"", ""loaded_person_count"": 15, ""loaded_program_name"": ""Cardiothoracic Surgery Residency"", ""loaded_role"": ""resident"", ""official_program_key"": ""hup_gme_residency_thoracic-surgery-integrated_d1e421f5c16a"", ""official_program_name"": ""Thoracic Surgery - Integrated"", ""official_program_type"": ""residency"", ""packet_key"": ""official_program_alias_review_packet_c89494b63ee1e0049b1d"", ""queue_key"": ""official_program_coverage_action_0b3534ba25a18d36a708"", ""rationale"": ""Alias relation has insufficient token or track evidence for reviewer-ready acceptance."", ""recommended_next_action"": ""collect_stronger_alias_or_split_evidence"", ""review_question"": ""What source evidence links the loaded label to the official denominator row?"", ""reviewer_ready"": 0}, ""decision_policy"": {""accepted_mapping_requires"": [""reviewer_decision=accept_alias_mapping"", ""packet_fingerprint matches the current queue fingerprint"", ""official_program_confirmed=1"", ""loaded_source_scope_confirmed=1"", ""role_scope_confirmed=1"", ""current_roster_confirmed=1""], ""allowed_decisions"": [""accept_alias_mapping"", ""reject_not_same_program"", ""reject_wrong_role_or_track"", ""reject_not_current_roster"", ""needs_more_evidence""], ""coverage_policy"": ""Accepted alias mappings are explicit facts, but downstream denominator coverage still must decide how and when to mutate coverage counts.""}, ""manual_decision_file"": ""artifacts/data/official_program_alias_reviewer_decisions.csv""}",2026-06-02T21:06:35.175571+00:00
official_program_alias_reviewer_decision_4152da43e48013c09068,official_program_alias_review_packet_2ad2d23af344357cb997,official_program_coverage_action_7e3129e60925962aefcf,hup_gme_fellowship_abdominal-radiology_46b381e34efc,Abdominal Radiology,fellowship,Radiology,Abdominal Imaging Fellowship,fellow,9,https://www3.pennmedicine.org/departments-and-centers/department-of-radiology/education-and-training/fellowships/meet-our-fellows,weak_alias_review,0.58,not_ready_for_reviewer_decision,accept_alias_mapping; reject_not_same_program; reject_wrong_role_or_track; reject_not_current_roster; needs_more_evidence,37e4efdcf81e32003c1627bdc5e9476a9815f29c43c4ea856950b123a760d8fb,official_program_confirmed; loaded_source_scope_confirmed; role_scope_confirmed; current_roster_confirmed,"Confirm the official denominator row, loaded source scope, trainee role/track, and current roster status before accepting an alias mapping.",collect_stronger_alias_or_split_evidence,What source evidence links the loaded label to the official denominator row?,"{""alias_review_packet"": {""alias_confidence"": 0.58, ""alias_decision_status"": ""weak_alias_review"", ""loaded_person_count"": 9, ""loaded_program_name"": ""Abdominal Imaging Fellowship"", ""loaded_role"": ""fellow"", ""official_program_key"": ""hup_gme_fellowship_abdominal-radiology_46b381e34efc"", ""official_program_name"": ""Abdominal Radiology"", ""official_program_type"": ""fellowship"", ""packet_key"": ""official_program_alias_review_packet_2ad2d23af344357cb997"", ""queue_key"": ""official_program_coverage_action_7e3129e60925962aefcf"", ""rationale"": ""Alias relation has insufficient token or track evidence for reviewer-ready acceptance."", ""recommended_next_action"": ""collect_stronger_alias_or_split_evidence"", ""review_question"": ""What source evidence links the loaded label to the official denominator row?"", ""reviewer_ready"": 0}, ""decision_policy"": {""accepted_mapping_requires"": [""reviewer_decision=accept_alias_mapping"", ""packet_fingerprint matches the current queue fingerprint"", ""official_program_confirmed=1"", ""loaded_source_scope_confirmed=1"", ""role_scope_confirmed=1"", ""current_roster_confirmed=1""], ""allowed_decisions"": [""accept_alias_mapping"", ""reject_not_same_program"", ""reject_wrong_role_or_track"", ""reject_not_current_roster"", ""needs_more_evidence""], ""coverage_policy"": ""Accepted alias mappings are explicit facts, but downstream denominator coverage still must decide how and when to mutate coverage counts.""}, ""manual_decision_file"": ""artifacts/data/official_program_alias_reviewer_decisions.csv""}",2026-06-02T21:06:35.175571+00:00
official_program_alias_reviewer_decision_9e6a4d18c90b6e49da4d,official_program_alias_review_packet_70210fac23f9723a785b,official_program_coverage_action_897e04aad2ef87a1b92e,hup_gme_fellowship_soft-tissue-and-bone-selective_5b6c8e2f798f,Soft Tissue/Bone (Selective),fellowship,Pathology and Laboratory Medicine,Surgical Pathology Fellowship,fellow,6,https://pathology.med.upenn.edu/department/people/fellows,review_required_weak_related_source_review,0.45,not_ready_for_reviewer_decision,accept_alias_mapping; reject_not_same_program; reject_wrong_role_or_track; reject_not_current_roster; needs_more_evidence,f8548b3c633b1cab2e4bf9e80ebfbfdcf2b6738c84641ff80bc68ae5cfd8a535,official_program_confirmed; loaded_source_scope_confirmed; role_scope_confirmed; current_roster_confirmed,"Confirm the official denominator row, loaded source scope, trainee role/track, and current roster status before accepting an alias mapping.",keep_gap_open_and_collect_stronger_evidence,Does the related loaded source truly cover this official denominator row?,"{""alias_review_packet"": {""alias_confidence"": 0.45, ""alias_decision_status"": ""review_required_weak_related_source_review"", ""loaded_person_count"": 6, ""loaded_program_name"": ""Surgical Pathology Fellowship"", ""loaded_role"": ""fellow"", ""official_program_key"": ""hup_gme_fellowship_soft-tissue-and-bone-selective_5b6c8e2f798f"", ""official_program_name"": ""Soft Tissue/Bone (Selective)"", ""official_program_type"": ""fellowship"", ""packet_key"": ""official_program_alias_review_packet_70210fac23f9723a785b"", ""queue_key"": ""official_program_coverage_action_897e04aad2ef87a1b92e"", ""rationale"": ""Related source has accepted people but does not provide enough label overlap for an alias decision."", ""recommended_next_action"": ""keep_gap_open_and_collect_stronger_evidence"", ""review_question"": ""Does the related loaded source truly cover this official denominator row?"", ""reviewer_ready"": 0}, ""decision_policy"": {""accepted_mapping_requires"": [""reviewer_decision=accept_alias_mapping"", ""packet_fingerprint matches the current queue fingerprint"", ""official_program_confirmed=1"", ""loaded_source_scope_confirmed=1"", ""role_scope_confirmed=1"", ""current_roster_confirmed=1""], ""allowed_decisions"": [""accept_alias_mapping"", ""reject_not_same_program"", ""reject_wrong_role_or_track"", ""reject_not_current_roster"", ""needs_more_evidence""], ""coverage_policy"": ""Accepted alias mappings are explicit facts, but downstream denominator coverage still must decide how and when to mutate coverage counts.""}, ""manual_decision_file"": ""artifacts/data/official_program_alias_reviewer_decisions.csv""}",2026-06-02T21:06:35.175571+00:00
official_program_alias_reviewer_decision_4750ecf36867f984a584,official_program_alias_review_packet_810316fe5fec9ce12d50,official_program_coverage_action_897e04aad2ef87a1b92e,hup_gme_fellowship_soft-tissue-and-bone-selective_5b6c8e2f798f,Soft Tissue/Bone (Selective),fellowship,Pathology and Laboratory Medicine,Hematopathology Fellowship,fellow,4,https://pathology.med.upenn.edu/department/people/fellows,review_required_weak_related_source_review,0.45,not_ready_for_reviewer_decision,accept_alias_mapping; reject_not_same_program; reject_wrong_role_or_track; reject_not_current_roster; needs_more_evidence,dfc7dfd67bcd664f8e74e5757c1cebc4334710b64ee879fa74bdfbc0b42042f1,official_program_confirmed; loaded_source_scope_confirmed; role_scope_confirmed; current_roster_confirmed,"Confirm the official denominator row, loaded source scope, trainee role/track, and current roster status before accepting an alias mapping.",keep_gap_open_and_collect_stronger_evidence,Does the related loaded source truly cover this official denominator row?,"{""alias_review_packet"": {""alias_confidence"": 0.45, ""alias_decision_status"": ""review_required_weak_related_source_review"", ""loaded_person_count"": 4, ""loaded_program_name"": ""Hematopathology Fellowship"", ""loaded_role"": ""fellow"", ""official_program_key"": ""hup_gme_fellowship_soft-tissue-and-bone-selective_5b6c8e2f798f"", ""official_program_name"": ""Soft Tissue/Bone (Selective)"", ""official_program_type"": ""fellowship"", ""packet_key"": ""official_program_alias_review_packet_810316fe5fec9ce12d50"", ""queue_key"": ""official_program_coverage_action_897e04aad2ef87a1b92e"", ""rationale"": ""Related source has accepted people but does not provide enough label overlap for an alias decision."", ""recommended_next_action"": ""keep_gap_open_and_collect_stronger_evidence"", ""review_question"": ""Does the related loaded source truly cover this official denominator row?"", ""reviewer_ready"": 0}, ""decision_policy"": {""accepted_mapping_requires"": [""reviewer_decision=accept_alias_mapping"", ""packet_fingerprint matches the current queue fingerprint"", ""official_program_confirmed=1"", ""loaded_source_scope_confirmed=1"", ""role_scope_confirmed=1"", ""current_roster_confirmed=1""], ""allowed_decisions"": [""accept_alias_mapping"", ""reject_not_same_program"", ""reject_wrong_role_or_track"", ""reject_not_current_roster"", ""needs_more_evidence""], ""coverage_policy"": ""Accepted alias mappings are explicit facts, but downstream denominator coverage still must decide how and when to mutate coverage counts.""}, ""manual_decision_file"": ""artifacts/data/official_program_alias_reviewer_decisions.csv""}",2026-06-02T21:06:35.175571+00:00
official_program_alias_reviewer_decision_0da12877a1c09c3c4b9e,official_program_alias_review_packet_04ce0fed62ccb41cf1a4,official_program_coverage_action_6f0f0ce664c7f1605aff,hup_gme_fellowship_adult-reconstructive-orthopedics_ba6a91e2425b,Adult Reconstructive Orthopedics,fellowship,Orthopedic Surgery,Adult Reconstructive Orthopedics Fellowship,fellow,3,https://www3.pennmedicine.org/departments-and-centers/orthopaedic-surgery/education-and-training/fellowships/current-fellows,not_alias_count_conflict_review,0,not_ready_for_reviewer_decision,accept_alias_mapping; reject_not_same_program; reject_wrong_role_or_track; reject_not_current_roster; needs_more_evidence,490a62ed7da1bd5ee9fc126ceb0f195d6ef0dca0e1316ee810b71bb28425dddf,official_program_confirmed; loaded_source_scope_confirmed; role_scope_confirmed; current_roster_confirmed,"Confirm the official denominator row, loaded source scope, trainee role/track, and current roster status before accepting an alias mapping.",review_count_conflict_before_alias_acceptance,Does the resolved source contain people from a broader fellowship set than the official denominator row?,"{""alias_review_packet"": {""alias_confidence"": 0.0, ""alias_decision_status"": ""not_alias_count_conflict_review"", ""loaded_person_count"": 3, ""loaded_program_name"": ""Adult Reconstructive Orthopedics Fellowship"", ""loaded_role"": ""fellow"", ""official_program_key"": ""hup_gme_fellowship_adult-reconstructive-orthopedics_ba6a91e2425b"", ""official_program_name"": ""Adult Reconstructive Orthopedics"", ""official_program_type"": ""fellowship"", ""packet_key"": ""official_program_alias_review_packet_04ce0fed62ccb41cf1a4"", ""queue_key"": ""official_program_coverage_action_6f0f0ce664c7f1605aff"", ""rationale"": ""Count conflict requires source-level review before any alias acceptance."", ""recommended_next_action"": ""review_count_conflict_before_alias_acceptance"", ""review_question"": ""Does the resolved source contain people from a broader fellowship set than the official denominator row?"", ""reviewer_ready"": 0}, ""decision_policy"": {""accepted_mapping_requires"": [""reviewer_decision=accept_alias_mapping"", ""packet_fingerprint matches the current queue fingerprint"", ""official_program_confirmed=1"", ""loaded_source_scope_confirmed=1"", ""role_scope_confirmed=1"", ""current_roster_confirmed=1""], ""allowed_decisions"": [""accept_alias_mapping"", ""reject_not_same_program"", ""reject_wrong_role_or_track"", ""reject_not_current_roster"", ""needs_more_evidence""], ""coverage_policy"": ""Accepted alias mappings are explicit facts, but downstream denominator coverage still must decide how and when to mutate coverage counts.""}, ""manual_decision_file"": ""artifacts/data/official_program_alias_reviewer_decisions.csv""}",2026-06-02T21:06:35.175571+00:00
official_program_alias_reviewer_decision_68c5c567f5b3275d0b8e,official_program_alias_review_packet_828964bed2c9ba36ab50,official_program_coverage_action_023b137e069aa69e8042,hup_gme_residency_dermatology_cabc25fcd11c,Dermatology,residency,Dermatology,Combined Internal Medicine-Dermatology Residency,resident,3,https://www3.pennmedicine.org/departments-and-centers/department-of-medicine/education-and-training/internal-medicine-residency/our-program/combined-internal-medicine-dermatology-program/medicine-dermatology-residents,review_required_combined_track_not_categorical_coverage,0.74,not_ready_for_reviewer_decision,accept_alias_mapping; reject_not_same_program; reject_wrong_role_or_track; reject_not_current_roster; needs_more_evidence,f2e387005d8101d78a115bc9bfaf2b7ddf8fee22ff3f2d208c38f1842f8bd622,official_program_confirmed; loaded_source_scope_confirmed; role_scope_confirmed; current_roster_confirmed,"Confirm the official denominator row, loaded source scope, trainee role/track, and current roster status before accepting an alias mapping.",do_not_mark_categorical_dermatology_covered_without_dermatology_roster,Does the related loaded source truly cover this official denominator row?,"{""alias_review_packet"": {""alias_confidence"": 0.74, ""alias_decision_status"": ""review_required_combined_track_not_categorical_coverage"", ""loaded_person_count"": 3, ""loaded_program_name"": ""Combined Internal Medicine-Dermatology Residency"", ""loaded_role"": ""resident"", ""official_program_key"": ""hup_gme_residency_dermatology_cabc25fcd11c"", ""official_program_name"": ""Dermatology"", ""official_program_type"": ""residency"", ""packet_key"": ""official_program_alias_review_packet_828964bed2c9ba36ab50"", ""queue_key"": ""official_program_coverage_action_023b137e069aa69e8042"", ""rationale"": ""Loaded source covers the combined Internal Medicine-Dermatology track, not necessarily categorical Dermatology residency."", ""recommended_next_action"": ""do_not_mark_categorical_dermatology_covered_without_dermatology_roster"", ""review_question"": ""Does the related loaded source truly cover this official denominator row?"", ""reviewer_ready"": 0}, ""decision_policy"": {""accepted_mapping_requires"": [""reviewer_decision=accept_alias_mapping"", ""packet_fingerprint matches the current queue fingerprint"", ""official_program_confirmed=1"", ""loaded_source_scope_confirmed=1"", ""role_scope_confirmed=1"", ""current_roster_confirmed=1""], ""allowed_decisions"": [""accept_alias_mapping"", ""reject_not_same_program"", ""reject_wrong_role_or_track"", ""reject_not_current_roster"", ""needs_more_evidence""], ""coverage_policy"": ""Accepted alias mappings are explicit facts, but downstream denominator coverage still must decide how and when to mutate coverage counts.""}, ""manual_decision_file"": ""artifacts/data/official_program_alias_reviewer_decisions.csv""}",2026-06-02T21:06:35.175571+00:00
official_program_alias_reviewer_decision_847cfb779c2b791acc0f,official_program_alias_review_packet_411205ab69199981963f,official_program_coverage_action_897e04aad2ef87a1b92e,hup_gme_fellowship_soft-tissue-and-bone-selective_5b6c8e2f798f,Soft Tissue/Bone (Selective),fellowship,Pathology and Laboratory Medicine,Molecular Genetic Pathology Fellowship,fellow,2,https://pathology.med.upenn.edu/department/people/fellows,review_required_weak_related_source_review,0.45,not_ready_for_reviewer_decision,accept_alias_mapping; reject_not_same_program; reject_wrong_role_or_track; reject_not_current_roster; needs_more_evidence,cb39c7a08afd68256ddc70b3412902e41b16da8e63aebaa384d79fcacec69fe1,official_program_confirmed; loaded_source_scope_confirmed; role_scope_confirmed; current_roster_confirmed,"Confirm the official denominator row, loaded source scope, trainee role/track, and current roster status before accepting an alias mapping.",keep_gap_open_and_collect_stronger_evidence,Does the related loaded source truly cover this official denominator row?,"{""alias_review_packet"": {""alias_confidence"": 0.45, ""alias_decision_status"": ""review_required_weak_related_source_review"", ""loaded_person_count"": 2, ""loaded_program_name"": ""Molecular Genetic Pathology Fellowship"", ""loaded_role"": ""fellow"", ""official_program_key"": ""hup_gme_fellowship_soft-tissue-and-bone-selective_5b6c8e2f798f"", ""official_program_name"": ""Soft Tissue/Bone (Selective)"", ""official_program_type"": ""fellowship"", ""packet_key"": ""official_program_alias_review_packet_411205ab69199981963f"", ""queue_key"": ""official_program_coverage_action_897e04aad2ef87a1b92e"", ""rationale"": ""Related source has accepted people but does not provide enough label overlap for an alias decision."", ""recommended_next_action"": ""keep_gap_open_and_collect_stronger_evidence"", ""review_question"": ""Does the related loaded source truly cover this official denominator row?"", ""reviewer_ready"": 0}, ""decision_policy"": {""accepted_mapping_requires"": [""reviewer_decision=accept_alias_mapping"", ""packet_fingerprint matches the current queue fingerprint"", ""official_program_confirmed=1"", ""loaded_source_scope_confirmed=1"", ""role_scope_confirmed=1"", ""current_roster_confirmed=1""], ""allowed_decisions"": [""accept_alias_mapping"", ""reject_not_same_program"", ""reject_wrong_role_or_track"", ""reject_not_current_roster"", ""needs_more_evidence""], ""coverage_policy"": ""Accepted alias mappings are explicit facts, but downstream denominator coverage still must decide how and when to mutate coverage counts.""}, ""manual_decision_file"": ""artifacts/data/official_program_alias_reviewer_decisions.csv""}",2026-06-02T21:06:35.175571+00:00
official_program_alias_reviewer_decision_33fb7a4263cec48c9f2e,official_program_alias_review_packet_7d2f3e74b7992b12d3a0,official_program_coverage_action_897e04aad2ef87a1b92e,hup_gme_fellowship_soft-tissue-and-bone-selective_5b6c8e2f798f,Soft Tissue/Bone (Selective),fellowship,Pathology and Laboratory Medicine,Clinical Microbiology Fellowship,fellow,2,https://pathology.med.upenn.edu/department/people/fellows,review_required_weak_related_source_review,0.45,not_ready_for_reviewer_decision,accept_alias_mapping; reject_not_same_program; reject_wrong_role_or_track; reject_not_current_roster; needs_more_evidence,304c117f2ed86e0beebe8f959a26455fa78aec512013ad7f38739764b36b2d5f,official_program_confirmed; loaded_source_scope_confirmed; role_scope_confirmed; current_roster_confirmed,"Confirm the official denominator row, loaded source scope, trainee role/track, and current roster status before accepting an alias mapping.",keep_gap_open_and_collect_stronger_evidence,Does the related loaded source truly cover this official denominator row?,"{""alias_review_packet"": {""alias_confidence"": 0.45, ""alias_decision_status"": ""review_required_weak_related_source_review"", ""loaded_person_count"": 2, ""loaded_program_name"": ""Clinical Microbiology Fellowship"", ""loaded_role"": ""fellow"", ""official_program_key"": ""hup_gme_fellowship_soft-tissue-and-bone-selective_5b6c8e2f798f"", ""official_program_name"": ""Soft Tissue/Bone (Selective)"", ""official_program_type"": ""fellowship"", ""packet_key"": ""official_program_alias_review_packet_7d2f3e74b7992b12d3a0"", ""queue_key"": ""official_program_coverage_action_897e04aad2ef87a1b92e"", ""rationale"": ""Related source has accepted people but does not provide enough label overlap for an alias decision."", ""recommended_next_action"": ""keep_gap_open_and_collect_stronger_evidence"", ""review_question"": ""Does the related loaded source truly cover this official denominator row?"", ""reviewer_ready"": 0}, ""decision_policy"": {""accepted_mapping_requires"": [""reviewer_decision=accept_alias_mapping"", ""packet_fingerprint matches the current queue fingerprint"", ""official_program_confirmed=1"", ""loaded_source_scope_confirmed=1"", ""role_scope_confirmed=1"", ""current_roster_confirmed=1""], ""allowed_decisions"": [""accept_alias_mapping"", ""reject_not_same_program"", ""reject_wrong_role_or_track"", ""reject_not_current_roster"", ""needs_more_evidence""], ""coverage_policy"": ""Accepted alias mappings are explicit facts, but downstream denominator coverage still must decide how and when to mutate coverage counts.""}, ""manual_decision_file"": ""artifacts/data/official_program_alias_reviewer_decisions.csv""}",2026-06-02T21:06:35.175571+00:00
official_program_alias_reviewer_decision_ea925ef19019aa0100b0,official_program_alias_review_packet_ad259e7e3e4c0937267e,official_program_coverage_action_897e04aad2ef87a1b92e,hup_gme_fellowship_soft-tissue-and-bone-selective_5b6c8e2f798f,Soft Tissue/Bone (Selective),fellowship,Pathology and Laboratory Medicine,Clinical Chemistry Fellowship,fellow,2,https://pathology.med.upenn.edu/department/people/fellows,review_required_weak_related_source_review,0.45,not_ready_for_reviewer_decision,accept_alias_mapping; reject_not_same_program; reject_wrong_role_or_track; reject_not_current_roster; needs_more_evidence,ae7423f5aaff2e70036f9dfd49dc62b67ecd4fced2d68b8097b252bf5d0a70bd,official_program_confirmed; loaded_source_scope_confirmed; role_scope_confirmed; current_roster_confirmed,"Confirm the official denominator row, loaded source scope, trainee role/track, and current roster status before accepting an alias mapping.",keep_gap_open_and_collect_stronger_evidence,Does the related loaded source truly cover this official denominator row?,"{""alias_review_packet"": {""alias_confidence"": 0.45, ""alias_decision_status"": ""review_required_weak_related_source_review"", ""loaded_person_count"": 2, ""loaded_program_name"": ""Clinical Chemistry Fellowship"", ""loaded_role"": ""fellow"", ""official_program_key"": ""hup_gme_fellowship_soft-tissue-and-bone-selective_5b6c8e2f798f"", ""official_program_name"": ""Soft Tissue/Bone (Selective)"", ""official_program_type"": ""fellowship"", ""packet_key"": ""official_program_alias_review_packet_ad259e7e3e4c0937267e"", ""queue_key"": ""official_program_coverage_action_897e04aad2ef87a1b92e"", ""rationale"": ""Related source has accepted people but does not provide enough label overlap for an alias decision."", ""recommended_next_action"": ""keep_gap_open_and_collect_stronger_evidence"", ""review_question"": ""Does the related loaded source truly cover this official denominator row?"", ""reviewer_ready"": 0}, ""decision_policy"": {""accepted_mapping_requires"": [""reviewer_decision=accept_alias_mapping"", ""packet_fingerprint matches the current queue fingerprint"", ""official_program_confirmed=1"", ""loaded_source_scope_confirmed=1"", ""role_scope_confirmed=1"", ""current_roster_confirmed=1""], ""allowed_decisions"": [""accept_alias_mapping"", ""reject_not_same_program"", ""reject_wrong_role_or_track"", ""reject_not_current_roster"", ""needs_more_evidence""], ""coverage_policy"": ""Accepted alias mappings are explicit facts, but downstream denominator coverage still must decide how and when to mutate coverage counts.""}, ""manual_decision_file"": ""artifacts/data/official_program_alias_reviewer_decisions.csv""}",2026-06-02T21:06:35.175571+00:00
official_program_alias_reviewer_decision_9c20858df8039ce03306,official_program_alias_review_packet_b95c719baf366bd9b9d5,official_program_coverage_action_897e04aad2ef87a1b92e,hup_gme_fellowship_soft-tissue-and-bone-selective_5b6c8e2f798f,Soft Tissue/Bone (Selective),fellowship,Pathology and Laboratory Medicine,Neuropathology Fellowship,fellow,2,https://pathology.med.upenn.edu/department/people/fellows,review_required_weak_related_source_review,0.45,not_ready_for_reviewer_decision,accept_alias_mapping; reject_not_same_program; reject_wrong_role_or_track; reject_not_current_roster; needs_more_evidence,a75a5e4cea68c135234ab6f5d92010ecb31592677e26b09003f397f362b9f4b8,official_program_confirmed; loaded_source_scope_confirmed; role_scope_confirmed; current_roster_confirmed,"Confirm the official denominator row, loaded source scope, trainee role/track, and current roster status before accepting an alias mapping.",keep_gap_open_and_collect_stronger_evidence,Does the related loaded source truly cover this official denominator row?,"{""alias_review_packet"": {""alias_confidence"": 0.45, ""alias_decision_status"": ""review_required_weak_related_source_review"", ""loaded_person_count"": 2, ""loaded_program_name"": ""Neuropathology Fellowship"", ""loaded_role"": ""fellow"", ""official_program_key"": ""hup_gme_fellowship_soft-tissue-and-bone-selective_5b6c8e2f798f"", ""official_program_name"": ""Soft Tissue/Bone (Selective)"", ""official_program_type"": ""fellowship"", ""packet_key"": ""official_program_alias_review_packet_b95c719baf366bd9b9d5"", ""queue_key"": ""official_program_coverage_action_897e04aad2ef87a1b92e"", ""rationale"": ""Related source has accepted people but does not provide enough label overlap for an alias decision."", ""recommended_next_action"": ""keep_gap_open_and_collect_stronger_evidence"", ""review_question"": ""Does the related loaded source truly cover this official denominator row?"", ""reviewer_ready"": 0}, ""decision_policy"": {""accepted_mapping_requires"": [""reviewer_decision=accept_alias_mapping"", ""packet_fingerprint matches the current queue fingerprint"", ""official_program_confirmed=1"", ""loaded_source_scope_confirmed=1"", ""role_scope_confirmed=1"", ""current_roster_confirmed=1""], ""allowed_decisions"": [""accept_alias_mapping"", ""reject_not_same_program"", ""reject_wrong_role_or_track"", ""reject_not_current_roster"", ""needs_more_evidence""], ""coverage_policy"": ""Accepted alias mappings are explicit facts, but downstream denominator coverage still must decide how and when to mutate coverage counts.""}, ""manual_decision_file"": ""artifacts/data/official_program_alias_reviewer_decisions.csv""}",2026-06-02T21:06:35.175571+00:00
official_program_alias_reviewer_decision_14bfc286b30b210eb0aa,official_program_alias_review_packet_cfe6161671c104ca6240,official_program_coverage_action_897e04aad2ef87a1b92e,hup_gme_fellowship_soft-tissue-and-bone-selective_5b6c8e2f798f,Soft Tissue/Bone (Selective),fellowship,Pathology and Laboratory Medicine,GI/Hepatic Pathology Fellowship,fellow,2,https://pathology.med.upenn.edu/department/people/fellows,review_required_weak_related_source_review,0.45,not_ready_for_reviewer_decision,accept_alias_mapping; reject_not_same_program; reject_wrong_role_or_track; reject_not_current_roster; needs_more_evidence,59d89bf687caacfe73d00acf96830d51c586c020ecb33b026f16c0aa0abb2b94,official_program_confirmed; loaded_source_scope_confirmed; role_scope_confirmed; current_roster_confirmed,"Confirm the official denominator row, loaded source scope, trainee role/track, and current roster status before accepting an alias mapping.",keep_gap_open_and_collect_stronger_evidence,Does the related loaded source truly cover this official denominator row?,"{""alias_review_packet"": {""alias_confidence"": 0.45, ""alias_decision_status"": ""review_required_weak_related_source_review"", ""loaded_person_count"": 2, ""loaded_program_name"": ""GI/Hepatic Pathology Fellowship"", ""loaded_role"": ""fellow"", ""official_program_key"": ""hup_gme_fellowship_soft-tissue-and-bone-selective_5b6c8e2f798f"", ""official_program_name"": ""Soft Tissue/Bone (Selective)"", ""official_program_type"": ""fellowship"", ""packet_key"": ""official_program_alias_review_packet_cfe6161671c104ca6240"", ""queue_key"": ""official_program_coverage_action_897e04aad2ef87a1b92e"", ""rationale"": ""Related source has accepted people but does not provide enough label overlap for an alias decision."", ""recommended_next_action"": ""keep_gap_open_and_collect_stronger_evidence"", ""review_question"": ""Does the related loaded source truly cover this official denominator row?"", ""reviewer_ready"": 0}, ""decision_policy"": {""accepted_mapping_requires"": [""reviewer_decision=accept_alias_mapping"", ""packet_fingerprint matches the current queue fingerprint"", ""official_program_confirmed=1"", ""loaded_source_scope_confirmed=1"", ""role_scope_confirmed=1"", ""current_roster_confirmed=1""], ""allowed_decisions"": [""accept_alias_mapping"", ""reject_not_same_program"", ""reject_wrong_role_or_track"", ""reject_not_current_roster"", ""needs_more_evidence""], ""coverage_policy"": ""Accepted alias mappings are explicit facts, but downstream denominator coverage still must decide how and when to mutate coverage counts.""}, ""manual_decision_file"": ""artifacts/data/official_program_alias_reviewer_decisions.csv""}",2026-06-02T21:06:35.175571+00:00
official_program_alias_reviewer_decision_37541bf7abf9f2bd793e,official_program_alias_review_packet_fe4966b62261f245b40b,official_program_coverage_action_897e04aad2ef87a1b92e,hup_gme_fellowship_soft-tissue-and-bone-selective_5b6c8e2f798f,Soft Tissue/Bone (Selective),fellowship,Pathology and Laboratory Medicine,Cytopathology Fellowship,fellow,2,https://pathology.med.upenn.edu/department/people/fellows,review_required_weak_related_source_review,0.45,not_ready_for_reviewer_decision,accept_alias_mapping; reject_not_same_program; reject_wrong_role_or_track; reject_not_current_roster; needs_more_evidence,763771a57408db4df14a91a3ab53a8957be5b8672b62c5f179e5ffbf1eccec36,official_program_confirmed; loaded_source_scope_confirmed; role_scope_confirmed; current_roster_confirmed,"Confirm the official denominator row, loaded source scope, trainee role/track, and current roster status before accepting an alias mapping.",keep_gap_open_and_collect_stronger_evidence,Does the related loaded source truly cover this official denominator row?,"{""alias_review_packet"": {""alias_confidence"": 0.45, ""alias_decision_status"": ""review_required_weak_related_source_review"", ""loaded_person_count"": 2, ""loaded_program_name"": ""Cytopathology Fellowship"", ""loaded_role"": ""fellow"", ""official_program_key"": ""hup_gme_fellowship_soft-tissue-and-bone-selective_5b6c8e2f798f"", ""official_program_name"": ""Soft Tissue/Bone (Selective)"", ""official_program_type"": ""fellowship"", ""packet_key"": ""official_program_alias_review_packet_fe4966b62261f245b40b"", ""queue_key"": ""official_program_coverage_action_897e04aad2ef87a1b92e"", ""rationale"": ""Related source has accepted people but does not provide enough label overlap for an alias decision."", ""recommended_next_action"": ""keep_gap_open_and_collect_stronger_evidence"", ""review_question"": ""Does the related loaded source truly cover this official denominator row?"", ""reviewer_ready"": 0}, ""decision_policy"": {""accepted_mapping_requires"": [""reviewer_decision=accept_alias_mapping"", ""packet_fingerprint matches the current queue fingerprint"", ""official_program_confirmed=1"", ""loaded_source_scope_confirmed=1"", ""role_scope_confirmed=1"", ""current_roster_confirmed=1""], ""allowed_decisions"": [""accept_alias_mapping"", ""reject_not_same_program"", ""reject_wrong_role_or_track"", ""reject_not_current_roster"", ""needs_more_evidence""], ""coverage_policy"": ""Accepted alias mappings are explicit facts, but downstream denominator coverage still must decide how and when to mutate coverage counts.""}, ""manual_decision_file"": ""artifacts/data/official_program_alias_reviewer_decisions.csv""}",2026-06-02T21:06:35.175571+00:00
official_program_alias_reviewer_decision_3aab51db71231fc9c669,official_program_alias_review_packet_55aeb2a7f0dacc5a78fc,official_program_coverage_action_897e04aad2ef87a1b92e,hup_gme_fellowship_soft-tissue-and-bone-selective_5b6c8e2f798f,Soft Tissue/Bone (Selective),fellowship,Pathology and Laboratory Medicine,Breast Pathology Fellowship,fellow,1,https://pathology.med.upenn.edu/department/people/fellows,review_required_weak_related_source_review,0.45,not_ready_for_reviewer_decision,accept_alias_mapping; reject_not_same_program; reject_wrong_role_or_track; reject_not_current_roster; needs_more_evidence,336bb16deabf05bed65639afeb674e503e9e8b5fa74ef4d5cb461c827292d5ee,official_program_confirmed; loaded_source_scope_confirmed; role_scope_confirmed; current_roster_confirmed,"Confirm the official denominator row, loaded source scope, trainee role/track, and current roster status before accepting an alias mapping.",keep_gap_open_and_collect_stronger_evidence,Does the related loaded source truly cover this official denominator row?,"{""alias_review_packet"": {""alias_confidence"": 0.45, ""alias_decision_status"": ""review_required_weak_related_source_review"", ""loaded_person_count"": 1, ""loaded_program_name"": ""Breast Pathology Fellowship"", ""loaded_role"": ""fellow"", ""official_program_key"": ""hup_gme_fellowship_soft-tissue-and-bone-selective_5b6c8e2f798f"", ""official_program_name"": ""Soft Tissue/Bone (Selective)"", ""official_program_type"": ""fellowship"", ""packet_key"": ""official_program_alias_review_packet_55aeb2a7f0dacc5a78fc"", ""queue_key"": ""official_program_coverage_action_897e04aad2ef87a1b92e"", ""rationale"": ""Related source has accepted people but does not provide enough label overlap for an alias decision."", ""recommended_next_action"": ""keep_gap_open_and_collect_stronger_evidence"", ""review_question"": ""Does the related loaded source truly cover this official denominator row?"", ""reviewer_ready"": 0}, ""decision_policy"": {""accepted_mapping_requires"": [""reviewer_decision=accept_alias_mapping"", ""packet_fingerprint matches the current queue fingerprint"", ""official_program_confirmed=1"", ""loaded_source_scope_confirmed=1"", ""role_scope_confirmed=1"", ""current_roster_confirmed=1""], ""allowed_decisions"": [""accept_alias_mapping"", ""reject_not_same_program"", ""reject_wrong_role_or_track"", ""reject_not_current_roster"", ""needs_more_evidence""], ""coverage_policy"": ""Accepted alias mappings are explicit facts, but downstream denominator coverage still must decide how and when to mutate coverage counts.""}, ""manual_decision_file"": ""artifacts/data/official_program_alias_reviewer_decisions.csv""}",2026-06-02T21:06:35.175571+00:00
official_program_alias_reviewer_decision_82cbbf95fd8883cb7ae5,official_program_alias_review_packet_ee1ae1c54e9c0b4f45b6,official_program_coverage_action_897e04aad2ef87a1b92e,hup_gme_fellowship_soft-tissue-and-bone-selective_5b6c8e2f798f,Soft Tissue/Bone (Selective),fellowship,Pathology and Laboratory Medicine,Transfusion Medicine/Blood Bank Fellowship,fellow,1,https://pathology.med.upenn.edu/department/people/fellows,review_required_weak_related_source_review,0.45,not_ready_for_reviewer_decision,accept_alias_mapping; reject_not_same_program; reject_wrong_role_or_track; reject_not_current_roster; needs_more_evidence,7f0d95214ab56605a9c58f1be06193ae9973ac71b08620d6046109c3fcb11a9c,official_program_confirmed; loaded_source_scope_confirmed; role_scope_confirmed; current_roster_confirmed,"Confirm the official denominator row, loaded source scope, trainee role/track, and current roster status before accepting an alias mapping.",keep_gap_open_and_collect_stronger_evidence,Does the related loaded source truly cover this official denominator row?,"{""alias_review_packet"": {""alias_confidence"": 0.45, ""alias_decision_status"": ""review_required_weak_related_source_review"", ""loaded_person_count"": 1, ""loaded_program_name"": ""Transfusion Medicine/Blood Bank Fellowship"", ""loaded_role"": ""fellow"", ""official_program_key"": ""hup_gme_fellowship_soft-tissue-and-bone-selective_5b6c8e2f798f"", ""official_program_name"": ""Soft Tissue/Bone (Selective)"", ""official_program_type"": ""fellowship"", ""packet_key"": ""official_program_alias_review_packet_ee1ae1c54e9c0b4f45b6"", ""queue_key"": ""official_program_coverage_action_897e04aad2ef87a1b92e"", ""rationale"": ""Related source has accepted people but does not provide enough label overlap for an alias decision."", ""recommended_next_action"": ""keep_gap_open_and_collect_stronger_evidence"", ""review_question"": ""Does the related loaded source truly cover this official denominator row?"", ""reviewer_ready"": 0}, ""decision_policy"": {""accepted_mapping_requires"": [""reviewer_decision=accept_alias_mapping"", ""packet_fingerprint matches the current queue fingerprint"", ""official_program_confirmed=1"", ""loaded_source_scope_confirmed=1"", ""role_scope_confirmed=1"", ""current_roster_confirmed=1""], ""allowed_decisions"": [""accept_alias_mapping"", ""reject_not_same_program"", ""reject_wrong_role_or_track"", ""reject_not_current_roster"", ""needs_more_evidence""], ""coverage_policy"": ""Accepted alias mappings are explicit facts, but downstream denominator coverage still must decide how and when to mutate coverage counts.""}, ""manual_decision_file"": ""artifacts/data/official_program_alias_reviewer_decisions.csv""}",2026-06-02T21:06:35.175571+00:00
