scorecard_key,utility_key,utility_label,source_family,claim_surface,input_records,output_records,accepted_records,candidate_records,needs_review_records,review_ready_records,discovery_only_records,low_signal_records,coverage_gap_records,blocked_records,score,quality_band,strengths,limitations,recommended_next_action,evidence_json,audited_at
official_roster_current_membership,official_roster,Official roster current-membership extraction,official_institutional_web,"current trainee identity, role, program, stage, and source-backed background",78,1558,3258,0,0,0,0,0,0,0,92.0,high_utility,"Highest precision source for current trainee membership; Preserves source URL, role, program, and stage labels; Supports deterministic annual refresh and diff views",Roster richness varies by department; Some official pages expose people without full education or year labels; Coverage is bounded by discovered official pages,keep_as_truth_anchor_and_refresh_on_program_clock,"{""accepted_training_claims"": 1775, ""memberships"": 1558, ""official_sources"": 78, ""people"": 1483}",2026-06-02T08:05:34.073996+00:00
official_program_denominator_coverage,official_roster,Official HUP program denominator coverage,official_institutional_web,"institution program universe, coverage gaps, and denominator drift",91,64,64,0,16,0,0,0,27,0,86.0,high_utility,Separates denominator coverage from person extraction; Makes missing programs auditable instead of invisible; Supports institution and category-level annual diffs,Official list does not guarantee a public current roster; Track aliases and section-level splits need explicit reconciliation; Coverage mutations are intentionally blocked until evidence is stronger,resolve_gap_reason_and_alias_candidates_before_count_mutation,"{""alias_candidate_rows"": 16, ""coverage_gaps"": 27, ""coverage_mutation_allowed_rows"": 0, ""covered_current_roster"": 64, ""gap_reasons"": {""official_page_empty_or_low_content"": 3, ""public_program_context_no_current_roster"": 19, ""source_already_loaded_related_program_review"": 5}, ""official_programs"": 91}",2026-06-02T10:12:18.008046+00:00
acgme_program_identifier_candidates,external_program_identifier,ACGME public program identifier candidates,acgme_public_data,"program accreditation code, specialty, sponsoring program name, city, and accreditation-row context",91,113,69,113,44,0,0,0,0,7,82.0,strong_with_known_limits,"Uses the official ACGME public program search as the identifier source; Adds source-backed ACGME codes for many Penn/HUP denominator programs; Separates strong, ambiguous, review, no-ACGME-found, and lifecycle-consistency outcomes before mutation","ACGME is not trainee roster truth and does not identify individual residents or fellows; UPHS has duplicate or facility-specific rows for some specialties; Accepted identifiers still need roster coverage and lifecycle-rule agreement before annual roll-forward use; Non-ACGME, dental, selective, and locally named fellowship programs legitimately have no ACGME code",use_accepted_program_identifiers_and_review_remaining_acgme_ambiguities,"{""accepted_identifier_rows"": 69, ""candidate_rows"": 113, ""candidate_summary"": {""acceptance_rule"": ""Use ACGME code as a program identifier candidate only; do not mutate trainee roster truth or lifecycle rules without review when local tracks, duplicate sites, or non-ACGME programs are possible."", ""audited_at"": ""2026-06-02T10:06:56.416620+00:00"", ""by_candidate_status"": {""ambiguous_acgme_identifier_candidate"": 20, ""no_acgme_identifier_found"": 7, ""review_acgme_identifier_candidate"": 11, ""strong_acgme_identifier_candidate"": 75}, ""by_official_program_type"": {""fellowship"": 71, ""residency"": 42}, ""candidate_rows"": 113, ""csv"": ""artifacts/data/program_identifier_candidates.csv"", ""json"": ""artifacts/data/program_identifier_candidates.json"", ""observation"": {""content_sha256"": ""d8c5b8c8bf71105d59187ed7e8bbeee5a8f67863282378294b563c65ea18c0cd"", ""error_text"": """", ""fetched_at"": ""2026-06-02T10:06:52.674352+00:00"", ""http_status"": 200, ""identifier_source"": ""acgme_public_program_search"", ""observation_key"": ""acgme_observation_pennsylvania-2026-06-02t10-06-52-674352-00-00_7d46f9529dc388fe"", ""query_params_json"": ""{\""CaptureProgramId\"": \""\"", \""ShowProgramsList\"": \""True\"", \""accreditationTypeId\"": \""2\"", \""city\"": \""\"", \""g-recaptcha-response\"": \""\"", \""numCode\"": \""\"", \""specialtyCategoryTypeId\"": \""\"", \""specialtyId\"": \""\"", \""stateId\"": \""39\""}"", ""query_scope"": ""state:pennsylvania"", ""query_url"": ""https://apps.acgme.org/ads/Public/Programs/Search"", ""relevant_result_count"": 151, ""result_count"": 1105, ""source_status"": ""ok""}, ""observation_csv"": ""artifacts/data/program_identifier_source_observations.csv"", ""official_program_rows"": 91, ""rows_with_identifier"": 106, ""source"": ""ACGME public program search"", ""source_url"": ""https://apps.acgme.org/ads/Public/Programs/Search"", ""strong_or_review_identifier_rows"": 86}, ""no_acgme_identifier_rows"": 7, ""program_lifecycle_consistency_summary"": {""acceptance_rule"": ""Use accepted ACGME identifiers for lifecycle rollups only when official coverage mapping and a single non-default lifecycle code agree."", ""accepted_identifier_rows"": 69, ""audit_rows"": 69, ""audited_at"": ""2026-06-02T10:06:56.508061+00:00"", ""by_coverage_status"": {""covered_current_roster"": 47, ""discovered_no_current_roster"": 11, ""not_discovered"": 11}, ""by_lifecycle_status"": {""accepted_identifier_lifecycle_consistent"": 35, ""accepted_identifier_with_default_or_unknown_lifecycle"": 10, ""identifier_accepted_no_current_roster_validation"": 22, ""mixed_missing_lifecycle_rows_review"": 1, ""multiple_lifecycle_codes_for_program_review"": 1}, ""by_recommended_action"": {""classify_unmapped_state_rows_before_auto_advancing_program_rollups"": 1, ""find_or_refresh_current_roster_before_using_lifecycle_for_diff_mutation"": 22, ""source_duration_or_specialty_rule_before_auto_advancing_program_rollups"": 10, ""split_program_tracks_or_review_label_specific_lifecycle_rules"": 1, ""use_for_program_level_normalization_and_state_machine_rollups"": 35}, ""coded_state_rows"": 768, ""consistent_lifecycle_rows"": 35, ""csv"": ""artifacts/data/program_lifecycle_consistency_audit.csv"", ""json"": ""artifacts/data/program_lifecycle_consistency_audit.json"", ""review_or_unvalidated_rows"": 34, ""state_rows"": 781, ""unclassified_state_rows"": 13}, ""reconciliation_summary"": {""acceptance_rule"": ""Accept only a single strong top ACGME candidate with no close competing Penn/UPHS facility, affiliate, or track sibling."", ""accepted_identifier_csv"": ""artifacts/data/official_program_identifiers.csv"", ""accepted_identifier_rows"": 69, ""accepted_official_program_rows"": 69, ""by_recommended_action"": {""attach_identifier_to_official_program_record"": 69, ""record_no_acgme_code_and_keep_program_as_local_or_non_acgme_until_better_source"": 7, ""review_affiliate_specialty_alias_or_chop_context_before_accepting"": 11, ""review_duplicate_facility_or_track_specific_acgme_rows"": 20, ""review_facility_track_or_affiliate_context_before_accepting_identifier"": 4, ""review_track_mapping_before_reusing_identifier_across_official_programs"": 2}, ""by_reconciliation_status"": {""accepted_official_program_identifier"": 69, ""manual_review_required_ambiguous_identifier"": 20, ""manual_review_required_competing_strong_identifier"": 4, ""manual_review_required_duplicate_identifier_across_programs"": 2, ""no_external_identifier_supported"": 7, ""review_affiliate_or_specialty_alias_identifier"": 11}, ""candidate_rows"": 113, ""official_program_rows"": 91, ""reconciled_at"": ""2026-06-02T10:06:56.454872+00:00"", ""reconciliation_csv"": ""artifacts/data/program_identifier_reconciliation.csv"", ""reconciliation_json"": ""artifacts/data/program_identifier_reconciliation.json""}, ""review_or_no_code_rows"": 44}",2026-06-02T10:08:41.469219+00:00
medical_student_public_source_audit,official_roster,Penn medical-student public-source audit,official_institutional_web,"public MSTP directory, protected MD directory, MD program context, and MD-PhD graduate-directory cross-checks",16,16,225,9,2,0,0,0,0,1,78.0,strong_with_known_limits,Separates public MD-PhD roster truth from protected MD-only directory access; Uses official PSOM/MSTP pages as source-access evidence; Keeps graduate-program directories as cross-check/enrichment candidates without inflating the MD denominator,"The official MD-only medical student directory is PennKey protected and must not be scraped; Graduate directories overlap MSTP and broader PhD populations, so they are not accepted denominator records; A small number of linked graduate directories are unreachable and need periodic recheck",monitor_protected_md_directory_and_use_grad_directories_only_for_mstp_crosscheck,"{""graduate_crosscheck_rows"": 9, ""medical_student_source_rows"": 16, ""protected_md_directory_rows"": 1, ""public_mstp_loaded_people"": 225, ""review_rows"": 2, ""summary"": {""audit_rows"": 16, ""by_access_status"": {""fetch_error_or_unreachable"": 2, ""pennkey_protected"": 1, ""public"": 13}, ""by_capture_status"": {""accepted_public_mstp_roster"": 1, ""points_to_medical_student_directory_without_public_records"": 1, ""protected_no_public_roster_records"": 1, ""public_md_phd_crosscheck_candidate"": 9, ""public_md_program_context_no_student_roster"": 1, ""student_directory_index_with_protected_md_notice"": 1, ""unreachable_review"": 2}, ""by_recommended_next_action"": {""probe_medical_student_directory_but_do_not_scrape_pennkey_content"": 1, ""record_as_not_public_and_monitor_index_for_access_change"": 1, ""record_context_and_do_not_infer_student_people"": 1, ""retain_as_partial_medical_student_truth_anchor_and_refresh_annually"": 1, ""use_index_to_monitor_whether_md_student_directory_becomes_public"": 1, ""use_only_for_mstp_crosscheck_or_background_enrichment_not_md_denominator"": 11}, ""by_source_scope"": {""graduate_directory_md_phd_filter"": 11, ""md_phd_public_directory"": 1, ""md_program_context"": 1, ""md_student_directory"": 1, ""psom_directory_context"": 1, ""student_directory_index"": 1}, ""csv"": ""artifacts/data/penn_med_student_source_audit.csv"", ""generated_at"": ""2026-06-02T10:06:01.790544+00:00"", ""graduate_crosscheck_rows"": 9, ""json"": ""artifacts/data/penn_med_student_source_audit.json"", ""protected_md_directory_rows"": 1, ""public_mstp_loaded_people"": 225, ""public_mstp_observed_people"": 225}}",2026-06-02T10:08:41.469219+00:00
official_gap_roster_queue_extraction,official_roster,Official gap roster queue extraction,official_institutional_web,named resident/fellow extraction from prioritized uncovered-program pages,32,524,524,72,12,0,0,0,0,5,81.0,strong_with_known_limits,Consumes only high-priority roster-like candidate URLs; Keeps unsupported page structures queued instead of fabricating weak people; Adds non-Medicine coverage from official public pages,Parser coverage is page-template specific; Some candidate pages are related tracks rather than the official denominator row; Unsupported structures need parser or manual review,add_supported_parsers_for_roster_candidate_gaps_then_rerun_coverage,"{""by_extraction_status"": {""no_supported_person_structure"": 5, ""records_extracted"": 27}, ""candidate_source_rows"": 72, ""person_records"": 524, ""roster_source_candidates"": 12, ""sources_attempted"": 32, ""sources_with_records"": 27}",2026-06-02T08:10:05.831680+00:00
penn_wide_source_discovery,general_web_search,Penn-wide source discovery crawler,web_search,"candidate roster, program context, alumni/outcome, and attending/faculty sources",878,395,0,878,671,0,0,207,0,0,58.0,useful_candidate_layer,Finds long-tail Penn pages outside the seed Department of Medicine corpus; Provides recall-oriented queue for scraper and denominator audits; Useful for source discovery before person mutation,"Classification is source-level, not person-level truth; Search rank and page titles are not evidence; Program context pages often lack current trainee rosters",treat_as_queue_then_probe_and_parse_only_source_backed_rosters,"{""by_classification"": {""alumni_or_outcome_candidate"": 173, ""attending_faculty_candidate"": 34, ""program_context"": 276, ""trainee_roster_candidate"": 395}, ""source_rows"": 878}",2026-06-02T08:05:34.073996+00:00
pubmed_author_query_discovery,pubmed_eutilities,PubMed author-query discovery,scholarly_api,name-bounded publication discovery seeds,1111,1111,0,1111,0,0,1111,0,0,0,39.0,discovery_or_review_only,Fast biomedical-publication recall using stable NCBI APIs; Good seed layer for article-level fetches; Durable replay artifact avoids repeating expensive query work,"Name-only author counts collide heavily; No publication claim is accepted from this layer; Needs article XML, affiliation, topic, and identity anchors",use_only_to_seed_article_level_reconciliation,"{""author_query_claims"": 1111, ""discovery_only_decisions"": 1111}",2026-06-02T08:05:34.073996+00:00
pubmed_article_reconciliation,pubmed_article_reconciliation,PubMed article-level reconciliation,scholarly_api,"PMID-level publication candidates with author, affiliation, topic, and recency anchors",1858,1858,0,1008,1577,117,0,912,0,0,69.0,useful_candidate_layer,Stable PMIDs and article XML create durable review evidence; Non-name anchors separate review-ready records from discovery noise; Person packets make manual or automated review tractable,Still cannot accept publications without identity reconciliation; Affiliation metadata is incomplete or author-position dependent; Prior-training and topic anchors are suggestive rather than dispositive,prioritize_review_ready_packets_then_collect_secondary_identity_anchors,"{""article_claims"": 1858, ""low_signal_records"": 912, ""needs_secondary_anchor_packets"": 91, ""needs_secondary_identity_anchor_records"": 727, ""packet_status_counts"": {""discovery_only_packet"": 356, ""low_signal_candidate_packet"": 22, ""needs_secondary_identity_anchor_packet"": 91, ""npi_secondary_identity_anchor_packet"": 97, ""partial_anchor_candidate_packet"": 5, ""review_ready_mixed_identity_anchor_packet"": 661, ""review_ready_mixed_packet"": 5, ""review_ready_publication_packet"": 23, ""review_ready_recent_attending_trend_packet"": 3}, ""review_ready_packets"": 692, ""review_ready_records"": 117, ""status_candidate"": 1008, ""status_needs_review"": 850}",2026-06-02T10:08:41.469219+00:00
enrichment_acceptance_assurance_ledger,,Enrichment acceptance assurance ledger,evidence_reconciliation,"non-mutating acceptance tiers for publications, NPI anchors, and profile/trend evidence",4147,4147,5,4147,112,5,0,2157,0,0,77.0,strong_with_known_limits,Separates machine-acceptance candidates from review-ready and low-signal evidence; Requires cross-source PubMed plus NPI corroboration for the strictest publication tier; Keeps accepted-enrichment eligibility non-mutating and fully provenance-backed,Machine-acceptance candidates still need final author-position and same-name sanity checks before display; Current strict tier is intentionally narrow and mostly publication-focused; NPI remains secondary identity evidence and can be stale,promote_cross_source_publication_candidates_after_final_duplicate_author_position_check,"{""machine_acceptance_candidate_people"": 3, ""machine_acceptance_candidate_rows"": 5, ""review_ready_publication_rows"": 112, ""secondary_identity_anchor_rows"": 801, ""summary"": {""acceptance_rows"": 4147, ""acceptance_rule"": ""Do not mutate roster truth. A PubMed article becomes a machine-acceptance candidate only with review_ready_high_anchor, confidence >= 0.95, at least four non-name anchors, and an NPI secondary identity anchor for the same person."", ""audited_at"": ""2026-06-02T10:08:40.932721+00:00"", ""by_acceptance_status"": {""attending_endpoint_only"": 49, ""context_or_review_queue_only"": 51, ""low_signal_or_discovery_only"": 2157, ""machine_acceptance_candidate_cross_source"": 5, ""needs_secondary_identity_anchor"": 867, ""partial_anchor_candidate"": 102, ""review_ready_attending_training_claim"": 3, ""review_ready_publication_identity"": 112, ""secondary_identity_anchor_available"": 801}, ""by_assurance_level"": {""0"": 2157, ""1"": 202, ""2"": 1668, ""3"": 115, ""4"": 5}, ""by_claim_type"": {""current_penn_attending_candidate"": 49, ""education_history_candidate"": 6, ""npi_candidate"": 1073, ""penn_alumni_outcome_candidate"": 36, ""penn_training_history_candidate"": 5, ""personal_profile_candidate"": 2, ""prior_training_history_candidate"": 6, ""pubmed_article_candidate"": 1858, ""pubmed_author_query_candidate"": 1111, ""research_interest_candidate"": 1}, ""by_recommended_action"": {""collect_additional_identity_anchors"": 102, ""collect_profile_identifier_coauthor_or_historical_bridge_evidence"": 867, ""deprioritize_until_stronger_independent_source_appears"": 2157, ""find_training_history_or_start_date_evidence_before_trend_use"": 49, ""promote_to_accepted_enrichment_after_final_duplicate_author_position_check"": 5, ""retain_in_reconciliation_queue"": 51, ""review_article_author_affiliation_topic_and_secondary_identity_anchors"": 112, ""seek_historical_roster_cv_or_biosketch_bridge_before_accepting_trend"": 3, ""use_as_secondary_identity_anchor_with_profile_publication_or_roster_context"": 801}, ""csv"": ""artifacts/data/enrichment_acceptance_audit.csv"", ""json"": ""artifacts/data/enrichment_acceptance_audit.json"", ""machine_acceptance_candidate_people"": 3, ""machine_acceptance_candidate_rows"": 5, ""person_rows"": 1263, ""review_ready_publication_rows"": 112, ""secondary_identity_anchor_rows"": 801}}",2026-06-02T10:08:41.469219+00:00
warehouse_reproducibility_provenance_audit,,Warehouse reproducibility provenance audit,warehouse_provenance,"artifact existence, row-count parity, content hashes, and repository-size pressure",32,32,31,0,0,0,0,0,0,1,83.0,strong_with_known_limits,Compares major flat artifacts to SQLite table counts; Stores artifact hashes and byte sizes for provenance review; Separates data mismatches from repository storage warnings,Row-count parity does not prove semantic equivalence for every field; SQLite binary remains large for ordinary Git hosting; Network-sourced artifacts still need source-specific refresh audits,move_sqlite_to_lfs_or_generated_artifact_after_preserving_rebuild_manifest,"{""acceptance_rule"": ""A warehouse is reproducible only when required artifacts exist and row counts match their SQLite tables; binary size warnings do not invalidate data, but they require repository storage action."", ""artifact_rows"": 32, ""audited_at"": ""2026-06-02T10:12:17.793691+00:00"", ""binary_size_warning_rows"": 1, ""by_artifact_role"": {""acceptance_ledger"": 1, ""attending_trend_input"": 1, ""attending_trend_ledger"": 2, ""contact_ledger"": 1, ""identity_enrichment_ledger"": 1, ""longitudinal_readiness_ledger"": 4, ""official_program_alias_ledger"": 1, ""official_program_denominator_ledger"": 1, ""official_program_gap_probe_ledger"": 1, ""official_program_gap_reason_ledger"": 1, ""official_program_gap_source_ledger"": 1, ""program_identifier_ledger"": 3, ""program_lifecycle_ledger"": 1, ""reconciliation_ledger"": 3, ""source_observation_ledger"": 1, ""source_quality_ledger"": 1, ""sqlite_warehouse_binary"": 1, ""state_machine_ledger"": 3, ""warehouse_export"": 4}, ""by_row_count_status"": {""binary_size_warning"": 1, ""ok"": 31}, ""csv"": ""artifacts/data/warehouse_reproducibility_audit.csv"", ""github_recommended_file_limit_bytes"": 52428800, ""json"": ""artifacts/data/warehouse_reproducibility_audit.json"", ""required_missing_artifacts"": 0, ""row_count_mismatch_rows"": 0, ""sqlite_byte_size"": 58724352}",2026-06-02T10:12:18.008046+00:00
openalex_author_search,openalex_author_search,OpenAlex author search,scholarly_api,"author-disambiguation, works, affiliations, ORCID, and citation features",0,0,0,0,0,0,0,0,0,1,24.0,blocked_or_low_current_utility,"Can connect authors, institutions, works, topics, ORCID, and citation counts; Useful as a higher-resolution research enrichment lane when available; Collector is resumable and polite-run friendly",Latest full-corpus pass hit sustained 429 throttling; Author disambiguation remains unsafe without non-name anchors; Should not block reproducible warehouse rebuilds,run_as_resumable_optional_lane_with_rate_limit_backoff,"{""observation"": {""accepted_claims"": 0, ""ambiguous_claims"": 0, ""candidate_claims"": 0, ""metrics_json"": ""{\""collector_resume_supported\"": true, \""current_claims\"": 0, \""rate_limit_observed\"": true}"", ""sample_size"": 0}, ""rate_limit_observed"": true}",2026-06-02T08:05:34.073996+00:00
official_attending_profile_claims,official_profile,Official Penn attending/profile claims,official_institutional_web,"current attending endpoints, structured education/training, research interests, and personal profile snippets",20,20,0,20,20,3,0,15,0,0,73.0,strong_with_known_limits,"Official profile pages are strong current-identity and training-history sources; Structured provider fields expose medical school, residency, fellowship, and Penn training language; Creates the endpoint side of a ten-year Penn attending trend line","Current attending endpoint is not proof of prior Penn trainee identity; Profile claims need dated historical roster, CV, alumni, or independent bridge evidence; Profile richness varies by department",seek_historical_identity_bridge_before_accepting_trend_links,"{""attending_training_claim_review_ready"": 3, ""current_attending_endpoint_decisions"": 49, ""profile_career_events"": 20, ""profile_context_candidate"": 15, ""trend_linkage_status"": {""current_attending_endpoint_unlinked"": 45, ""current_attending_with_penn_training_claim_unlinked"": 4, ""outcome_context_only_no_person"": 36, ""profile_context_non_penn_training"": 15, ""profile_penn_training_claim_needs_historical_roster"": 5}}",2026-06-02T08:05:34.073996+00:00
attending_historical_link_discovery,general_web_search,Attending historical-link discovery,web_search,source candidates that may bridge current Penn attending endpoints to historical trainee records,15,5,0,15,5,0,0,0,0,5,47.0,discovery_or_review_only,"Makes the exact missing bridge evidence explicit; Produces deterministic queries and probed source candidates; Can expand to CV, alumni, roster archive, and profile evidence without mutating people",Seeded mode is reproducible but low-recall; Broad search availability and ranking are source-quality concerns; Most candidates still need manual or parser review,run_polite_broad_search_and_prioritize_dated_historical_roster_or_cv_hits,"{""by_candidate_status"": {""current_profile_context_candidate"": 2, ""current_profile_training_context_candidate"": 3, ""historical_roster_or_alumni_candidate"": 1, ""historical_training_search_candidate"": 4, ""low_signal_search_result"": 1, ""penn_context_candidate"": 3, ""profile_identity_anchor_candidate"": 1}, ""by_query_kind"": {""historical_penn_training"": 20, ""historical_roster_or_alumni"": 4, ""official_penn_profile"": 8, ""upenn_profile_or_cv"": 4}, ""by_result_domain"": {""www.doximity.com"": 1, ""www.linkedin.com"": 2, ""www.mapquest.com"": 1, ""www.pennmedicine.org"": 1, ""www.researchgate.net"": 1, ""www3.pennmedicine.org"": 9}, ""by_search_error"": {""search_endpoint_non_200"": 34}, ""by_search_http_status"": {""200"": 2, ""202"": 34}, ""candidate_csv"": ""artifacts/data/attending_historical_link_candidates.csv"", ""candidate_rows"": 15, ""generated_at"": ""2026-06-02T09:27:25.133908+00:00"", ""groups_considered"": 4, ""observation_csv"": ""artifacts/data/attending_historical_link_search_observations.csv"", ""query_csv"": ""artifacts/data/attending_historical_link_search_queries.csv"", ""query_rows"": 36, ""search_observations"": 36, ""search_skipped"": false, ""searched_group_keys"": [""emily gordon"", ""patrick kevin gleeson"", ""priya patel"", ""timothy buckey""], ""seeded_source_rows"": 8}",2026-06-02T09:27:30.565718+00:00
official_faculty_biosketch_training_bridges,official_profile,Official Penn faculty biosketch training bridges,official_institutional_web,dated post-graduate training lines from official Penn Faculty Biosketch pages,4,10,0,10,10,3,0,1,0,0,79.0,strong_with_known_limits,Official Penn Faculty Biosketch pages expose structured post-graduate training sections; Date ranges make ten-year attending-flow timing auditable; Bridges current Penn attending endpoints to explicit Penn training claims without relying on search snippets,"Biosketch lines are profile evidence, not historical roster membership by themselves; Faculty index recall is bounded by matched current-attending groups; Postdoctoral research lines are useful context but should not count as GME trainee-flow bridges",review_dated_biosketch_bridges_before_accepting_recent_attending_trends,"{""candidate_rows"": 10, ""gme_context_rows"": 9, ""groups_with_candidates"": 3, ""recent_dated_gme_bridge_rows"": 3, ""summary"": {""as_of_year"": 2026, ""by_bridge_status"": {""dated_recent_official_biosketch_training_bridge_candidate"": 3, ""non_penn_training_context"": 6, ""official_biosketch_research_training_context"": 1}, ""by_ten_year_trend_window"": {""no"": 1, ""yes"": 9}, ""by_training_type"": {""fellowship"": 3, ""internship"": 1, ""postdoctoral"": 1, ""residency"": 5}, ""candidate_rows"": 10, ""csv"": ""artifacts/data/attending_biosketch_bridge_candidates.csv"", ""generated_at"": ""2026-06-02T10:05:30.991543+00:00"", ""groups_with_candidates"": 3, ""groups_with_recent_dated_bridge_candidates"": 3, ""index_urls"": [""https://www.med.upenn.edu/apps/faculty/index.php/g353""], ""json"": ""artifacts/data/attending_biosketch_bridge_candidates.json"", ""observation_csv"": ""artifacts/data/attending_biosketch_source_observations.csv"", ""source_observation_rows"": 4, ""target_groups"": 4}}",2026-06-02T10:05:31.676905+00:00
attending_trend_reconciliation_ledger,official_profile,Attending trend reconciliation ledger,evidence_reconciliation,"non-mutating policy ledger for current-attending endpoint, Penn-training, biosketch, and historical-link evidence",70,70,0,70,45,3,0,0,0,0,82.0,strong_with_known_limits,"Combines endpoint, Penn-training profile, official biosketch, and historical-link evidence without mutating rosters; Separates review-ready recent attending trend candidates from profile claims that still need dated bridges; Produces queryable person/group-level trend assurance and ten-year-window labels",Review-ready rows still need explicit reviewer acceptance before becoming accepted trend facts; Current recall is bounded by attending profile and biosketch discovery; Historical web search remains rate-limit and ranking sensitive,review_ready_trend_rows_then_record_explicit_acceptance_decisions,"{""needs_bridge_or_training_rows"": 45, ""review_ready_rows"": 3, ""summary"": {""as_of_year"": 2026, ""by_assurance_level"": {""0"": 21, ""1"": 45, ""3"": 1, ""4"": 3}, ""by_ten_year_trend_window"": {""unknown"": 66, ""yes"": 4}, ""by_trend_status"": {""context_only_not_trend_ready"": 21, ""current_endpoint_needs_training_claim"": 45, ""historical_link_candidate_review"": 1, ""review_ready_official_biosketch_bridge"": 3}, ""csv"": ""artifacts/data/attending_trend_reconciliation.csv"", ""generated_at"": ""2026-06-02T10:05:31.048530+00:00"", ""groups_with_current_endpoint"": 49, ""groups_with_penn_training_claim"": 4, ""groups_with_recent_dated_biosketch_bridge"": 3, ""json"": ""artifacts/data/attending_trend_reconciliation.json"", ""review_ready_recent_bridge_rows"": 3, ""trend_rows"": 70}, ""trend_rows"": 70}",2026-06-02T10:05:31.676905+00:00
nppes_npi_registry_candidates,nppes_npi_registry,NPPES NPI Registry candidates,licensure_api,"candidate NPI, taxonomy, and PA practice-location anchors for current resident/fellow identity review",1257,1073,0,1073,947,801,0,126,0,0,62.0,useful_candidate_layer,"Official CMS/NPPES public provider registry; Adds durable NPI, taxonomy, and location anchors for physician identity review; Useful corroborating evidence alongside official profile, publication, and roster context",Name collisions remain common and NPI locations can lag training status; Residents/fellows may use student/training taxonomy or older practice locations; No NPI candidate is accepted without non-name source corroboration,use_npi_candidates_as_secondary_identity_anchors_only,"{""candidate_rows"": 1073, ""candidate_rows_by_status"": {""candidate"": 146, ""low_signal_npi_candidate"": 126, ""needs_review"": 801}, ""review_ready_rows"": 801, ""source_observations"": 1257, ""summary"": {""api_base"": ""https://npiregistry.cms.hhs.gov/api/"", ""api_version"": ""2.1"", ""by_candidate_status"": {""candidate"": 146, ""low_signal_npi_candidate"": 126, ""needs_review"": 801}, ""by_primary_taxonomy"": {""Anesthesiology"": 12, ""Counselor, Mental Health"": 9, ""Counselor, Professional"": 4, ""Dentist"": 5, ""Dentist, General Practice"": 6, ""Dietitian, Registered"": 4, ""Emergency Medicine"": 11, ""Family Medicine"": 15, ""Hospitalist"": 7, ""Internal Medicine"": 61, ""Internal Medicine, Gastroenterology"": 5, ""Internal Medicine, Infectious Disease"": 4, ""Internal Medicine, Nephrology"": 7, ""Nurse Practitioner"": 5, ""Obstetrics & Gynecology"": 11, ""Occupational Therapist"": 8, ""Ophthalmology"": 7, ""Orthopaedic Surgery"": 9, ""Pediatrics"": 12, ""Pharmacist"": 11, ""Physical Therapist"": 8, ""Physician Assistant"": 8, ""Psychiatry & Neurology, Neurology"": 5, ""Psychiatry & Neurology, Psychiatry"": 6, ""Radiology, Diagnostic Radiology"": 18, ""Social Worker, Clinical"": 5, ""Speech-Language Pathologist,"": 6, ""Student in an Organized Health Care Education/Training Program"": 647, ""Surgery"": 14, ""Thoracic Surgery (Cardiothoracic Vascular Surgery)"": 5}, ""by_role"": {""fellow"": 239, ""resident"": 834}, ""candidate_rows"": 1073, ""csv"": ""artifacts/data/npi_candidate_claims.csv"", ""generated_at"": ""2026-06-02T10:08:40.351914+00:00"", ""json"": ""artifacts/data/npi_candidate_claims.json"", ""observation_csv"": ""artifacts/data/npi_source_observations.csv"", ""queries_with_candidates"": 832, ""queries_with_error"": 0, ""queries_with_no_results"": 425, ""state_filter"": ""PA"", ""target_queries"": 1257, ""utility_key"": ""nppes_npi_registry""}}",2026-06-02T10:08:41.469219+00:00
public_contact_candidate_extraction,official_profile,Public contact candidate extraction,official_institutional_web,public email/contact channels with scope and verification status,313,313,0,313,313,0,0,0,0,0,66.0,useful_candidate_layer,"Stores contact channels separately from person identity truth; Retains source, scope, verification status, confidence, and candidate status; Supports future email/phone assurance without dropping public data",Current contacts are public-directory/profile unverified candidates; Contact channels can be stale or role-specific; No phone-support assurance layer exists yet,verify_contact_channels_against_current_official_source_before_use,"{""by_verification_status"": {""public_directory_unverified"": 205, ""public_profile_unverified"": 34, ""public_roster_unverified"": 74}, ""contact_count"": 313}",2026-06-02T08:05:34.073996+00:00
organization_normalization_resolver,,Organization normalization resolver,normalization,"medical school, residency, undergraduate, graduate, institution, and program labels",834,854,10,237,824,0,0,0,0,0,74.0,strong_with_known_limits,"Preserves raw labels while resolving category-specific aliases; Separates schools, hospitals, programs, and undergraduate institutions; Schema supports ROR, OpenAlex, IPEDS, WDOMS, ACGME, ERAS, and NRMP identifiers",Many cleaned labels still need alias and identifier review; External codes should not be inferred by name alone; Program-track identifiers need source-backed verification,append_alias_and_identifier_candidates_with_source_backed_evidence,"{""aliases"": 854, ""cleaned_label_review_rows"": 824, ""identifier_candidate_rows"": 237, ""identifier_candidate_summary"": {""by_category"": {""clinical_training_site"": 18, ""medical_school"": 159, ""undergraduate_institution"": 60}, ""by_identifier_type"": {""parent_ror"": 33, ""ror"": 204}, ""by_match_status"": {""low_signal_identifier_candidate"": 96, ""parent_identifier_candidate"": 33, ""review_identifier_candidate"": 11, ""strong_identifier_candidate"": 33, ""weak_identifier_candidate"": 64}, ""by_observation_status"": {""error"": 1, ""ok"": 79}, ""candidate_rows"": 237, ""csv"": ""artifacts/data/organization_identifier_candidates.csv"", ""generated_at"": ""2026-06-02T10:06:52.579883+00:00"", ""json"": ""artifacts/data/organization_identifier_candidates.json"", ""observation_csv"": ""artifacts/data/organization_identifier_source_observations.csv"", ""organizations_queried"": 80, ""organizations_with_candidates"": 79, ""review_candidate_rows"": 11, ""source_observation_rows"": 80, ""strong_or_parent_candidate_rows"": 66}, ""identifiers"": 1, ""organizations"": 834, ""seeded_alias_rows"": 10}",2026-06-02T10:08:41.469219+00:00
training_state_machine_longitudinal_readiness,official_roster,Training state machine and longitudinal readiness,state_machine,"normalized stages, lifecycle rules, stale-after semantics, and annual diff expectations",1630,1630,1630,0,23,0,0,0,0,627,84.0,strong_with_known_limits,"Turns PGY/MS/fellowship labels into explicit lifecycle states; Separates expected advancement, expected completion, source refresh, and review-required changes; Supports person, program, institution, and category diff views; Audits accepted external program identifiers against local lifecycle state coverage before program-level rollups","Lifecycle codes are local until external program identifiers are verified; Unknown-duration, research, chief, postdoc, and PhD states require fresh source evidence; Annual clocks are assumptions attached to program lifecycle rules, not source facts; Program-level auto-advancement is withheld when accepted identifiers lack current roster validation or complete lifecycle mapping",use_state_machine_expectations_before_mutating_next_year_roster_diffs,"{""longitudinal_readiness_status"": {""active_no_change_expected"": 13, ""expected_advancement_window"": 659, ""expected_completion_window"": 252, ""review_required_window"": 23, ""source_refresh_required_window"": 627, ""stale_without_transition_review"": 56}, ""machine_status"": {""annual_clock_active"": 659, ""current_observation"": 69, ""review_required"": 23, ""source_refresh_required"": 627, ""terminal_year_active"": 252}, ""program_lifecycle_consistency_summary"": {""acceptance_rule"": ""Use accepted ACGME identifiers for lifecycle rollups only when official coverage mapping and a single non-default lifecycle code agree."", ""accepted_identifier_rows"": 69, ""audit_rows"": 69, ""audited_at"": ""2026-06-02T10:06:56.508061+00:00"", ""by_coverage_status"": {""covered_current_roster"": 47, ""discovered_no_current_roster"": 11, ""not_discovered"": 11}, ""by_lifecycle_status"": {""accepted_identifier_lifecycle_consistent"": 35, ""accepted_identifier_with_default_or_unknown_lifecycle"": 10, ""identifier_accepted_no_current_roster_validation"": 22, ""mixed_missing_lifecycle_rows_review"": 1, ""multiple_lifecycle_codes_for_program_review"": 1}, ""by_recommended_action"": {""classify_unmapped_state_rows_before_auto_advancing_program_rollups"": 1, ""find_or_refresh_current_roster_before_using_lifecycle_for_diff_mutation"": 22, ""source_duration_or_specialty_rule_before_auto_advancing_program_rollups"": 10, ""split_program_tracks_or_review_label_specific_lifecycle_rules"": 1, ""use_for_program_level_normalization_and_state_machine_rollups"": 35}, ""coded_state_rows"": 768, ""consistent_lifecycle_rows"": 35, ""csv"": ""artifacts/data/program_lifecycle_consistency_audit.csv"", ""json"": ""artifacts/data/program_lifecycle_consistency_audit.json"", ""review_or_unvalidated_rows"": 34, ""state_rows"": 781, ""unclassified_state_rows"": 13}, ""state_rows"": 1630}",2026-06-02T10:08:41.469219+00:00
