rollup_key,old_snapshot_id,new_snapshot_id,rollup_scope,rollup_value,institution,role,trainee_category,program_name,lifecycle_code,change_type,transition_assurance,expected_by_state_machine,event_count,review_event_count,expected_event_count,evidence_json
transition_rollup_27d3b9e25f9e06974fb9,,training_states_2026-06-02_dffa6e406d83,corpus,United States medical trainees,,,,,,added,new_observation,0,1558,0,0,"{""new_snapshot_id"": ""training_states_2026-06-02_dffa6e406d83"", ""old_snapshot_id"": """", ""rollup_scope"": ""corpus"", ""rollup_value"": ""United States medical trainees""}"
transition_rollup_c2888138dc450a0c1aee,,training_states_2026-06-02_dffa6e406d83,institution,Perelman School of Medicine at the University of Pennsylvania,Perelman School of Medicine at the University of Pennsylvania,,,,,added,new_observation,0,225,0,0,"{""new_snapshot_id"": ""training_states_2026-06-02_dffa6e406d83"", ""old_snapshot_id"": """", ""rollup_scope"": ""institution"", ""rollup_value"": ""Perelman School of Medicine at the University of Pennsylvania""}"
transition_rollup_1ead7b0c911d9aefe5e5,,training_states_2026-06-02_dffa6e406d83,institution,University of Pennsylvania / CHOP,University of Pennsylvania / CHOP,,,,,added,new_observation,0,45,0,0,"{""new_snapshot_id"": ""training_states_2026-06-02_dffa6e406d83"", ""old_snapshot_id"": """", ""rollup_scope"": ""institution"", ""rollup_value"": ""University of Pennsylvania / CHOP""}"
transition_rollup_0c8d47b16b2b000a2cfc,,training_states_2026-06-02_dffa6e406d83,institution,University of Pennsylvania / Penn Medicine,University of Pennsylvania / Penn Medicine,,,,,added,new_observation,0,1288,0,0,"{""new_snapshot_id"": ""training_states_2026-06-02_dffa6e406d83"", ""old_snapshot_id"": """", ""rollup_scope"": ""institution"", ""rollup_value"": ""University of Pennsylvania / Penn Medicine""}"
transition_rollup_329e70a247367deaf583,,training_states_2026-06-02_dffa6e406d83,institution_role,Perelman School of Medicine at the University of Pennsylvania::medical_student,Perelman School of Medicine at the University of Pennsylvania,medical_student,,,,added,new_observation,0,225,0,0,"{""new_snapshot_id"": ""training_states_2026-06-02_dffa6e406d83"", ""old_snapshot_id"": """", ""rollup_scope"": ""institution_role"", ""rollup_value"": ""Perelman School of Medicine at the University of Pennsylvania::medical_student""}"
transition_rollup_94552352ea2659d5c97c,,training_states_2026-06-02_dffa6e406d83,institution_role,University of Pennsylvania / CHOP::resident,University of Pennsylvania / CHOP,resident,,,,added,new_observation,0,45,0,0,"{""new_snapshot_id"": ""training_states_2026-06-02_dffa6e406d83"", ""old_snapshot_id"": """", ""rollup_scope"": ""institution_role"", ""rollup_value"": ""University of Pennsylvania / CHOP::resident""}"
transition_rollup_76c04b245b174496fd16,,training_states_2026-06-02_dffa6e406d83,institution_role,University of Pennsylvania / Penn Medicine::fellow,University of Pennsylvania / Penn Medicine,fellow,,,,added,new_observation,0,387,0,0,"{""new_snapshot_id"": ""training_states_2026-06-02_dffa6e406d83"", ""old_snapshot_id"": """", ""rollup_scope"": ""institution_role"", ""rollup_value"": ""University of Pennsylvania / Penn Medicine::fellow""}"
transition_rollup_12a7b42c216067a56996,,training_states_2026-06-02_dffa6e406d83,institution_role,University of Pennsylvania / Penn Medicine::resident,University of Pennsylvania / Penn Medicine,resident,,,,added,new_observation,0,901,0,0,"{""new_snapshot_id"": ""training_states_2026-06-02_dffa6e406d83"", ""old_snapshot_id"": """", ""rollup_scope"": ""institution_role"", ""rollup_value"": ""University of Pennsylvania / Penn Medicine::resident""}"
transition_rollup_ae3ea0e091cdc719c1b9,,training_states_2026-06-02_dffa6e406d83,lifecycle_code,US_GME_ANESTHESIA_CA_PHASE_3Y,,,,,US_GME_ANESTHESIA_CA_PHASE_3Y,added,new_observation,0,75,0,0,"{""new_snapshot_id"": ""training_states_2026-06-02_dffa6e406d83"", ""old_snapshot_id"": """", ""rollup_scope"": ""lifecycle_code"", ""rollup_value"": ""US_GME_ANESTHESIA_CA_PHASE_3Y""}"
transition_rollup_01ec0f0cc1a861596c4a,,training_states_2026-06-02_dffa6e406d83,lifecycle_code,US_GME_FELLOWSHIP_1Y,,,,,US_GME_FELLOWSHIP_1Y,added,new_observation,0,92,0,0,"{""new_snapshot_id"": ""training_states_2026-06-02_dffa6e406d83"", ""old_snapshot_id"": """", ""rollup_scope"": ""lifecycle_code"", ""rollup_value"": ""US_GME_FELLOWSHIP_1Y""}"
transition_rollup_d61574ded9a1e9314fcc,,training_states_2026-06-02_dffa6e406d83,lifecycle_code,US_GME_FELLOWSHIP_2Y,,,,,US_GME_FELLOWSHIP_2Y,added,new_observation,0,84,0,0,"{""new_snapshot_id"": ""training_states_2026-06-02_dffa6e406d83"", ""old_snapshot_id"": """", ""rollup_scope"": ""lifecycle_code"", ""rollup_value"": ""US_GME_FELLOWSHIP_2Y""}"
transition_rollup_40b202d381a093eb3819,,training_states_2026-06-02_dffa6e406d83,lifecycle_code,US_GME_FELLOWSHIP_3Y,,,,,US_GME_FELLOWSHIP_3Y,added,new_observation,0,124,0,0,"{""new_snapshot_id"": ""training_states_2026-06-02_dffa6e406d83"", ""old_snapshot_id"": """", ""rollup_scope"": ""lifecycle_code"", ""rollup_value"": ""US_GME_FELLOWSHIP_3Y""}"
transition_rollup_7475868c94bbd0178889,,training_states_2026-06-02_dffa6e406d83,lifecycle_code,US_GME_FELLOWSHIP_DURATION_UNKNOWN,,,,,US_GME_FELLOWSHIP_DURATION_UNKNOWN,added,new_observation,0,74,0,0,"{""new_snapshot_id"": ""training_states_2026-06-02_dffa6e406d83"", ""old_snapshot_id"": """", ""rollup_scope"": ""lifecycle_code"", ""rollup_value"": ""US_GME_FELLOWSHIP_DURATION_UNKNOWN""}"
transition_rollup_fa1bc8b1fa0c5ab15bc6,,training_states_2026-06-02_dffa6e406d83,lifecycle_code,US_GME_PRELIMINARY_1Y,,,,,US_GME_PRELIMINARY_1Y,added,new_observation,0,13,0,0,"{""new_snapshot_id"": ""training_states_2026-06-02_dffa6e406d83"", ""old_snapshot_id"": """", ""rollup_scope"": ""lifecycle_code"", ""rollup_value"": ""US_GME_PRELIMINARY_1Y""}"
transition_rollup_1ab9c6421b3c67a9357b,,training_states_2026-06-02_dffa6e406d83,lifecycle_code,US_GME_RESIDENCY_3Y,,,,,US_GME_RESIDENCY_3Y,added,new_observation,0,298,0,0,"{""new_snapshot_id"": ""training_states_2026-06-02_dffa6e406d83"", ""old_snapshot_id"": """", ""rollup_scope"": ""lifecycle_code"", ""rollup_value"": ""US_GME_RESIDENCY_3Y""}"
transition_rollup_d24888c44ca9c253b030,,training_states_2026-06-02_dffa6e406d83,lifecycle_code,US_GME_RESIDENCY_4Y,,,,,US_GME_RESIDENCY_4Y,added,new_observation,0,122,0,0,"{""new_snapshot_id"": ""training_states_2026-06-02_dffa6e406d83"", ""old_snapshot_id"": """", ""rollup_scope"": ""lifecycle_code"", ""rollup_value"": ""US_GME_RESIDENCY_4Y""}"
transition_rollup_df74f856b1250323f900,,training_states_2026-06-02_dffa6e406d83,lifecycle_code,US_GME_RESIDENCY_5Y,,,,,US_GME_RESIDENCY_5Y,added,new_observation,0,309,0,0,"{""new_snapshot_id"": ""training_states_2026-06-02_dffa6e406d83"", ""old_snapshot_id"": """", ""rollup_scope"": ""lifecycle_code"", ""rollup_value"": ""US_GME_RESIDENCY_5Y""}"
transition_rollup_8d81dbd8947448f36770,,training_states_2026-06-02_dffa6e406d83,lifecycle_code,US_GME_RESIDENCY_6Y,,,,,US_GME_RESIDENCY_6Y,added,new_observation,0,56,0,0,"{""new_snapshot_id"": ""training_states_2026-06-02_dffa6e406d83"", ""old_snapshot_id"": """", ""rollup_scope"": ""lifecycle_code"", ""rollup_value"": ""US_GME_RESIDENCY_6Y""}"
transition_rollup_a80a4d54f76eaf431714,,training_states_2026-06-02_dffa6e406d83,lifecycle_code,US_GME_RESIDENCY_7Y,,,,,US_GME_RESIDENCY_7Y,added,new_observation,0,21,0,0,"{""new_snapshot_id"": ""training_states_2026-06-02_dffa6e406d83"", ""old_snapshot_id"": """", ""rollup_scope"": ""lifecycle_code"", ""rollup_value"": ""US_GME_RESIDENCY_7Y""}"
transition_rollup_2fbc684b2520fe8b2bb5,,training_states_2026-06-02_dffa6e406d83,lifecycle_code,US_GME_RESIDENCY_DURATION_UNKNOWN,,,,,US_GME_RESIDENCY_DURATION_UNKNOWN,added,new_observation,0,52,0,0,"{""new_snapshot_id"": ""training_states_2026-06-02_dffa6e406d83"", ""old_snapshot_id"": """", ""rollup_scope"": ""lifecycle_code"", ""rollup_value"": ""US_GME_RESIDENCY_DURATION_UNKNOWN""}"
transition_rollup_50441f7bd1e549cec361,,training_states_2026-06-02_dffa6e406d83,lifecycle_code,US_MD_PHD_MSTP_VARIABLE,,,,,US_MD_PHD_MSTP_VARIABLE,added,new_observation,0,225,0,0,"{""new_snapshot_id"": ""training_states_2026-06-02_dffa6e406d83"", ""old_snapshot_id"": """", ""rollup_scope"": ""lifecycle_code"", ""rollup_value"": ""US_MD_PHD_MSTP_VARIABLE""}"
transition_rollup_dcfee9bfab84887f4cb7,,training_states_2026-06-02_dffa6e406d83,program,ABR Alternate Pathway to Certification,,,,ABR Alternate Pathway to Certification,,added,new_observation,0,1,0,0,"{""new_snapshot_id"": ""training_states_2026-06-02_dffa6e406d83"", ""old_snapshot_id"": """", ""rollup_scope"": ""program"", ""rollup_value"": ""ABR Alternate Pathway to Certification""}"
transition_rollup_47fa75edb9dee40d11f6,,training_states_2026-06-02_dffa6e406d83,program,Abdominal Imaging Fellowship,,,,Abdominal Imaging Fellowship,,added,new_observation,0,9,0,0,"{""new_snapshot_id"": ""training_states_2026-06-02_dffa6e406d83"", ""old_snapshot_id"": """", ""rollup_scope"": ""program"", ""rollup_value"": ""Abdominal Imaging Fellowship""}"
transition_rollup_3c75d69be522b998ac3f,,training_states_2026-06-02_dffa6e406d83,program,Adult Congenital Heart Disease Fellowship,,,,Adult Congenital Heart Disease Fellowship,,added,new_observation,0,2,0,0,"{""new_snapshot_id"": ""training_states_2026-06-02_dffa6e406d83"", ""old_snapshot_id"": """", ""rollup_scope"": ""program"", ""rollup_value"": ""Adult Congenital Heart Disease Fellowship""}"
transition_rollup_fe91e5fcb348c2351d5d,,training_states_2026-06-02_dffa6e406d83,program,Adult Reconstructive Orthopedics Fellowship,,,,Adult Reconstructive Orthopedics Fellowship,,added,new_observation,0,3,0,0,"{""new_snapshot_id"": ""training_states_2026-06-02_dffa6e406d83"", ""old_snapshot_id"": """", ""rollup_scope"": ""program"", ""rollup_value"": ""Adult Reconstructive Orthopedics Fellowship""}"
transition_rollup_3ddcf3cb5e118908da7c,,training_states_2026-06-02_dffa6e406d83,program,Advanced Gastroenterology and Hepatology Fellowship,,,,Advanced Gastroenterology and Hepatology Fellowship,,added,new_observation,0,2,0,0,"{""new_snapshot_id"": ""training_states_2026-06-02_dffa6e406d83"", ""old_snapshot_id"": """", ""rollup_scope"": ""program"", ""rollup_value"": ""Advanced Gastroenterology and Hepatology Fellowship""}"
transition_rollup_e824adbcaede1b09ab43,,training_states_2026-06-02_dffa6e406d83,program,Advanced Heart Failure Transplant Cardiology Fellowship,,,,Advanced Heart Failure Transplant Cardiology Fellowship,,added,new_observation,0,2,0,0,"{""new_snapshot_id"": ""training_states_2026-06-02_dffa6e406d83"", ""old_snapshot_id"": """", ""rollup_scope"": ""program"", ""rollup_value"": ""Advanced Heart Failure Transplant Cardiology Fellowship""}"
transition_rollup_81e5891591d0f323407a,,training_states_2026-06-02_dffa6e406d83,program,Advanced Musculoskeletal Fellowship,,,,Advanced Musculoskeletal Fellowship,,added,new_observation,0,3,0,0,"{""new_snapshot_id"": ""training_states_2026-06-02_dffa6e406d83"", ""old_snapshot_id"": """", ""rollup_scope"": ""program"", ""rollup_value"": ""Advanced Musculoskeletal Fellowship""}"
transition_rollup_2f385a8ca3a0c7f03db4,,training_states_2026-06-02_dffa6e406d83,program,Advanced Noninvasive Cardiac Imaging Fellowship,,,,Advanced Noninvasive Cardiac Imaging Fellowship,,added,new_observation,0,2,0,0,"{""new_snapshot_id"": ""training_states_2026-06-02_dffa6e406d83"", ""old_snapshot_id"": """", ""rollup_scope"": ""program"", ""rollup_value"": ""Advanced Noninvasive Cardiac Imaging Fellowship""}"
transition_rollup_602e84a81ec5d8c335aa,,training_states_2026-06-02_dffa6e406d83,program,Advanced Nuclear Radiology Fellowship,,,,Advanced Nuclear Radiology Fellowship,,added,new_observation,0,1,0,0,"{""new_snapshot_id"": ""training_states_2026-06-02_dffa6e406d83"", ""old_snapshot_id"": """", ""rollup_scope"": ""program"", ""rollup_value"": ""Advanced Nuclear Radiology Fellowship""}"
transition_rollup_e999ee70fea161d98657,,training_states_2026-06-02_dffa6e406d83,program,Allergy and Immunology Fellowship,,,,Allergy and Immunology Fellowship,,added,new_observation,0,4,0,0,"{""new_snapshot_id"": ""training_states_2026-06-02_dffa6e406d83"", ""old_snapshot_id"": """", ""rollup_scope"": ""program"", ""rollup_value"": ""Allergy and Immunology Fellowship""}"
transition_rollup_48fbb561220df8a3c9fa,,training_states_2026-06-02_dffa6e406d83,program,Anesthesiology Residency,,,,Anesthesiology Residency,,added,new_observation,0,97,0,0,"{""new_snapshot_id"": ""training_states_2026-06-02_dffa6e406d83"", ""old_snapshot_id"": """", ""rollup_scope"": ""program"", ""rollup_value"": ""Anesthesiology Residency""}"
transition_rollup_50f3f372694d257d3e12,,training_states_2026-06-02_dffa6e406d83,program,Aortic Surgery Fellowship,,,,Aortic Surgery Fellowship,,added,new_observation,0,2,0,0,"{""new_snapshot_id"": ""training_states_2026-06-02_dffa6e406d83"", ""old_snapshot_id"": """", ""rollup_scope"": ""program"", ""rollup_value"": ""Aortic Surgery Fellowship""}"
transition_rollup_fb85e531572a0882c5a7,,training_states_2026-06-02_dffa6e406d83,program,Breast Pathology Fellowship,,,,Breast Pathology Fellowship,,added,new_observation,0,1,0,0,"{""new_snapshot_id"": ""training_states_2026-06-02_dffa6e406d83"", ""old_snapshot_id"": """", ""rollup_scope"": ""program"", ""rollup_value"": ""Breast Pathology Fellowship""}"
transition_rollup_f6f05367c486dd6eabd3,,training_states_2026-06-02_dffa6e406d83,program,CHOP Otolaryngology Fellowship,,,,CHOP Otolaryngology Fellowship,,added,new_observation,0,4,0,0,"{""new_snapshot_id"": ""training_states_2026-06-02_dffa6e406d83"", ""old_snapshot_id"": """", ""rollup_scope"": ""program"", ""rollup_value"": ""CHOP Otolaryngology Fellowship""}"
transition_rollup_5f65043304fcaf80a78f,,training_states_2026-06-02_dffa6e406d83,program,Cardio-Oncology Fellowship,,,,Cardio-Oncology Fellowship,,added,new_observation,0,2,0,0,"{""new_snapshot_id"": ""training_states_2026-06-02_dffa6e406d83"", ""old_snapshot_id"": """", ""rollup_scope"": ""program"", ""rollup_value"": ""Cardio-Oncology Fellowship""}"
transition_rollup_91e8709744237c36def0,,training_states_2026-06-02_dffa6e406d83,program,Cardiothoracic Fellowship,,,,Cardiothoracic Fellowship,,added,new_observation,0,1,0,0,"{""new_snapshot_id"": ""training_states_2026-06-02_dffa6e406d83"", ""old_snapshot_id"": """", ""rollup_scope"": ""program"", ""rollup_value"": ""Cardiothoracic Fellowship""}"
transition_rollup_0925c1f6e27b4e5c323d,,training_states_2026-06-02_dffa6e406d83,program,Cardiothoracic Surgery Residency,,,,Cardiothoracic Surgery Residency,,added,new_observation,0,15,0,0,"{""new_snapshot_id"": ""training_states_2026-06-02_dffa6e406d83"", ""old_snapshot_id"": """", ""rollup_scope"": ""program"", ""rollup_value"": ""Cardiothoracic Surgery Residency""}"
transition_rollup_0c7f2d452f1bfdd54a52,,training_states_2026-06-02_dffa6e406d83,program,Cardiothoracic Transplantation Surgery Fellowship,,,,Cardiothoracic Transplantation Surgery Fellowship,,added,new_observation,0,1,0,0,"{""new_snapshot_id"": ""training_states_2026-06-02_dffa6e406d83"", ""old_snapshot_id"": """", ""rollup_scope"": ""program"", ""rollup_value"": ""Cardiothoracic Transplantation Surgery Fellowship""}"
transition_rollup_5147d570c745791a0c7d,,training_states_2026-06-02_dffa6e406d83,program,Cardiovascular Disease Fellowship,,,,Cardiovascular Disease Fellowship,,added,new_observation,0,33,0,0,"{""new_snapshot_id"": ""training_states_2026-06-02_dffa6e406d83"", ""old_snapshot_id"": """", ""rollup_scope"": ""program"", ""rollup_value"": ""Cardiovascular Disease Fellowship""}"
transition_rollup_23977f14dc61d7dedb47,,training_states_2026-06-02_dffa6e406d83,program,Clinical Cardiac Electrophysiology Fellowship,,,,Clinical Cardiac Electrophysiology Fellowship,,added,new_observation,0,12,0,0,"{""new_snapshot_id"": ""training_states_2026-06-02_dffa6e406d83"", ""old_snapshot_id"": """", ""rollup_scope"": ""program"", ""rollup_value"": ""Clinical Cardiac Electrophysiology Fellowship""}"
transition_rollup_d6403b5a58b41af9e15b,,training_states_2026-06-02_dffa6e406d83,program,Clinical Chemistry Fellowship,,,,Clinical Chemistry Fellowship,,added,new_observation,0,2,0,0,"{""new_snapshot_id"": ""training_states_2026-06-02_dffa6e406d83"", ""old_snapshot_id"": """", ""rollup_scope"": ""program"", ""rollup_value"": ""Clinical Chemistry Fellowship""}"
transition_rollup_358765b001a0194b5d8f,,training_states_2026-06-02_dffa6e406d83,program,Clinical Microbiology Fellowship,,,,Clinical Microbiology Fellowship,,added,new_observation,0,2,0,0,"{""new_snapshot_id"": ""training_states_2026-06-02_dffa6e406d83"", ""old_snapshot_id"": """", ""rollup_scope"": ""program"", ""rollup_value"": ""Clinical Microbiology Fellowship""}"
transition_rollup_8be0f07bbd4701bf1dab,,training_states_2026-06-02_dffa6e406d83,program,Colon and Rectal Surgery Fellowship,,,,Colon and Rectal Surgery Fellowship,,added,new_observation,0,1,0,0,"{""new_snapshot_id"": ""training_states_2026-06-02_dffa6e406d83"", ""old_snapshot_id"": """", ""rollup_scope"": ""program"", ""rollup_value"": ""Colon and Rectal Surgery Fellowship""}"
transition_rollup_ce3ed427792cd4968684,,training_states_2026-06-02_dffa6e406d83,program,Combined Internal Medicine-Dermatology Residency,,,,Combined Internal Medicine-Dermatology Residency,,added,new_observation,0,5,0,0,"{""new_snapshot_id"": ""training_states_2026-06-02_dffa6e406d83"", ""old_snapshot_id"": """", ""rollup_scope"": ""program"", ""rollup_value"": ""Combined Internal Medicine-Dermatology Residency""}"
transition_rollup_fecb7d5a270e157aadc5,,training_states_2026-06-02_dffa6e406d83,program,Craniofacial Surgery Fellowship,,,,Craniofacial Surgery Fellowship,,added,new_observation,0,1,0,0,"{""new_snapshot_id"": ""training_states_2026-06-02_dffa6e406d83"", ""old_snapshot_id"": """", ""rollup_scope"": ""program"", ""rollup_value"": ""Craniofacial Surgery Fellowship""}"
transition_rollup_b10dfc9acc51f54120c1,,training_states_2026-06-02_dffa6e406d83,program,Cytopathology Fellowship,,,,Cytopathology Fellowship,,added,new_observation,0,2,0,0,"{""new_snapshot_id"": ""training_states_2026-06-02_dffa6e406d83"", ""old_snapshot_id"": """", ""rollup_scope"": ""program"", ""rollup_value"": ""Cytopathology Fellowship""}"
transition_rollup_7c03afbc89702184c4a9,,training_states_2026-06-02_dffa6e406d83,program,Diagnostic Radiology Residency,,,,Diagnostic Radiology Residency,,added,new_observation,0,54,0,0,"{""new_snapshot_id"": ""training_states_2026-06-02_dffa6e406d83"", ""old_snapshot_id"": """", ""rollup_scope"": ""program"", ""rollup_value"": ""Diagnostic Radiology Residency""}"
transition_rollup_fb54f8c3909c9ccc406b,,training_states_2026-06-02_dffa6e406d83,program,"Endocrinology, Diabetes and Metabolism Fellowship",,,,"Endocrinology, Diabetes and Metabolism Fellowship",,added,new_observation,0,21,0,0,"{""new_snapshot_id"": ""training_states_2026-06-02_dffa6e406d83"", ""old_snapshot_id"": """", ""rollup_scope"": ""program"", ""rollup_value"": ""Endocrinology, Diabetes and Metabolism Fellowship""}"
transition_rollup_7ad50c33a88abada4634,,training_states_2026-06-02_dffa6e406d83,program,Facial Plastic and Reconstructive Surgery Fellowship,,,,Facial Plastic and Reconstructive Surgery Fellowship,,added,new_observation,0,1,0,0,"{""new_snapshot_id"": ""training_states_2026-06-02_dffa6e406d83"", ""old_snapshot_id"": """", ""rollup_scope"": ""program"", ""rollup_value"": ""Facial Plastic and Reconstructive Surgery Fellowship""}"
transition_rollup_62935e2ee0c952cf4672,,training_states_2026-06-02_dffa6e406d83,program,Family Medicine Residency,,,,Family Medicine Residency,,added,new_observation,0,35,0,0,"{""new_snapshot_id"": ""training_states_2026-06-02_dffa6e406d83"", ""old_snapshot_id"": """", ""rollup_scope"": ""program"", ""rollup_value"": ""Family Medicine Residency""}"
transition_rollup_9fc90dccea20e4184c7d,,training_states_2026-06-02_dffa6e406d83,program,Foot and Ankle Fellowship,,,,Foot and Ankle Fellowship,,added,new_observation,0,2,0,0,"{""new_snapshot_id"": ""training_states_2026-06-02_dffa6e406d83"", ""old_snapshot_id"": """", ""rollup_scope"": ""program"", ""rollup_value"": ""Foot and Ankle Fellowship""}"
transition_rollup_653f00371e15b697b365,,training_states_2026-06-02_dffa6e406d83,program,GI/Hepatic Pathology Fellowship,,,,GI/Hepatic Pathology Fellowship,,added,new_observation,0,2,0,0,"{""new_snapshot_id"": ""training_states_2026-06-02_dffa6e406d83"", ""old_snapshot_id"": """", ""rollup_scope"": ""program"", ""rollup_value"": ""GI/Hepatic Pathology Fellowship""}"
transition_rollup_5c23d2ba230cc1aad56f,,training_states_2026-06-02_dffa6e406d83,program,Gastroenterology and Hepatology Fellowship,,,,Gastroenterology and Hepatology Fellowship,,added,new_observation,0,23,0,0,"{""new_snapshot_id"": ""training_states_2026-06-02_dffa6e406d83"", ""old_snapshot_id"": """", ""rollup_scope"": ""program"", ""rollup_value"": ""Gastroenterology and Hepatology Fellowship""}"
transition_rollup_798ee4e5c666848816a9,,training_states_2026-06-02_dffa6e406d83,program,General Surgery Residency,,,,General Surgery Residency,,added,new_observation,0,75,0,0,"{""new_snapshot_id"": ""training_states_2026-06-02_dffa6e406d83"", ""old_snapshot_id"": """", ""rollup_scope"": ""program"", ""rollup_value"": ""General Surgery Residency""}"
transition_rollup_26caaf6bce3fa1d9d891,,training_states_2026-06-02_dffa6e406d83,program,Geriatric Medicine Fellowship,,,,Geriatric Medicine Fellowship,,added,new_observation,0,3,0,0,"{""new_snapshot_id"": ""training_states_2026-06-02_dffa6e406d83"", ""old_snapshot_id"": """", ""rollup_scope"": ""program"", ""rollup_value"": ""Geriatric Medicine Fellowship""}"
transition_rollup_353c41e39e0037400cc5,,training_states_2026-06-02_dffa6e406d83,program,Gynecologic Oncology Fellowship,,,,Gynecologic Oncology Fellowship,,added,new_observation,0,6,0,0,"{""new_snapshot_id"": ""training_states_2026-06-02_dffa6e406d83"", ""old_snapshot_id"": """", ""rollup_scope"": ""program"", ""rollup_value"": ""Gynecologic Oncology Fellowship""}"
transition_rollup_810bd01adff2cdef9376,,training_states_2026-06-02_dffa6e406d83,program,Hand Surgery Fellowship,,,,Hand Surgery Fellowship,,added,new_observation,0,2,0,0,"{""new_snapshot_id"": ""training_states_2026-06-02_dffa6e406d83"", ""old_snapshot_id"": """", ""rollup_scope"": ""program"", ""rollup_value"": ""Hand Surgery Fellowship""}"
transition_rollup_c36720a7676065e33fd4,,training_states_2026-06-02_dffa6e406d83,program,"Head and Neck Surgical Oncology, Microvascular Reconstruction, and Robotic Surgery Fellowship",,,,"Head and Neck Surgical Oncology, Microvascular Reconstruction, and Robotic Surgery Fellowship",,added,new_observation,0,2,0,0,"{""new_snapshot_id"": ""training_states_2026-06-02_dffa6e406d83"", ""old_snapshot_id"": """", ""rollup_scope"": ""program"", ""rollup_value"": ""Head and Neck Surgical Oncology, Microvascular Reconstruction, and Robotic Surgery Fellowship""}"
transition_rollup_b077a7a336be258747d2,,training_states_2026-06-02_dffa6e406d83,program,Hematology/Oncology Fellowship,,,,Hematology/Oncology Fellowship,,added,new_observation,0,32,0,0,"{""new_snapshot_id"": ""training_states_2026-06-02_dffa6e406d83"", ""old_snapshot_id"": """", ""rollup_scope"": ""program"", ""rollup_value"": ""Hematology/Oncology Fellowship""}"
transition_rollup_41b1a9779f0b2554d8f3,,training_states_2026-06-02_dffa6e406d83,program,Hematopathology Fellowship,,,,Hematopathology Fellowship,,added,new_observation,0,4,0,0,"{""new_snapshot_id"": ""training_states_2026-06-02_dffa6e406d83"", ""old_snapshot_id"": """", ""rollup_scope"": ""program"", ""rollup_value"": ""Hematopathology Fellowship""}"
transition_rollup_fa476f5b230e1ed29de9,,training_states_2026-06-02_dffa6e406d83,program,Hospice and Palliative Medicine Fellowship,,,,Hospice and Palliative Medicine Fellowship,,added,new_observation,0,5,0,0,"{""new_snapshot_id"": ""training_states_2026-06-02_dffa6e406d83"", ""old_snapshot_id"": """", ""rollup_scope"": ""program"", ""rollup_value"": ""Hospice and Palliative Medicine Fellowship""}"
transition_rollup_f8e3cc5a2a7f9f037485,,training_states_2026-06-02_dffa6e406d83,program,Infectious Diseases Fellowship,,,,Infectious Diseases Fellowship,,added,new_observation,0,15,0,0,"{""new_snapshot_id"": ""training_states_2026-06-02_dffa6e406d83"", ""old_snapshot_id"": """", ""rollup_scope"": ""program"", ""rollup_value"": ""Infectious Diseases Fellowship""}"
transition_rollup_7d36cbbe4ff3a47dac6d,,training_states_2026-06-02_dffa6e406d83,program,Internal Medicine Physician-Scientist Pathway,,,,Internal Medicine Physician-Scientist Pathway,,added,new_observation,0,15,0,0,"{""new_snapshot_id"": ""training_states_2026-06-02_dffa6e406d83"", ""old_snapshot_id"": """", ""rollup_scope"": ""program"", ""rollup_value"": ""Internal Medicine Physician-Scientist Pathway""}"
transition_rollup_039cb7a3def8d35323fd,,training_states_2026-06-02_dffa6e406d83,program,Internal Medicine Primary Care Residency,,,,Internal Medicine Primary Care Residency,,added,new_observation,0,21,0,0,"{""new_snapshot_id"": ""training_states_2026-06-02_dffa6e406d83"", ""old_snapshot_id"": """", ""rollup_scope"": ""program"", ""rollup_value"": ""Internal Medicine Primary Care Residency""}"
transition_rollup_2c6c078c073fa0f8b72f,,training_states_2026-06-02_dffa6e406d83,program,Internal Medicine Residency,,,,Internal Medicine Residency,,added,new_observation,0,173,0,0,"{""new_snapshot_id"": ""training_states_2026-06-02_dffa6e406d83"", ""old_snapshot_id"": """", ""rollup_scope"": ""program"", ""rollup_value"": ""Internal Medicine Residency""}"
transition_rollup_21951972e8d7fee1267c,,training_states_2026-06-02_dffa6e406d83,program,Internal Medicine Residency - Global Health Equities Track,,,,Internal Medicine Residency - Global Health Equities Track,,added,new_observation,0,22,0,0,"{""new_snapshot_id"": ""training_states_2026-06-02_dffa6e406d83"", ""old_snapshot_id"": """", ""rollup_scope"": ""program"", ""rollup_value"": ""Internal Medicine Residency - Global Health Equities Track""}"
transition_rollup_8d8f346901d0f80b1e5a,,training_states_2026-06-02_dffa6e406d83,program,Internal Medicine Residency - Healthcare Leadership in Quality Track,,,,Internal Medicine Residency - Healthcare Leadership in Quality Track,,added,new_observation,0,25,0,0,"{""new_snapshot_id"": ""training_states_2026-06-02_dffa6e406d83"", ""old_snapshot_id"": """", ""rollup_scope"": ""program"", ""rollup_value"": ""Internal Medicine Residency - Healthcare Leadership in Quality Track""}"
transition_rollup_9ddeea94a9a4f9d19378,,training_states_2026-06-02_dffa6e406d83,program,Internal Medicine Residency - Medical Education Leadership Track,,,,Internal Medicine Residency - Medical Education Leadership Track,,added,new_observation,0,9,0,0,"{""new_snapshot_id"": ""training_states_2026-06-02_dffa6e406d83"", ""old_snapshot_id"": """", ""rollup_scope"": ""program"", ""rollup_value"": ""Internal Medicine Residency - Medical Education Leadership Track""}"
transition_rollup_3bb5bf811fef3e728c99,,training_states_2026-06-02_dffa6e406d83,program,Interventional Cardiology Fellowship,,,,Interventional Cardiology Fellowship,,added,new_observation,0,4,0,0,"{""new_snapshot_id"": ""training_states_2026-06-02_dffa6e406d83"", ""old_snapshot_id"": """", ""rollup_scope"": ""program"", ""rollup_value"": ""Interventional Cardiology Fellowship""}"
transition_rollup_0aa2971d46ffef0a8f11,,training_states_2026-06-02_dffa6e406d83,program,Interventional Radiology Integrated Residency,,,,Interventional Radiology Integrated Residency,,added,new_observation,0,19,0,0,"{""new_snapshot_id"": ""training_states_2026-06-02_dffa6e406d83"", ""old_snapshot_id"": """", ""rollup_scope"": ""program"", ""rollup_value"": ""Interventional Radiology Integrated Residency""}"
transition_rollup_a2e277bb953440793bdf,,training_states_2026-06-02_dffa6e406d83,program,Maternal Fetal Medicine Fellowship,,,,Maternal Fetal Medicine Fellowship,,added,new_observation,0,8,0,0,"{""new_snapshot_id"": ""training_states_2026-06-02_dffa6e406d83"", ""old_snapshot_id"": """", ""rollup_scope"": ""program"", ""rollup_value"": ""Maternal Fetal Medicine Fellowship""}"
transition_rollup_f951a62dba7fb7455100,,training_states_2026-06-02_dffa6e406d83,program,Medical Scientist Training Program,,,,Medical Scientist Training Program,,added,new_observation,0,225,0,0,"{""new_snapshot_id"": ""training_states_2026-06-02_dffa6e406d83"", ""old_snapshot_id"": """", ""rollup_scope"": ""program"", ""rollup_value"": ""Medical Scientist Training Program""}"
transition_rollup_2f0505c864a8c43f5123,,training_states_2026-06-02_dffa6e406d83,program,Microvascular Reconstructive Surgery Fellowship,,,,Microvascular Reconstructive Surgery Fellowship,,added,new_observation,0,5,0,0,"{""new_snapshot_id"": ""training_states_2026-06-02_dffa6e406d83"", ""old_snapshot_id"": """", ""rollup_scope"": ""program"", ""rollup_value"": ""Microvascular Reconstructive Surgery Fellowship""}"
transition_rollup_08f20bbd728bae4aeeaf,,training_states_2026-06-02_dffa6e406d83,program,Molecular Genetic Pathology Fellowship,,,,Molecular Genetic Pathology Fellowship,,added,new_observation,0,2,0,0,"{""new_snapshot_id"": ""training_states_2026-06-02_dffa6e406d83"", ""old_snapshot_id"": """", ""rollup_scope"": ""program"", ""rollup_value"": ""Molecular Genetic Pathology Fellowship""}"
transition_rollup_b31e8625d451b1f40349,,training_states_2026-06-02_dffa6e406d83,program,Nephrology Fellowship,,,,Nephrology Fellowship,,added,new_observation,0,22,0,0,"{""new_snapshot_id"": ""training_states_2026-06-02_dffa6e406d83"", ""old_snapshot_id"": """", ""rollup_scope"": ""program"", ""rollup_value"": ""Nephrology Fellowship""}"
transition_rollup_0f77dacd2dc0e8b022d9,,training_states_2026-06-02_dffa6e406d83,program,Neurological Surgery Residency,,,,Neurological Surgery Residency,,added,new_observation,0,21,0,0,"{""new_snapshot_id"": ""training_states_2026-06-02_dffa6e406d83"", ""old_snapshot_id"": """", ""rollup_scope"": ""program"", ""rollup_value"": ""Neurological Surgery Residency""}"
transition_rollup_b146376a2791b78738bb,,training_states_2026-06-02_dffa6e406d83,program,Neurology Residency,,,,Neurology Residency,,added,new_observation,0,54,0,0,"{""new_snapshot_id"": ""training_states_2026-06-02_dffa6e406d83"", ""old_snapshot_id"": """", ""rollup_scope"": ""program"", ""rollup_value"": ""Neurology Residency""}"
transition_rollup_912e333e8aa9e7394e9b,,training_states_2026-06-02_dffa6e406d83,program,Neuropathology Fellowship,,,,Neuropathology Fellowship,,added,new_observation,0,2,0,0,"{""new_snapshot_id"": ""training_states_2026-06-02_dffa6e406d83"", ""old_snapshot_id"": """", ""rollup_scope"": ""program"", ""rollup_value"": ""Neuropathology Fellowship""}"
transition_rollup_f49177323be3968d9118,,training_states_2026-06-02_dffa6e406d83,program,Neuroradiology Fellowship,,,,Neuroradiology Fellowship,,added,new_observation,0,11,0,0,"{""new_snapshot_id"": ""training_states_2026-06-02_dffa6e406d83"", ""old_snapshot_id"": """", ""rollup_scope"": ""program"", ""rollup_value"": ""Neuroradiology Fellowship""}"
transition_rollup_5ab591953958d8e03c8b,,training_states_2026-06-02_dffa6e406d83,program,Neurotology Fellowship,,,,Neurotology Fellowship,,added,new_observation,0,1,0,0,"{""new_snapshot_id"": ""training_states_2026-06-02_dffa6e406d83"", ""old_snapshot_id"": """", ""rollup_scope"": ""program"", ""rollup_value"": ""Neurotology Fellowship""}"
transition_rollup_b73d3a2c04db73771db8,,training_states_2026-06-02_dffa6e406d83,program,Nuclear Radiology Fellowship,,,,Nuclear Radiology Fellowship,,added,new_observation,0,2,0,0,"{""new_snapshot_id"": ""training_states_2026-06-02_dffa6e406d83"", ""old_snapshot_id"": """", ""rollup_scope"": ""program"", ""rollup_value"": ""Nuclear Radiology Fellowship""}"
transition_rollup_b330238c068c2f278492,,training_states_2026-06-02_dffa6e406d83,program,Obstetrics and Gynecology Residency,,,,Obstetrics and Gynecology Residency,,added,new_observation,0,32,0,0,"{""new_snapshot_id"": ""training_states_2026-06-02_dffa6e406d83"", ""old_snapshot_id"": """", ""rollup_scope"": ""program"", ""rollup_value"": ""Obstetrics and Gynecology Residency""}"
transition_rollup_c4d48197961a8232fff2,,training_states_2026-06-02_dffa6e406d83,program,Oncologic Imaging Fellowship,,,,Oncologic Imaging Fellowship,,added,new_observation,0,1,0,0,"{""new_snapshot_id"": ""training_states_2026-06-02_dffa6e406d83"", ""old_snapshot_id"": """", ""rollup_scope"": ""program"", ""rollup_value"": ""Oncologic Imaging Fellowship""}"
transition_rollup_7d18059cc9097da8a7f7,,training_states_2026-06-02_dffa6e406d83,program,Ophthalmology Fellowship,,,,Ophthalmology Fellowship,,added,new_observation,0,10,0,0,"{""new_snapshot_id"": ""training_states_2026-06-02_dffa6e406d83"", ""old_snapshot_id"": """", ""rollup_scope"": ""program"", ""rollup_value"": ""Ophthalmology Fellowship""}"
transition_rollup_9d95dd6a2ce73e487208,,training_states_2026-06-02_dffa6e406d83,program,Ophthalmology Residency,,,,Ophthalmology Residency,,added,new_observation,0,20,0,0,"{""new_snapshot_id"": ""training_states_2026-06-02_dffa6e406d83"", ""old_snapshot_id"": """", ""rollup_scope"": ""program"", ""rollup_value"": ""Ophthalmology Residency""}"
transition_rollup_a6ec6b443e7ad540879f,,training_states_2026-06-02_dffa6e406d83,program,Oral Medicine Residency,,,,Oral Medicine Residency,,added,new_observation,0,8,0,0,"{""new_snapshot_id"": ""training_states_2026-06-02_dffa6e406d83"", ""old_snapshot_id"": """", ""rollup_scope"": ""program"", ""rollup_value"": ""Oral Medicine Residency""}"
transition_rollup_15e913ad396b0c43dd80,,training_states_2026-06-02_dffa6e406d83,program,Orthopedic Surgery Residency,,,,Orthopedic Surgery Residency,,added,new_observation,0,40,0,0,"{""new_snapshot_id"": ""training_states_2026-06-02_dffa6e406d83"", ""old_snapshot_id"": """", ""rollup_scope"": ""program"", ""rollup_value"": ""Orthopedic Surgery Residency""}"
transition_rollup_9b126657bf1b07c51223,,training_states_2026-06-02_dffa6e406d83,program,Otorhinolaryngology Residency,,,,Otorhinolaryngology Residency,,added,new_observation,0,31,0,0,"{""new_snapshot_id"": ""training_states_2026-06-02_dffa6e406d83"", ""old_snapshot_id"": """", ""rollup_scope"": ""program"", ""rollup_value"": ""Otorhinolaryngology Residency""}"
transition_rollup_713a5423077060468899,,training_states_2026-06-02_dffa6e406d83,program,Pathology - Anatomic and Clinical Residency,,,,Pathology - Anatomic and Clinical Residency,,added,new_observation,0,44,0,0,"{""new_snapshot_id"": ""training_states_2026-06-02_dffa6e406d83"", ""old_snapshot_id"": """", ""rollup_scope"": ""program"", ""rollup_value"": ""Pathology - Anatomic and Clinical Residency""}"
transition_rollup_1e771a00f2e82e94c403,,training_states_2026-06-02_dffa6e406d83,program,Penn-CHOP Internal Medicine-Pediatrics Residency,,,,Penn-CHOP Internal Medicine-Pediatrics Residency,,added,new_observation,0,25,0,0,"{""new_snapshot_id"": ""training_states_2026-06-02_dffa6e406d83"", ""old_snapshot_id"": """", ""rollup_scope"": ""program"", ""rollup_value"": ""Penn-CHOP Internal Medicine-Pediatrics Residency""}"
transition_rollup_a30cf2aeff77bd219ef8,,training_states_2026-06-02_dffa6e406d83,program,Physical Medicine and Rehabilitation Residency,,,,Physical Medicine and Rehabilitation Residency,,added,new_observation,0,22,0,0,"{""new_snapshot_id"": ""training_states_2026-06-02_dffa6e406d83"", ""old_snapshot_id"": """", ""rollup_scope"": ""program"", ""rollup_value"": ""Physical Medicine and Rehabilitation Residency""}"
transition_rollup_3e14c8ebf548c846e367,,training_states_2026-06-02_dffa6e406d83,program,Plastic Surgery Residency,,,,Plastic Surgery Residency,,added,new_observation,0,22,0,0,"{""new_snapshot_id"": ""training_states_2026-06-02_dffa6e406d83"", ""old_snapshot_id"": """", ""rollup_scope"": ""program"", ""rollup_value"": ""Plastic Surgery Residency""}"
transition_rollup_f842dc1c21f8556db4c2,,training_states_2026-06-02_dffa6e406d83,program,Podiatric Surgery Residency,,,,Podiatric Surgery Residency,,added,new_observation,0,16,0,0,"{""new_snapshot_id"": ""training_states_2026-06-02_dffa6e406d83"", ""old_snapshot_id"": """", ""rollup_scope"": ""program"", ""rollup_value"": ""Podiatric Surgery Residency""}"
transition_rollup_b4d49d3820908cbeb357,,training_states_2026-06-02_dffa6e406d83,program,Pulmonary and Critical Care Fellowship,,,,Pulmonary and Critical Care Fellowship,,added,new_observation,0,34,0,0,"{""new_snapshot_id"": ""training_states_2026-06-02_dffa6e406d83"", ""old_snapshot_id"": """", ""rollup_scope"": ""program"", ""rollup_value"": ""Pulmonary and Critical Care Fellowship""}"
transition_rollup_47976e7a04f5887ed48b,,training_states_2026-06-02_dffa6e406d83,program,Radiation Oncology Residency,,,,Radiation Oncology Residency,,added,new_observation,0,17,0,0,"{""new_snapshot_id"": ""training_states_2026-06-02_dffa6e406d83"", ""old_snapshot_id"": """", ""rollup_scope"": ""program"", ""rollup_value"": ""Radiation Oncology Residency""}"
transition_rollup_7d699d5744f649d54a21,,training_states_2026-06-02_dffa6e406d83,program,Reproductive Endocrinology and Infertility Fellowship,,,,Reproductive Endocrinology and Infertility Fellowship,,added,new_observation,0,6,0,0,"{""new_snapshot_id"": ""training_states_2026-06-02_dffa6e406d83"", ""old_snapshot_id"": """", ""rollup_scope"": ""program"", ""rollup_value"": ""Reproductive Endocrinology and Infertility Fellowship""}"
transition_rollup_fbe9dc667d8a0c83b729,,training_states_2026-06-02_dffa6e406d83,program,Rheumatology Fellowship,,,,Rheumatology Fellowship,,added,new_observation,0,15,0,0,"{""new_snapshot_id"": ""training_states_2026-06-02_dffa6e406d83"", ""old_snapshot_id"": """", ""rollup_scope"": ""program"", ""rollup_value"": ""Rheumatology Fellowship""}"
transition_rollup_ec04ad425ef23c54b4a5,,training_states_2026-06-02_dffa6e406d83,program,Rhinology and Skull Base Surgery Fellowship,,,,Rhinology and Skull Base Surgery Fellowship,,added,new_observation,0,2,0,0,"{""new_snapshot_id"": ""training_states_2026-06-02_dffa6e406d83"", ""old_snapshot_id"": """", ""rollup_scope"": ""program"", ""rollup_value"": ""Rhinology and Skull Base Surgery Fellowship""}"
transition_rollup_c7f391dc0ae7d638cf00,,training_states_2026-06-02_dffa6e406d83,program,Shoulder and Elbow Fellowship,,,,Shoulder and Elbow Fellowship,,added,new_observation,0,1,0,0,"{""new_snapshot_id"": ""training_states_2026-06-02_dffa6e406d83"", ""old_snapshot_id"": """", ""rollup_scope"": ""program"", ""rollup_value"": ""Shoulder and Elbow Fellowship""}"
transition_rollup_20093d5a84cf71573d64,,training_states_2026-06-02_dffa6e406d83,program,Sleep Medicine Fellowship,,,,Sleep Medicine Fellowship,,added,new_observation,0,7,0,0,"{""new_snapshot_id"": ""training_states_2026-06-02_dffa6e406d83"", ""old_snapshot_id"": """", ""rollup_scope"": ""program"", ""rollup_value"": ""Sleep Medicine Fellowship""}"
transition_rollup_e32b98754169f39240c4,,training_states_2026-06-02_dffa6e406d83,program,Sleep Medicine and Surgery Fellowship,,,,Sleep Medicine and Surgery Fellowship,,added,new_observation,0,2,0,0,"{""new_snapshot_id"": ""training_states_2026-06-02_dffa6e406d83"", ""old_snapshot_id"": """", ""rollup_scope"": ""program"", ""rollup_value"": ""Sleep Medicine and Surgery Fellowship""}"
transition_rollup_6d4b5d63d29c34b1171b,,training_states_2026-06-02_dffa6e406d83,program,Soft Tissue/Bone Pathology Fellowship,,,,Soft Tissue/Bone Pathology Fellowship,,added,new_observation,0,1,0,0,"{""new_snapshot_id"": ""training_states_2026-06-02_dffa6e406d83"", ""old_snapshot_id"": """", ""rollup_scope"": ""program"", ""rollup_value"": ""Soft Tissue/Bone Pathology Fellowship""}"
transition_rollup_bb833a058805d41f9fb2,,training_states_2026-06-02_dffa6e406d83,program,Spine Fellowship,,,,Spine Fellowship,,added,new_observation,0,1,0,0,"{""new_snapshot_id"": ""training_states_2026-06-02_dffa6e406d83"", ""old_snapshot_id"": """", ""rollup_scope"": ""program"", ""rollup_value"": ""Spine Fellowship""}"
transition_rollup_33f346cf3b309f2d3384,,training_states_2026-06-02_dffa6e406d83,program,Sports Medicine Fellowship,,,,Sports Medicine Fellowship,,added,new_observation,0,2,0,0,"{""new_snapshot_id"": ""training_states_2026-06-02_dffa6e406d83"", ""old_snapshot_id"": """", ""rollup_scope"": ""program"", ""rollup_value"": ""Sports Medicine Fellowship""}"
transition_rollup_0cd6938daf8e854f5c40,,training_states_2026-06-02_dffa6e406d83,program,Surgical Pathology Fellowship,,,,Surgical Pathology Fellowship,,added,new_observation,0,6,0,0,"{""new_snapshot_id"": ""training_states_2026-06-02_dffa6e406d83"", ""old_snapshot_id"": """", ""rollup_scope"": ""program"", ""rollup_value"": ""Surgical Pathology Fellowship""}"
transition_rollup_1d479f61e8a4c78331b4,,training_states_2026-06-02_dffa6e406d83,program,Thoracic Surgery - Thoracic Track Fellowship,,,,Thoracic Surgery - Thoracic Track Fellowship,,added,new_observation,0,1,0,0,"{""new_snapshot_id"": ""training_states_2026-06-02_dffa6e406d83"", ""old_snapshot_id"": """", ""rollup_scope"": ""program"", ""rollup_value"": ""Thoracic Surgery - Thoracic Track Fellowship""}"
transition_rollup_0e2da75a7dd777150639,,training_states_2026-06-02_dffa6e406d83,program,Thoracic Surgery Fellowship - Cardiac Track,,,,Thoracic Surgery Fellowship - Cardiac Track,,added,new_observation,0,4,0,0,"{""new_snapshot_id"": ""training_states_2026-06-02_dffa6e406d83"", ""old_snapshot_id"": """", ""rollup_scope"": ""program"", ""rollup_value"": ""Thoracic Surgery Fellowship - Cardiac Track""}"
transition_rollup_7f9d4c1e7a007beb583f,,training_states_2026-06-02_dffa6e406d83,program,Transfusion Medicine/Blood Bank Fellowship,,,,Transfusion Medicine/Blood Bank Fellowship,,added,new_observation,0,1,0,0,"{""new_snapshot_id"": ""training_states_2026-06-02_dffa6e406d83"", ""old_snapshot_id"": """", ""rollup_scope"": ""program"", ""rollup_value"": ""Transfusion Medicine/Blood Bank Fellowship""}"
transition_rollup_338c9aa1d9da041e9bd8,,training_states_2026-06-02_dffa6e406d83,program,Transplant Surgery Fellowship,,,,Transplant Surgery Fellowship,,added,new_observation,0,3,0,0,"{""new_snapshot_id"": ""training_states_2026-06-02_dffa6e406d83"", ""old_snapshot_id"": """", ""rollup_scope"": ""program"", ""rollup_value"": ""Transplant Surgery Fellowship""}"
transition_rollup_1f33222530eff812c6c3,,training_states_2026-06-02_dffa6e406d83,program,Trauma and Surgical Critical Care Fellowship,,,,Trauma and Surgical Critical Care Fellowship,,added,new_observation,0,12,0,0,"{""new_snapshot_id"": ""training_states_2026-06-02_dffa6e406d83"", ""old_snapshot_id"": """", ""rollup_scope"": ""program"", ""rollup_value"": ""Trauma and Surgical Critical Care Fellowship""}"
transition_rollup_de85de3f508d16a79a0e,,training_states_2026-06-02_dffa6e406d83,program,Urogynecology and Reconstructive Pelvic Surgery Fellowship,,,,Urogynecology and Reconstructive Pelvic Surgery Fellowship,,added,new_observation,0,4,0,0,"{""new_snapshot_id"": ""training_states_2026-06-02_dffa6e406d83"", ""old_snapshot_id"": """", ""rollup_scope"": ""program"", ""rollup_value"": ""Urogynecology and Reconstructive Pelvic Surgery Fellowship""}"
transition_rollup_360ea4f31f92de3b6226,,training_states_2026-06-02_dffa6e406d83,program,Urology Residency,,,,Urology Residency,,added,new_observation,0,22,0,0,"{""new_snapshot_id"": ""training_states_2026-06-02_dffa6e406d83"", ""old_snapshot_id"": """", ""rollup_scope"": ""program"", ""rollup_value"": ""Urology Residency""}"
transition_rollup_7b7e3a6f64eae99150f1,,training_states_2026-06-02_dffa6e406d83,program,Vascular Surgery Fellowship,,,,Vascular Surgery Fellowship,,added,new_observation,0,4,0,0,"{""new_snapshot_id"": ""training_states_2026-06-02_dffa6e406d83"", ""old_snapshot_id"": """", ""rollup_scope"": ""program"", ""rollup_value"": ""Vascular Surgery Fellowship""}"
transition_rollup_10fe002306d23c9d9380,,training_states_2026-06-02_dffa6e406d83,program,Vascular Surgery Integrated Residency,,,,Vascular Surgery Integrated Residency,,added,new_observation,0,9,0,0,"{""new_snapshot_id"": ""training_states_2026-06-02_dffa6e406d83"", ""old_snapshot_id"": """", ""rollup_scope"": ""program"", ""rollup_value"": ""Vascular Surgery Integrated Residency""}"
transition_rollup_e4f18d932b74b6e629a3,,training_states_2026-06-02_dffa6e406d83,program_role,ABR Alternate Pathway to Certification::fellow,,fellow,,ABR Alternate Pathway to Certification,,added,new_observation,0,1,0,0,"{""new_snapshot_id"": ""training_states_2026-06-02_dffa6e406d83"", ""old_snapshot_id"": """", ""rollup_scope"": ""program_role"", ""rollup_value"": ""ABR Alternate Pathway to Certification::fellow""}"
transition_rollup_c596693263b54e0c76c7,,training_states_2026-06-02_dffa6e406d83,program_role,Abdominal Imaging Fellowship::fellow,,fellow,,Abdominal Imaging Fellowship,,added,new_observation,0,9,0,0,"{""new_snapshot_id"": ""training_states_2026-06-02_dffa6e406d83"", ""old_snapshot_id"": """", ""rollup_scope"": ""program_role"", ""rollup_value"": ""Abdominal Imaging Fellowship::fellow""}"
transition_rollup_0f7860a87762bcb8d973,,training_states_2026-06-02_dffa6e406d83,program_role,Adult Congenital Heart Disease Fellowship::fellow,,fellow,,Adult Congenital Heart Disease Fellowship,,added,new_observation,0,2,0,0,"{""new_snapshot_id"": ""training_states_2026-06-02_dffa6e406d83"", ""old_snapshot_id"": """", ""rollup_scope"": ""program_role"", ""rollup_value"": ""Adult Congenital Heart Disease Fellowship::fellow""}"
transition_rollup_d8b2445e2709c4de4354,,training_states_2026-06-02_dffa6e406d83,program_role,Adult Reconstructive Orthopedics Fellowship::fellow,,fellow,,Adult Reconstructive Orthopedics Fellowship,,added,new_observation,0,3,0,0,"{""new_snapshot_id"": ""training_states_2026-06-02_dffa6e406d83"", ""old_snapshot_id"": """", ""rollup_scope"": ""program_role"", ""rollup_value"": ""Adult Reconstructive Orthopedics Fellowship::fellow""}"
transition_rollup_1fd78205f50807b1e80e,,training_states_2026-06-02_dffa6e406d83,program_role,Advanced Gastroenterology and Hepatology Fellowship::fellow,,fellow,,Advanced Gastroenterology and Hepatology Fellowship,,added,new_observation,0,2,0,0,"{""new_snapshot_id"": ""training_states_2026-06-02_dffa6e406d83"", ""old_snapshot_id"": """", ""rollup_scope"": ""program_role"", ""rollup_value"": ""Advanced Gastroenterology and Hepatology Fellowship::fellow""}"
transition_rollup_445ed96cf3c8f4a68181,,training_states_2026-06-02_dffa6e406d83,program_role,Advanced Heart Failure Transplant Cardiology Fellowship::fellow,,fellow,,Advanced Heart Failure Transplant Cardiology Fellowship,,added,new_observation,0,2,0,0,"{""new_snapshot_id"": ""training_states_2026-06-02_dffa6e406d83"", ""old_snapshot_id"": """", ""rollup_scope"": ""program_role"", ""rollup_value"": ""Advanced Heart Failure Transplant Cardiology Fellowship::fellow""}"
transition_rollup_5bcccfca9d91fc0b440f,,training_states_2026-06-02_dffa6e406d83,program_role,Advanced Musculoskeletal Fellowship::fellow,,fellow,,Advanced Musculoskeletal Fellowship,,added,new_observation,0,3,0,0,"{""new_snapshot_id"": ""training_states_2026-06-02_dffa6e406d83"", ""old_snapshot_id"": """", ""rollup_scope"": ""program_role"", ""rollup_value"": ""Advanced Musculoskeletal Fellowship::fellow""}"
transition_rollup_df12b32f09ffc12e8a06,,training_states_2026-06-02_dffa6e406d83,program_role,Advanced Noninvasive Cardiac Imaging Fellowship::fellow,,fellow,,Advanced Noninvasive Cardiac Imaging Fellowship,,added,new_observation,0,2,0,0,"{""new_snapshot_id"": ""training_states_2026-06-02_dffa6e406d83"", ""old_snapshot_id"": """", ""rollup_scope"": ""program_role"", ""rollup_value"": ""Advanced Noninvasive Cardiac Imaging Fellowship::fellow""}"
transition_rollup_45bdae5404a88b6d8e0a,,training_states_2026-06-02_dffa6e406d83,program_role,Advanced Nuclear Radiology Fellowship::fellow,,fellow,,Advanced Nuclear Radiology Fellowship,,added,new_observation,0,1,0,0,"{""new_snapshot_id"": ""training_states_2026-06-02_dffa6e406d83"", ""old_snapshot_id"": """", ""rollup_scope"": ""program_role"", ""rollup_value"": ""Advanced Nuclear Radiology Fellowship::fellow""}"
transition_rollup_0b7556c307cbd7c586c7,,training_states_2026-06-02_dffa6e406d83,program_role,Allergy and Immunology Fellowship::fellow,,fellow,,Allergy and Immunology Fellowship,,added,new_observation,0,4,0,0,"{""new_snapshot_id"": ""training_states_2026-06-02_dffa6e406d83"", ""old_snapshot_id"": """", ""rollup_scope"": ""program_role"", ""rollup_value"": ""Allergy and Immunology Fellowship::fellow""}"
transition_rollup_a3dab68e6553d332c5f3,,training_states_2026-06-02_dffa6e406d83,program_role,Anesthesiology Residency::resident,,resident,,Anesthesiology Residency,,added,new_observation,0,97,0,0,"{""new_snapshot_id"": ""training_states_2026-06-02_dffa6e406d83"", ""old_snapshot_id"": """", ""rollup_scope"": ""program_role"", ""rollup_value"": ""Anesthesiology Residency::resident""}"
transition_rollup_4c77120c37b7bf2d8717,,training_states_2026-06-02_dffa6e406d83,program_role,Aortic Surgery Fellowship::fellow,,fellow,,Aortic Surgery Fellowship,,added,new_observation,0,2,0,0,"{""new_snapshot_id"": ""training_states_2026-06-02_dffa6e406d83"", ""old_snapshot_id"": """", ""rollup_scope"": ""program_role"", ""rollup_value"": ""Aortic Surgery Fellowship::fellow""}"
transition_rollup_aabe858c862660b5d778,,training_states_2026-06-02_dffa6e406d83,program_role,Breast Pathology Fellowship::fellow,,fellow,,Breast Pathology Fellowship,,added,new_observation,0,1,0,0,"{""new_snapshot_id"": ""training_states_2026-06-02_dffa6e406d83"", ""old_snapshot_id"": """", ""rollup_scope"": ""program_role"", ""rollup_value"": ""Breast Pathology Fellowship::fellow""}"
transition_rollup_db55e46c81b03efb9227,,training_states_2026-06-02_dffa6e406d83,program_role,CHOP Otolaryngology Fellowship::fellow,,fellow,,CHOP Otolaryngology Fellowship,,added,new_observation,0,4,0,0,"{""new_snapshot_id"": ""training_states_2026-06-02_dffa6e406d83"", ""old_snapshot_id"": """", ""rollup_scope"": ""program_role"", ""rollup_value"": ""CHOP Otolaryngology Fellowship::fellow""}"
transition_rollup_7e894d448c6b429709a0,,training_states_2026-06-02_dffa6e406d83,program_role,Cardio-Oncology Fellowship::fellow,,fellow,,Cardio-Oncology Fellowship,,added,new_observation,0,2,0,0,"{""new_snapshot_id"": ""training_states_2026-06-02_dffa6e406d83"", ""old_snapshot_id"": """", ""rollup_scope"": ""program_role"", ""rollup_value"": ""Cardio-Oncology Fellowship::fellow""}"
transition_rollup_4dec4cd85bc6fa2c151e,,training_states_2026-06-02_dffa6e406d83,program_role,Cardiothoracic Fellowship::fellow,,fellow,,Cardiothoracic Fellowship,,added,new_observation,0,1,0,0,"{""new_snapshot_id"": ""training_states_2026-06-02_dffa6e406d83"", ""old_snapshot_id"": """", ""rollup_scope"": ""program_role"", ""rollup_value"": ""Cardiothoracic Fellowship::fellow""}"
transition_rollup_8f2e9e57bba35661bc12,,training_states_2026-06-02_dffa6e406d83,program_role,Cardiothoracic Surgery Residency::resident,,resident,,Cardiothoracic Surgery Residency,,added,new_observation,0,15,0,0,"{""new_snapshot_id"": ""training_states_2026-06-02_dffa6e406d83"", ""old_snapshot_id"": """", ""rollup_scope"": ""program_role"", ""rollup_value"": ""Cardiothoracic Surgery Residency::resident""}"
transition_rollup_789fb7e72caf3a4094d7,,training_states_2026-06-02_dffa6e406d83,program_role,Cardiothoracic Transplantation Surgery Fellowship::fellow,,fellow,,Cardiothoracic Transplantation Surgery Fellowship,,added,new_observation,0,1,0,0,"{""new_snapshot_id"": ""training_states_2026-06-02_dffa6e406d83"", ""old_snapshot_id"": """", ""rollup_scope"": ""program_role"", ""rollup_value"": ""Cardiothoracic Transplantation Surgery Fellowship::fellow""}"
transition_rollup_4d6d6f6ec6bb0bfd9795,,training_states_2026-06-02_dffa6e406d83,program_role,Cardiovascular Disease Fellowship::fellow,,fellow,,Cardiovascular Disease Fellowship,,added,new_observation,0,33,0,0,"{""new_snapshot_id"": ""training_states_2026-06-02_dffa6e406d83"", ""old_snapshot_id"": """", ""rollup_scope"": ""program_role"", ""rollup_value"": ""Cardiovascular Disease Fellowship::fellow""}"
transition_rollup_5e66334226972008f320,,training_states_2026-06-02_dffa6e406d83,program_role,Clinical Cardiac Electrophysiology Fellowship::fellow,,fellow,,Clinical Cardiac Electrophysiology Fellowship,,added,new_observation,0,12,0,0,"{""new_snapshot_id"": ""training_states_2026-06-02_dffa6e406d83"", ""old_snapshot_id"": """", ""rollup_scope"": ""program_role"", ""rollup_value"": ""Clinical Cardiac Electrophysiology Fellowship::fellow""}"
transition_rollup_a6751481cf4d01df770d,,training_states_2026-06-02_dffa6e406d83,program_role,Clinical Chemistry Fellowship::fellow,,fellow,,Clinical Chemistry Fellowship,,added,new_observation,0,2,0,0,"{""new_snapshot_id"": ""training_states_2026-06-02_dffa6e406d83"", ""old_snapshot_id"": """", ""rollup_scope"": ""program_role"", ""rollup_value"": ""Clinical Chemistry Fellowship::fellow""}"
transition_rollup_0126a359691c58c51547,,training_states_2026-06-02_dffa6e406d83,program_role,Clinical Microbiology Fellowship::fellow,,fellow,,Clinical Microbiology Fellowship,,added,new_observation,0,2,0,0,"{""new_snapshot_id"": ""training_states_2026-06-02_dffa6e406d83"", ""old_snapshot_id"": """", ""rollup_scope"": ""program_role"", ""rollup_value"": ""Clinical Microbiology Fellowship::fellow""}"
transition_rollup_f0148d4e2efabf08a2a1,,training_states_2026-06-02_dffa6e406d83,program_role,Colon and Rectal Surgery Fellowship::fellow,,fellow,,Colon and Rectal Surgery Fellowship,,added,new_observation,0,1,0,0,"{""new_snapshot_id"": ""training_states_2026-06-02_dffa6e406d83"", ""old_snapshot_id"": """", ""rollup_scope"": ""program_role"", ""rollup_value"": ""Colon and Rectal Surgery Fellowship::fellow""}"
transition_rollup_af87d1f11c0f33cf00f1,,training_states_2026-06-02_dffa6e406d83,program_role,Combined Internal Medicine-Dermatology Residency::resident,,resident,,Combined Internal Medicine-Dermatology Residency,,added,new_observation,0,5,0,0,"{""new_snapshot_id"": ""training_states_2026-06-02_dffa6e406d83"", ""old_snapshot_id"": """", ""rollup_scope"": ""program_role"", ""rollup_value"": ""Combined Internal Medicine-Dermatology Residency::resident""}"
transition_rollup_9513af30e2321b9009ce,,training_states_2026-06-02_dffa6e406d83,program_role,Craniofacial Surgery Fellowship::fellow,,fellow,,Craniofacial Surgery Fellowship,,added,new_observation,0,1,0,0,"{""new_snapshot_id"": ""training_states_2026-06-02_dffa6e406d83"", ""old_snapshot_id"": """", ""rollup_scope"": ""program_role"", ""rollup_value"": ""Craniofacial Surgery Fellowship::fellow""}"
transition_rollup_d6b5ccdffddcb0023d1c,,training_states_2026-06-02_dffa6e406d83,program_role,Cytopathology Fellowship::fellow,,fellow,,Cytopathology Fellowship,,added,new_observation,0,2,0,0,"{""new_snapshot_id"": ""training_states_2026-06-02_dffa6e406d83"", ""old_snapshot_id"": """", ""rollup_scope"": ""program_role"", ""rollup_value"": ""Cytopathology Fellowship::fellow""}"
transition_rollup_92d8245598c71cdb87fb,,training_states_2026-06-02_dffa6e406d83,program_role,Diagnostic Radiology Residency::resident,,resident,,Diagnostic Radiology Residency,,added,new_observation,0,54,0,0,"{""new_snapshot_id"": ""training_states_2026-06-02_dffa6e406d83"", ""old_snapshot_id"": """", ""rollup_scope"": ""program_role"", ""rollup_value"": ""Diagnostic Radiology Residency::resident""}"
transition_rollup_52a2a41b672b3665e581,,training_states_2026-06-02_dffa6e406d83,program_role,"Endocrinology, Diabetes and Metabolism Fellowship::fellow",,fellow,,"Endocrinology, Diabetes and Metabolism Fellowship",,added,new_observation,0,21,0,0,"{""new_snapshot_id"": ""training_states_2026-06-02_dffa6e406d83"", ""old_snapshot_id"": """", ""rollup_scope"": ""program_role"", ""rollup_value"": ""Endocrinology, Diabetes and Metabolism Fellowship::fellow""}"
transition_rollup_487d3571e90cb8c8683e,,training_states_2026-06-02_dffa6e406d83,program_role,Facial Plastic and Reconstructive Surgery Fellowship::fellow,,fellow,,Facial Plastic and Reconstructive Surgery Fellowship,,added,new_observation,0,1,0,0,"{""new_snapshot_id"": ""training_states_2026-06-02_dffa6e406d83"", ""old_snapshot_id"": """", ""rollup_scope"": ""program_role"", ""rollup_value"": ""Facial Plastic and Reconstructive Surgery Fellowship::fellow""}"
transition_rollup_186d394c83a2c1cc5885,,training_states_2026-06-02_dffa6e406d83,program_role,Family Medicine Residency::resident,,resident,,Family Medicine Residency,,added,new_observation,0,35,0,0,"{""new_snapshot_id"": ""training_states_2026-06-02_dffa6e406d83"", ""old_snapshot_id"": """", ""rollup_scope"": ""program_role"", ""rollup_value"": ""Family Medicine Residency::resident""}"
transition_rollup_04cae7b837ac9a9c005d,,training_states_2026-06-02_dffa6e406d83,program_role,Foot and Ankle Fellowship::fellow,,fellow,,Foot and Ankle Fellowship,,added,new_observation,0,2,0,0,"{""new_snapshot_id"": ""training_states_2026-06-02_dffa6e406d83"", ""old_snapshot_id"": """", ""rollup_scope"": ""program_role"", ""rollup_value"": ""Foot and Ankle Fellowship::fellow""}"
transition_rollup_18320a094e580cfc8a18,,training_states_2026-06-02_dffa6e406d83,program_role,GI/Hepatic Pathology Fellowship::fellow,,fellow,,GI/Hepatic Pathology Fellowship,,added,new_observation,0,2,0,0,"{""new_snapshot_id"": ""training_states_2026-06-02_dffa6e406d83"", ""old_snapshot_id"": """", ""rollup_scope"": ""program_role"", ""rollup_value"": ""GI/Hepatic Pathology Fellowship::fellow""}"
transition_rollup_d75716e0249adc84ceff,,training_states_2026-06-02_dffa6e406d83,program_role,Gastroenterology and Hepatology Fellowship::fellow,,fellow,,Gastroenterology and Hepatology Fellowship,,added,new_observation,0,23,0,0,"{""new_snapshot_id"": ""training_states_2026-06-02_dffa6e406d83"", ""old_snapshot_id"": """", ""rollup_scope"": ""program_role"", ""rollup_value"": ""Gastroenterology and Hepatology Fellowship::fellow""}"
transition_rollup_7cefd0b07131d76e0cd9,,training_states_2026-06-02_dffa6e406d83,program_role,General Surgery Residency::resident,,resident,,General Surgery Residency,,added,new_observation,0,75,0,0,"{""new_snapshot_id"": ""training_states_2026-06-02_dffa6e406d83"", ""old_snapshot_id"": """", ""rollup_scope"": ""program_role"", ""rollup_value"": ""General Surgery Residency::resident""}"
transition_rollup_213164e5bf2f46c43919,,training_states_2026-06-02_dffa6e406d83,program_role,Geriatric Medicine Fellowship::fellow,,fellow,,Geriatric Medicine Fellowship,,added,new_observation,0,3,0,0,"{""new_snapshot_id"": ""training_states_2026-06-02_dffa6e406d83"", ""old_snapshot_id"": """", ""rollup_scope"": ""program_role"", ""rollup_value"": ""Geriatric Medicine Fellowship::fellow""}"
transition_rollup_4a21de0c4d1c4c91c188,,training_states_2026-06-02_dffa6e406d83,program_role,Gynecologic Oncology Fellowship::fellow,,fellow,,Gynecologic Oncology Fellowship,,added,new_observation,0,6,0,0,"{""new_snapshot_id"": ""training_states_2026-06-02_dffa6e406d83"", ""old_snapshot_id"": """", ""rollup_scope"": ""program_role"", ""rollup_value"": ""Gynecologic Oncology Fellowship::fellow""}"
transition_rollup_9525e6764f4eed2fb290,,training_states_2026-06-02_dffa6e406d83,program_role,Hand Surgery Fellowship::fellow,,fellow,,Hand Surgery Fellowship,,added,new_observation,0,2,0,0,"{""new_snapshot_id"": ""training_states_2026-06-02_dffa6e406d83"", ""old_snapshot_id"": """", ""rollup_scope"": ""program_role"", ""rollup_value"": ""Hand Surgery Fellowship::fellow""}"
transition_rollup_dfa00b20d57afe844a89,,training_states_2026-06-02_dffa6e406d83,program_role,"Head and Neck Surgical Oncology, Microvascular Reconstruction, and Robotic Surgery Fellowship::fellow",,fellow,,"Head and Neck Surgical Oncology, Microvascular Reconstruction, and Robotic Surgery Fellowship",,added,new_observation,0,2,0,0,"{""new_snapshot_id"": ""training_states_2026-06-02_dffa6e406d83"", ""old_snapshot_id"": """", ""rollup_scope"": ""program_role"", ""rollup_value"": ""Head and Neck Surgical Oncology, Microvascular Reconstruction, and Robotic Surgery Fellowship::fellow""}"
transition_rollup_5a3ffa465bccb059e46d,,training_states_2026-06-02_dffa6e406d83,program_role,Hematology/Oncology Fellowship::fellow,,fellow,,Hematology/Oncology Fellowship,,added,new_observation,0,32,0,0,"{""new_snapshot_id"": ""training_states_2026-06-02_dffa6e406d83"", ""old_snapshot_id"": """", ""rollup_scope"": ""program_role"", ""rollup_value"": ""Hematology/Oncology Fellowship::fellow""}"
transition_rollup_8755c35b76fa69d9e6b7,,training_states_2026-06-02_dffa6e406d83,program_role,Hematopathology Fellowship::fellow,,fellow,,Hematopathology Fellowship,,added,new_observation,0,4,0,0,"{""new_snapshot_id"": ""training_states_2026-06-02_dffa6e406d83"", ""old_snapshot_id"": """", ""rollup_scope"": ""program_role"", ""rollup_value"": ""Hematopathology Fellowship::fellow""}"
transition_rollup_fc0cdfc3f3effd7e9f53,,training_states_2026-06-02_dffa6e406d83,program_role,Hospice and Palliative Medicine Fellowship::fellow,,fellow,,Hospice and Palliative Medicine Fellowship,,added,new_observation,0,5,0,0,"{""new_snapshot_id"": ""training_states_2026-06-02_dffa6e406d83"", ""old_snapshot_id"": """", ""rollup_scope"": ""program_role"", ""rollup_value"": ""Hospice and Palliative Medicine Fellowship::fellow""}"
transition_rollup_54929532c2790bf08642,,training_states_2026-06-02_dffa6e406d83,program_role,Infectious Diseases Fellowship::fellow,,fellow,,Infectious Diseases Fellowship,,added,new_observation,0,15,0,0,"{""new_snapshot_id"": ""training_states_2026-06-02_dffa6e406d83"", ""old_snapshot_id"": """", ""rollup_scope"": ""program_role"", ""rollup_value"": ""Infectious Diseases Fellowship::fellow""}"
transition_rollup_5d007db01bf819e35011,,training_states_2026-06-02_dffa6e406d83,program_role,Internal Medicine Physician-Scientist Pathway::resident,,resident,,Internal Medicine Physician-Scientist Pathway,,added,new_observation,0,15,0,0,"{""new_snapshot_id"": ""training_states_2026-06-02_dffa6e406d83"", ""old_snapshot_id"": """", ""rollup_scope"": ""program_role"", ""rollup_value"": ""Internal Medicine Physician-Scientist Pathway::resident""}"
transition_rollup_0460396382522808c99f,,training_states_2026-06-02_dffa6e406d83,program_role,Internal Medicine Primary Care Residency::resident,,resident,,Internal Medicine Primary Care Residency,,added,new_observation,0,21,0,0,"{""new_snapshot_id"": ""training_states_2026-06-02_dffa6e406d83"", ""old_snapshot_id"": """", ""rollup_scope"": ""program_role"", ""rollup_value"": ""Internal Medicine Primary Care Residency::resident""}"
transition_rollup_13ee37afc86c2969be68,,training_states_2026-06-02_dffa6e406d83,program_role,Internal Medicine Residency - Global Health Equities Track::fellow,,fellow,,Internal Medicine Residency - Global Health Equities Track,,added,new_observation,0,2,0,0,"{""new_snapshot_id"": ""training_states_2026-06-02_dffa6e406d83"", ""old_snapshot_id"": """", ""rollup_scope"": ""program_role"", ""rollup_value"": ""Internal Medicine Residency - Global Health Equities Track::fellow""}"
transition_rollup_d64838e09e2c74617683,,training_states_2026-06-02_dffa6e406d83,program_role,Internal Medicine Residency - Global Health Equities Track::resident,,resident,,Internal Medicine Residency - Global Health Equities Track,,added,new_observation,0,20,0,0,"{""new_snapshot_id"": ""training_states_2026-06-02_dffa6e406d83"", ""old_snapshot_id"": """", ""rollup_scope"": ""program_role"", ""rollup_value"": ""Internal Medicine Residency - Global Health Equities Track::resident""}"
transition_rollup_d51e7d21736895c2365e,,training_states_2026-06-02_dffa6e406d83,program_role,Internal Medicine Residency - Healthcare Leadership in Quality Track::resident,,resident,,Internal Medicine Residency - Healthcare Leadership in Quality Track,,added,new_observation,0,25,0,0,"{""new_snapshot_id"": ""training_states_2026-06-02_dffa6e406d83"", ""old_snapshot_id"": """", ""rollup_scope"": ""program_role"", ""rollup_value"": ""Internal Medicine Residency - Healthcare Leadership in Quality Track::resident""}"
transition_rollup_2d0d3ee38900e58e3fa1,,training_states_2026-06-02_dffa6e406d83,program_role,Internal Medicine Residency - Medical Education Leadership Track::resident,,resident,,Internal Medicine Residency - Medical Education Leadership Track,,added,new_observation,0,9,0,0,"{""new_snapshot_id"": ""training_states_2026-06-02_dffa6e406d83"", ""old_snapshot_id"": """", ""rollup_scope"": ""program_role"", ""rollup_value"": ""Internal Medicine Residency - Medical Education Leadership Track::resident""}"
transition_rollup_75725908d01e0350e6e9,,training_states_2026-06-02_dffa6e406d83,program_role,Internal Medicine Residency::resident,,resident,,Internal Medicine Residency,,added,new_observation,0,173,0,0,"{""new_snapshot_id"": ""training_states_2026-06-02_dffa6e406d83"", ""old_snapshot_id"": """", ""rollup_scope"": ""program_role"", ""rollup_value"": ""Internal Medicine Residency::resident""}"
transition_rollup_58d2f2acd5e5661402aa,,training_states_2026-06-02_dffa6e406d83,program_role,Interventional Cardiology Fellowship::fellow,,fellow,,Interventional Cardiology Fellowship,,added,new_observation,0,4,0,0,"{""new_snapshot_id"": ""training_states_2026-06-02_dffa6e406d83"", ""old_snapshot_id"": """", ""rollup_scope"": ""program_role"", ""rollup_value"": ""Interventional Cardiology Fellowship::fellow""}"
transition_rollup_56df952728489877adb9,,training_states_2026-06-02_dffa6e406d83,program_role,Interventional Radiology Integrated Residency::resident,,resident,,Interventional Radiology Integrated Residency,,added,new_observation,0,19,0,0,"{""new_snapshot_id"": ""training_states_2026-06-02_dffa6e406d83"", ""old_snapshot_id"": """", ""rollup_scope"": ""program_role"", ""rollup_value"": ""Interventional Radiology Integrated Residency::resident""}"
transition_rollup_eba39b983397705e0bea,,training_states_2026-06-02_dffa6e406d83,program_role,Maternal Fetal Medicine Fellowship::fellow,,fellow,,Maternal Fetal Medicine Fellowship,,added,new_observation,0,8,0,0,"{""new_snapshot_id"": ""training_states_2026-06-02_dffa6e406d83"", ""old_snapshot_id"": """", ""rollup_scope"": ""program_role"", ""rollup_value"": ""Maternal Fetal Medicine Fellowship::fellow""}"
transition_rollup_4faa80eb19ebfda06e13,,training_states_2026-06-02_dffa6e406d83,program_role,Medical Scientist Training Program::medical_student,,medical_student,,Medical Scientist Training Program,,added,new_observation,0,225,0,0,"{""new_snapshot_id"": ""training_states_2026-06-02_dffa6e406d83"", ""old_snapshot_id"": """", ""rollup_scope"": ""program_role"", ""rollup_value"": ""Medical Scientist Training Program::medical_student""}"
transition_rollup_822c248a50f236fa56b3,,training_states_2026-06-02_dffa6e406d83,program_role,Microvascular Reconstructive Surgery Fellowship::fellow,,fellow,,Microvascular Reconstructive Surgery Fellowship,,added,new_observation,0,5,0,0,"{""new_snapshot_id"": ""training_states_2026-06-02_dffa6e406d83"", ""old_snapshot_id"": """", ""rollup_scope"": ""program_role"", ""rollup_value"": ""Microvascular Reconstructive Surgery Fellowship::fellow""}"
transition_rollup_db83d35dcf54dc340e6d,,training_states_2026-06-02_dffa6e406d83,program_role,Molecular Genetic Pathology Fellowship::fellow,,fellow,,Molecular Genetic Pathology Fellowship,,added,new_observation,0,2,0,0,"{""new_snapshot_id"": ""training_states_2026-06-02_dffa6e406d83"", ""old_snapshot_id"": """", ""rollup_scope"": ""program_role"", ""rollup_value"": ""Molecular Genetic Pathology Fellowship::fellow""}"
transition_rollup_f7f08a001a891e6c4b69,,training_states_2026-06-02_dffa6e406d83,program_role,Nephrology Fellowship::fellow,,fellow,,Nephrology Fellowship,,added,new_observation,0,22,0,0,"{""new_snapshot_id"": ""training_states_2026-06-02_dffa6e406d83"", ""old_snapshot_id"": """", ""rollup_scope"": ""program_role"", ""rollup_value"": ""Nephrology Fellowship::fellow""}"
transition_rollup_f2b0a7cc6ac9cafc0433,,training_states_2026-06-02_dffa6e406d83,program_role,Neurological Surgery Residency::resident,,resident,,Neurological Surgery Residency,,added,new_observation,0,21,0,0,"{""new_snapshot_id"": ""training_states_2026-06-02_dffa6e406d83"", ""old_snapshot_id"": """", ""rollup_scope"": ""program_role"", ""rollup_value"": ""Neurological Surgery Residency::resident""}"
transition_rollup_65bb7b26af9662cf8ce0,,training_states_2026-06-02_dffa6e406d83,program_role,Neurology Residency::resident,,resident,,Neurology Residency,,added,new_observation,0,54,0,0,"{""new_snapshot_id"": ""training_states_2026-06-02_dffa6e406d83"", ""old_snapshot_id"": """", ""rollup_scope"": ""program_role"", ""rollup_value"": ""Neurology Residency::resident""}"
transition_rollup_5d6fe86ed6c91d9ab48f,,training_states_2026-06-02_dffa6e406d83,program_role,Neuropathology Fellowship::fellow,,fellow,,Neuropathology Fellowship,,added,new_observation,0,2,0,0,"{""new_snapshot_id"": ""training_states_2026-06-02_dffa6e406d83"", ""old_snapshot_id"": """", ""rollup_scope"": ""program_role"", ""rollup_value"": ""Neuropathology Fellowship::fellow""}"
transition_rollup_de303907065d34784589,,training_states_2026-06-02_dffa6e406d83,program_role,Neuroradiology Fellowship::fellow,,fellow,,Neuroradiology Fellowship,,added,new_observation,0,11,0,0,"{""new_snapshot_id"": ""training_states_2026-06-02_dffa6e406d83"", ""old_snapshot_id"": """", ""rollup_scope"": ""program_role"", ""rollup_value"": ""Neuroradiology Fellowship::fellow""}"
transition_rollup_eb1e54e3675040ad42c8,,training_states_2026-06-02_dffa6e406d83,program_role,Neurotology Fellowship::fellow,,fellow,,Neurotology Fellowship,,added,new_observation,0,1,0,0,"{""new_snapshot_id"": ""training_states_2026-06-02_dffa6e406d83"", ""old_snapshot_id"": """", ""rollup_scope"": ""program_role"", ""rollup_value"": ""Neurotology Fellowship::fellow""}"
transition_rollup_468131ed0aa6ec18e771,,training_states_2026-06-02_dffa6e406d83,program_role,Nuclear Radiology Fellowship::fellow,,fellow,,Nuclear Radiology Fellowship,,added,new_observation,0,2,0,0,"{""new_snapshot_id"": ""training_states_2026-06-02_dffa6e406d83"", ""old_snapshot_id"": """", ""rollup_scope"": ""program_role"", ""rollup_value"": ""Nuclear Radiology Fellowship::fellow""}"
transition_rollup_ab546a8d2245f19ed328,,training_states_2026-06-02_dffa6e406d83,program_role,Obstetrics and Gynecology Residency::resident,,resident,,Obstetrics and Gynecology Residency,,added,new_observation,0,32,0,0,"{""new_snapshot_id"": ""training_states_2026-06-02_dffa6e406d83"", ""old_snapshot_id"": """", ""rollup_scope"": ""program_role"", ""rollup_value"": ""Obstetrics and Gynecology Residency::resident""}"
transition_rollup_a88a926a250ed04ef83b,,training_states_2026-06-02_dffa6e406d83,program_role,Oncologic Imaging Fellowship::fellow,,fellow,,Oncologic Imaging Fellowship,,added,new_observation,0,1,0,0,"{""new_snapshot_id"": ""training_states_2026-06-02_dffa6e406d83"", ""old_snapshot_id"": """", ""rollup_scope"": ""program_role"", ""rollup_value"": ""Oncologic Imaging Fellowship::fellow""}"
transition_rollup_6ea2fe1067a15d83e439,,training_states_2026-06-02_dffa6e406d83,program_role,Ophthalmology Fellowship::fellow,,fellow,,Ophthalmology Fellowship,,added,new_observation,0,10,0,0,"{""new_snapshot_id"": ""training_states_2026-06-02_dffa6e406d83"", ""old_snapshot_id"": """", ""rollup_scope"": ""program_role"", ""rollup_value"": ""Ophthalmology Fellowship::fellow""}"
transition_rollup_a42ee0e81bad710e21b5,,training_states_2026-06-02_dffa6e406d83,program_role,Ophthalmology Residency::resident,,resident,,Ophthalmology Residency,,added,new_observation,0,20,0,0,"{""new_snapshot_id"": ""training_states_2026-06-02_dffa6e406d83"", ""old_snapshot_id"": """", ""rollup_scope"": ""program_role"", ""rollup_value"": ""Ophthalmology Residency::resident""}"
transition_rollup_d92c98377c500c18a36a,,training_states_2026-06-02_dffa6e406d83,program_role,Oral Medicine Residency::resident,,resident,,Oral Medicine Residency,,added,new_observation,0,8,0,0,"{""new_snapshot_id"": ""training_states_2026-06-02_dffa6e406d83"", ""old_snapshot_id"": """", ""rollup_scope"": ""program_role"", ""rollup_value"": ""Oral Medicine Residency::resident""}"
transition_rollup_0bea9ecb6e89ab9f92de,,training_states_2026-06-02_dffa6e406d83,program_role,Orthopedic Surgery Residency::resident,,resident,,Orthopedic Surgery Residency,,added,new_observation,0,40,0,0,"{""new_snapshot_id"": ""training_states_2026-06-02_dffa6e406d83"", ""old_snapshot_id"": """", ""rollup_scope"": ""program_role"", ""rollup_value"": ""Orthopedic Surgery Residency::resident""}"
transition_rollup_2c429d5f8d1bd7991782,,training_states_2026-06-02_dffa6e406d83,program_role,Otorhinolaryngology Residency::resident,,resident,,Otorhinolaryngology Residency,,added,new_observation,0,31,0,0,"{""new_snapshot_id"": ""training_states_2026-06-02_dffa6e406d83"", ""old_snapshot_id"": """", ""rollup_scope"": ""program_role"", ""rollup_value"": ""Otorhinolaryngology Residency::resident""}"
transition_rollup_6e23bb6a5fcf627bb6bc,,training_states_2026-06-02_dffa6e406d83,program_role,Pathology - Anatomic and Clinical Residency::resident,,resident,,Pathology - Anatomic and Clinical Residency,,added,new_observation,0,44,0,0,"{""new_snapshot_id"": ""training_states_2026-06-02_dffa6e406d83"", ""old_snapshot_id"": """", ""rollup_scope"": ""program_role"", ""rollup_value"": ""Pathology - Anatomic and Clinical Residency::resident""}"
transition_rollup_84f67d88e3a9fb9ed870,,training_states_2026-06-02_dffa6e406d83,program_role,Penn-CHOP Internal Medicine-Pediatrics Residency::resident,,resident,,Penn-CHOP Internal Medicine-Pediatrics Residency,,added,new_observation,0,25,0,0,"{""new_snapshot_id"": ""training_states_2026-06-02_dffa6e406d83"", ""old_snapshot_id"": """", ""rollup_scope"": ""program_role"", ""rollup_value"": ""Penn-CHOP Internal Medicine-Pediatrics Residency::resident""}"
transition_rollup_67c718c4d9a54cc71e1a,,training_states_2026-06-02_dffa6e406d83,program_role,Physical Medicine and Rehabilitation Residency::resident,,resident,,Physical Medicine and Rehabilitation Residency,,added,new_observation,0,22,0,0,"{""new_snapshot_id"": ""training_states_2026-06-02_dffa6e406d83"", ""old_snapshot_id"": """", ""rollup_scope"": ""program_role"", ""rollup_value"": ""Physical Medicine and Rehabilitation Residency::resident""}"
transition_rollup_89643dfadfe986765fd1,,training_states_2026-06-02_dffa6e406d83,program_role,Plastic Surgery Residency::resident,,resident,,Plastic Surgery Residency,,added,new_observation,0,22,0,0,"{""new_snapshot_id"": ""training_states_2026-06-02_dffa6e406d83"", ""old_snapshot_id"": """", ""rollup_scope"": ""program_role"", ""rollup_value"": ""Plastic Surgery Residency::resident""}"
transition_rollup_18aad8a99869b6fae9f2,,training_states_2026-06-02_dffa6e406d83,program_role,Podiatric Surgery Residency::resident,,resident,,Podiatric Surgery Residency,,added,new_observation,0,16,0,0,"{""new_snapshot_id"": ""training_states_2026-06-02_dffa6e406d83"", ""old_snapshot_id"": """", ""rollup_scope"": ""program_role"", ""rollup_value"": ""Podiatric Surgery Residency::resident""}"
transition_rollup_5bbe970f3f3875d6f68e,,training_states_2026-06-02_dffa6e406d83,program_role,Pulmonary and Critical Care Fellowship::fellow,,fellow,,Pulmonary and Critical Care Fellowship,,added,new_observation,0,34,0,0,"{""new_snapshot_id"": ""training_states_2026-06-02_dffa6e406d83"", ""old_snapshot_id"": """", ""rollup_scope"": ""program_role"", ""rollup_value"": ""Pulmonary and Critical Care Fellowship::fellow""}"
transition_rollup_0d45d0678ad400d2661c,,training_states_2026-06-02_dffa6e406d83,program_role,Radiation Oncology Residency::resident,,resident,,Radiation Oncology Residency,,added,new_observation,0,17,0,0,"{""new_snapshot_id"": ""training_states_2026-06-02_dffa6e406d83"", ""old_snapshot_id"": """", ""rollup_scope"": ""program_role"", ""rollup_value"": ""Radiation Oncology Residency::resident""}"
transition_rollup_a48a4491850e5f81a3ee,,training_states_2026-06-02_dffa6e406d83,program_role,Reproductive Endocrinology and Infertility Fellowship::fellow,,fellow,,Reproductive Endocrinology and Infertility Fellowship,,added,new_observation,0,6,0,0,"{""new_snapshot_id"": ""training_states_2026-06-02_dffa6e406d83"", ""old_snapshot_id"": """", ""rollup_scope"": ""program_role"", ""rollup_value"": ""Reproductive Endocrinology and Infertility Fellowship::fellow""}"
transition_rollup_4869f5a4d9dad8e13153,,training_states_2026-06-02_dffa6e406d83,program_role,Rheumatology Fellowship::fellow,,fellow,,Rheumatology Fellowship,,added,new_observation,0,15,0,0,"{""new_snapshot_id"": ""training_states_2026-06-02_dffa6e406d83"", ""old_snapshot_id"": """", ""rollup_scope"": ""program_role"", ""rollup_value"": ""Rheumatology Fellowship::fellow""}"
transition_rollup_f5e49829696981819dc7,,training_states_2026-06-02_dffa6e406d83,program_role,Rhinology and Skull Base Surgery Fellowship::fellow,,fellow,,Rhinology and Skull Base Surgery Fellowship,,added,new_observation,0,2,0,0,"{""new_snapshot_id"": ""training_states_2026-06-02_dffa6e406d83"", ""old_snapshot_id"": """", ""rollup_scope"": ""program_role"", ""rollup_value"": ""Rhinology and Skull Base Surgery Fellowship::fellow""}"
transition_rollup_c0458aded5958a06fef2,,training_states_2026-06-02_dffa6e406d83,program_role,Shoulder and Elbow Fellowship::fellow,,fellow,,Shoulder and Elbow Fellowship,,added,new_observation,0,1,0,0,"{""new_snapshot_id"": ""training_states_2026-06-02_dffa6e406d83"", ""old_snapshot_id"": """", ""rollup_scope"": ""program_role"", ""rollup_value"": ""Shoulder and Elbow Fellowship::fellow""}"
transition_rollup_bf329d11cd15d1edcbb7,,training_states_2026-06-02_dffa6e406d83,program_role,Sleep Medicine Fellowship::fellow,,fellow,,Sleep Medicine Fellowship,,added,new_observation,0,7,0,0,"{""new_snapshot_id"": ""training_states_2026-06-02_dffa6e406d83"", ""old_snapshot_id"": """", ""rollup_scope"": ""program_role"", ""rollup_value"": ""Sleep Medicine Fellowship::fellow""}"
transition_rollup_ded513df4dabc87b9282,,training_states_2026-06-02_dffa6e406d83,program_role,Sleep Medicine and Surgery Fellowship::fellow,,fellow,,Sleep Medicine and Surgery Fellowship,,added,new_observation,0,2,0,0,"{""new_snapshot_id"": ""training_states_2026-06-02_dffa6e406d83"", ""old_snapshot_id"": """", ""rollup_scope"": ""program_role"", ""rollup_value"": ""Sleep Medicine and Surgery Fellowship::fellow""}"
transition_rollup_72068c557f21b0508d6d,,training_states_2026-06-02_dffa6e406d83,program_role,Soft Tissue/Bone Pathology Fellowship::fellow,,fellow,,Soft Tissue/Bone Pathology Fellowship,,added,new_observation,0,1,0,0,"{""new_snapshot_id"": ""training_states_2026-06-02_dffa6e406d83"", ""old_snapshot_id"": """", ""rollup_scope"": ""program_role"", ""rollup_value"": ""Soft Tissue/Bone Pathology Fellowship::fellow""}"
transition_rollup_c06808e1e21f1a9e2b7d,,training_states_2026-06-02_dffa6e406d83,program_role,Spine Fellowship::fellow,,fellow,,Spine Fellowship,,added,new_observation,0,1,0,0,"{""new_snapshot_id"": ""training_states_2026-06-02_dffa6e406d83"", ""old_snapshot_id"": """", ""rollup_scope"": ""program_role"", ""rollup_value"": ""Spine Fellowship::fellow""}"
transition_rollup_e1a8905650a2d1c024db,,training_states_2026-06-02_dffa6e406d83,program_role,Sports Medicine Fellowship::fellow,,fellow,,Sports Medicine Fellowship,,added,new_observation,0,2,0,0,"{""new_snapshot_id"": ""training_states_2026-06-02_dffa6e406d83"", ""old_snapshot_id"": """", ""rollup_scope"": ""program_role"", ""rollup_value"": ""Sports Medicine Fellowship::fellow""}"
transition_rollup_17f47609d083c3e91c8e,,training_states_2026-06-02_dffa6e406d83,program_role,Surgical Pathology Fellowship::fellow,,fellow,,Surgical Pathology Fellowship,,added,new_observation,0,6,0,0,"{""new_snapshot_id"": ""training_states_2026-06-02_dffa6e406d83"", ""old_snapshot_id"": """", ""rollup_scope"": ""program_role"", ""rollup_value"": ""Surgical Pathology Fellowship::fellow""}"
transition_rollup_bcdd8bf690710f506cda,,training_states_2026-06-02_dffa6e406d83,program_role,Thoracic Surgery - Thoracic Track Fellowship::fellow,,fellow,,Thoracic Surgery - Thoracic Track Fellowship,,added,new_observation,0,1,0,0,"{""new_snapshot_id"": ""training_states_2026-06-02_dffa6e406d83"", ""old_snapshot_id"": """", ""rollup_scope"": ""program_role"", ""rollup_value"": ""Thoracic Surgery - Thoracic Track Fellowship::fellow""}"
transition_rollup_6fdfcdc99bb4eb0da24a,,training_states_2026-06-02_dffa6e406d83,program_role,Thoracic Surgery Fellowship - Cardiac Track::fellow,,fellow,,Thoracic Surgery Fellowship - Cardiac Track,,added,new_observation,0,4,0,0,"{""new_snapshot_id"": ""training_states_2026-06-02_dffa6e406d83"", ""old_snapshot_id"": """", ""rollup_scope"": ""program_role"", ""rollup_value"": ""Thoracic Surgery Fellowship - Cardiac Track::fellow""}"
transition_rollup_73582fdbf4d973286148,,training_states_2026-06-02_dffa6e406d83,program_role,Transfusion Medicine/Blood Bank Fellowship::fellow,,fellow,,Transfusion Medicine/Blood Bank Fellowship,,added,new_observation,0,1,0,0,"{""new_snapshot_id"": ""training_states_2026-06-02_dffa6e406d83"", ""old_snapshot_id"": """", ""rollup_scope"": ""program_role"", ""rollup_value"": ""Transfusion Medicine/Blood Bank Fellowship::fellow""}"
transition_rollup_b8f9f2a658ba8966ee75,,training_states_2026-06-02_dffa6e406d83,program_role,Transplant Surgery Fellowship::fellow,,fellow,,Transplant Surgery Fellowship,,added,new_observation,0,3,0,0,"{""new_snapshot_id"": ""training_states_2026-06-02_dffa6e406d83"", ""old_snapshot_id"": """", ""rollup_scope"": ""program_role"", ""rollup_value"": ""Transplant Surgery Fellowship::fellow""}"
transition_rollup_040ce94c8981be0356c2,,training_states_2026-06-02_dffa6e406d83,program_role,Trauma and Surgical Critical Care Fellowship::fellow,,fellow,,Trauma and Surgical Critical Care Fellowship,,added,new_observation,0,12,0,0,"{""new_snapshot_id"": ""training_states_2026-06-02_dffa6e406d83"", ""old_snapshot_id"": """", ""rollup_scope"": ""program_role"", ""rollup_value"": ""Trauma and Surgical Critical Care Fellowship::fellow""}"
transition_rollup_e73472f2fa2558f352dc,,training_states_2026-06-02_dffa6e406d83,program_role,Urogynecology and Reconstructive Pelvic Surgery Fellowship::fellow,,fellow,,Urogynecology and Reconstructive Pelvic Surgery Fellowship,,added,new_observation,0,4,0,0,"{""new_snapshot_id"": ""training_states_2026-06-02_dffa6e406d83"", ""old_snapshot_id"": """", ""rollup_scope"": ""program_role"", ""rollup_value"": ""Urogynecology and Reconstructive Pelvic Surgery Fellowship::fellow""}"
transition_rollup_bc481b6df99b302a5a2f,,training_states_2026-06-02_dffa6e406d83,program_role,Urology Residency::resident,,resident,,Urology Residency,,added,new_observation,0,22,0,0,"{""new_snapshot_id"": ""training_states_2026-06-02_dffa6e406d83"", ""old_snapshot_id"": """", ""rollup_scope"": ""program_role"", ""rollup_value"": ""Urology Residency::resident""}"
transition_rollup_56ac87f8aa4b67b8042b,,training_states_2026-06-02_dffa6e406d83,program_role,Vascular Surgery Fellowship::fellow,,fellow,,Vascular Surgery Fellowship,,added,new_observation,0,4,0,0,"{""new_snapshot_id"": ""training_states_2026-06-02_dffa6e406d83"", ""old_snapshot_id"": """", ""rollup_scope"": ""program_role"", ""rollup_value"": ""Vascular Surgery Fellowship::fellow""}"
transition_rollup_b6ba10a1d49847285118,,training_states_2026-06-02_dffa6e406d83,program_role,Vascular Surgery Integrated Residency::resident,,resident,,Vascular Surgery Integrated Residency,,added,new_observation,0,9,0,0,"{""new_snapshot_id"": ""training_states_2026-06-02_dffa6e406d83"", ""old_snapshot_id"": """", ""rollup_scope"": ""program_role"", ""rollup_value"": ""Vascular Surgery Integrated Residency::resident""}"
transition_rollup_804f572a690f88eb0704,,training_states_2026-06-02_dffa6e406d83,role,fellow,,fellow,,,,added,new_observation,0,387,0,0,"{""new_snapshot_id"": ""training_states_2026-06-02_dffa6e406d83"", ""old_snapshot_id"": """", ""rollup_scope"": ""role"", ""rollup_value"": ""fellow""}"
transition_rollup_1752f5cc9a6b253e848a,,training_states_2026-06-02_dffa6e406d83,role,medical_student,,medical_student,,,,added,new_observation,0,225,0,0,"{""new_snapshot_id"": ""training_states_2026-06-02_dffa6e406d83"", ""old_snapshot_id"": """", ""rollup_scope"": ""role"", ""rollup_value"": ""medical_student""}"
transition_rollup_201abc8f55ebd439eaf3,,training_states_2026-06-02_dffa6e406d83,role,resident,,resident,,,,added,new_observation,0,946,0,0,"{""new_snapshot_id"": ""training_states_2026-06-02_dffa6e406d83"", ""old_snapshot_id"": """", ""rollup_scope"": ""role"", ""rollup_value"": ""resident""}"
transition_rollup_eef1ef42fa3aaa8b7f79,,training_states_2026-06-02_dffa6e406d83,trainee_category,fellow,,,fellow,,,added,new_observation,0,387,0,0,"{""new_snapshot_id"": ""training_states_2026-06-02_dffa6e406d83"", ""old_snapshot_id"": """", ""rollup_scope"": ""trainee_category"", ""rollup_value"": ""fellow""}"
transition_rollup_6c9321aabed27cc19049,,training_states_2026-06-02_dffa6e406d83,trainee_category,medical_student,,,medical_student,,,added,new_observation,0,225,0,0,"{""new_snapshot_id"": ""training_states_2026-06-02_dffa6e406d83"", ""old_snapshot_id"": """", ""rollup_scope"": ""trainee_category"", ""rollup_value"": ""medical_student""}"
transition_rollup_84b711a30bdd9cdbed46,,training_states_2026-06-02_dffa6e406d83,trainee_category,resident,,,resident,,,added,new_observation,0,946,0,0,"{""new_snapshot_id"": ""training_states_2026-06-02_dffa6e406d83"", ""old_snapshot_id"": """", ""rollup_scope"": ""trainee_category"", ""rollup_value"": ""resident""}"
