manual_decision_row_key,decision_scaffold_key,review_batch_key,review_queue_lane,program_key,program_name,candidate_fingerprint_sha256,candidate_source_kind,decision_fingerprint,reviewer_action,reviewer_note,confirm_decision_fingerprint,confirm_no_person_ingestion,confirm_no_denominator_closure,confirm_no_raw_name_added,confirm_no_url_rewrite,confirm_candidate_fingerprint_only,confirm_scope_metadata_only,confirm_recourse_only
vanderbilt_candidate_manual_decision_4064b8c50348aa1e8f9a,vanderbilt_candidate_review_decision_9ccf11ed9a91097d5203,vanderbilt_candidate_review_batch_b9cb4995fb8af6415e7a,candidate_fingerprint_review,vanderbilt_program_fellowship-academic-general-pediatrics-https-pediatrics-vumc_41e6efa85f89,Academic General Pediatrics,bfd3b336853a266f8b8461b492c4307fecf329ac85517226efedc07d90dd9fba,heading_signal,8eeb64ac8d359845109ef32945d23af9dd34b00ba8fb66f34002bf49e7904b76,,,,,,,,,,
vanderbilt_candidate_manual_decision_64720c5a5f44fe7cc522,vanderbilt_candidate_review_decision_c424218711ce671508e9,vanderbilt_candidate_review_batch_b9cb4995fb8af6415e7a,candidate_fingerprint_review,vanderbilt_program_fellowship-academic-general-pediatrics-https-pediatrics-vumc_41e6efa85f89,Academic General Pediatrics,cffc8a0949dafa93401ad77b8864864cd4d6ef01a8e34229d445723d7dacdfa2,profile_anchor,3e4f47f584ddc3fb8ca3439b563d8647a55044a7f1ff505781ae00d7259c3939,,,,,,,,,,
vanderbilt_candidate_manual_decision_bdc4f62970c7eb142413,vanderbilt_candidate_review_decision_8f8ee877e667b690701e,vanderbilt_candidate_review_batch_b9cb4995fb8af6415e7a,candidate_fingerprint_review,vanderbilt_program_fellowship-academic-general-pediatrics-https-pediatrics-vumc_41e6efa85f89,Academic General Pediatrics,9413f8f9667b01753069523b004ec63afd5745b0838d7f4507ae4ca3b11d7b52,heading_signal,5b686bae84ab58758e559a27ad91878f2de8175d7dc61f2c1e088354c67d73de,,,,,,,,,,
vanderbilt_candidate_manual_decision_cd36852868ed255dffa3,vanderbilt_candidate_review_decision_a3bf440c1358a12d7dff,vanderbilt_candidate_review_batch_b9cb4995fb8af6415e7a,candidate_fingerprint_review,vanderbilt_program_fellowship-academic-general-pediatrics-https-pediatrics-vumc_41e6efa85f89,Academic General Pediatrics,b2c4c9d2511d60ea194a565b0f92b8fa559af461ce1d89cb0933559a009aa6c8,heading_signal,5767fd30f352991c4800768c7f01fc1ffd864f573fcef9619bb5b515f72f04e4,,,,,,,,,,
vanderbilt_candidate_manual_decision_2241afa21e19e80a60b3,vanderbilt_candidate_review_decision_dcab8d29fc841356eb52,vanderbilt_candidate_review_batch_e5a6faacb1e926c3e5a1,candidate_fingerprint_review,vanderbilt_program_fellowship-developmental-behavioral-pediatrics-https-pediatr_68d46c58626d,Developmental-Behavioral Pediatrics,a586af110aea183dfb007ee3ff081776575523fbf51e05be823d4e2d9d3de572,profile_anchor,0c3676deb7bf7a73761c2474d6e0b7f7fff9b4a8ef614785e370a035328b0149,,,,,,,,,,
vanderbilt_candidate_manual_decision_5bc100b3c28e5ca6a39f,vanderbilt_candidate_review_decision_213df7181f9598e2a1c9,vanderbilt_candidate_review_batch_e5a6faacb1e926c3e5a1,candidate_fingerprint_review,vanderbilt_program_fellowship-developmental-behavioral-pediatrics-https-pediatr_68d46c58626d,Developmental-Behavioral Pediatrics,c0731fa30fa011c9b10db952b16fee10185ef8e010cdd2f924d8a367a9775e12,profile_anchor,5c24d9db011d9afd9670082e54e8c9cd53815166be1a28795bc38ca33a5a9d01,,,,,,,,,,
vanderbilt_candidate_manual_decision_9e40693f7538a38d1491,vanderbilt_candidate_review_decision_7efa7a2815b937230c56,vanderbilt_candidate_review_batch_e5a6faacb1e926c3e5a1,candidate_fingerprint_review,vanderbilt_program_fellowship-developmental-behavioral-pediatrics-https-pediatr_68d46c58626d,Developmental-Behavioral Pediatrics,edd3519f44c5f34c44a9666232ee5c39884a386a894532e8afd1eb7e38846bb7,profile_anchor,b9eb61646e3e23bed68e2b805d6e242fc052801e19a33d8e3bd29b752447a8e1,,,,,,,,,,
vanderbilt_candidate_manual_decision_f71f5ec5c86da430c633,vanderbilt_candidate_review_decision_4d4d5b0cf3e051244856,vanderbilt_candidate_review_batch_e5a6faacb1e926c3e5a1,candidate_fingerprint_review,vanderbilt_program_fellowship-developmental-behavioral-pediatrics-https-pediatr_68d46c58626d,Developmental-Behavioral Pediatrics,aefc12bcf889977f47e9ef721c8eddd30523ea47e16db4a816c6a735e494eabb,heading_signal,6904984c9feec77dcf9b7659fbb24a45c684c6101a597b447ec96f44d2aa3dac,,,,,,,,,,
vanderbilt_candidate_manual_decision_143d950856b53ff8e77e,vanderbilt_candidate_review_decision_6df59ae0af2661c704de,vanderbilt_candidate_review_batch_264e38d4cffae937e7ae,candidate_fingerprint_review,vanderbilt_program_fellowship-gastroenterology-https-medicine-vumc-org-division_8a52e2c35fee,Gastroenterology,d5904fdc23c27e9c7de339aa2feb447eb0c7a8d17b6dfa0db63a00be6590f3eb,heading_signal,2b2b9b3d41492b20a32344b11fa8a695677ade0a3a58642016d66216a6954c12,,,,,,,,,,
vanderbilt_candidate_manual_decision_1f940c7a900537b18dd3,vanderbilt_candidate_review_decision_9011056f1626cdc56499,vanderbilt_candidate_review_batch_264e38d4cffae937e7ae,candidate_fingerprint_review,vanderbilt_program_fellowship-gastroenterology-https-medicine-vumc-org-division_8a52e2c35fee,Gastroenterology,8babc2c1bde5ed4ce81493123210fc18bcab3294b1ec3e16d71eec8296aaa73a,heading_signal,08721a20a3e528dc0dbbfcf0dc5fa13badca3764e57a7f8f8ba7cf2f8cc825c8,,,,,,,,,,
vanderbilt_candidate_manual_decision_56820b78dd600cb14786,vanderbilt_candidate_review_decision_1f03510c12dd14e07605,vanderbilt_candidate_review_batch_264e38d4cffae937e7ae,candidate_fingerprint_review,vanderbilt_program_fellowship-gastroenterology-https-medicine-vumc-org-division_8a52e2c35fee,Gastroenterology,f36cfb082bc519bb85498474c13501131d05af320e843647c63c8fd76897c5ac,heading_signal,ec2adb058067585e76968efc2d540a4493c62bb3a08f47d57a37a3cc87dbece1,,,,,,,,,,
vanderbilt_candidate_manual_decision_786e533f5a1129b2e8db,vanderbilt_candidate_review_decision_627e70e854c2f0ecfcdb,vanderbilt_candidate_review_batch_264e38d4cffae937e7ae,candidate_fingerprint_review,vanderbilt_program_fellowship-gastroenterology-https-medicine-vumc-org-division_8a52e2c35fee,Gastroenterology,2748313ba886275c8033dc34605ddec4319b0d6e9c79169b3524aa72603cb791,heading_signal,d3d996b02e547b044f892dd71d23aa6b734190e1862141a9c909c43fd2d91286,,,,,,,,,,
vanderbilt_candidate_manual_decision_99a49324e6ddb002948d,vanderbilt_candidate_review_decision_2b55b1645ec7183d843c,vanderbilt_candidate_review_batch_264e38d4cffae937e7ae,candidate_fingerprint_review,vanderbilt_program_fellowship-gastroenterology-https-medicine-vumc-org-division_8a52e2c35fee,Gastroenterology,e3154ca624315c10b3e561e8c49cb42cf06c9073f2127d877d250a6350414812,heading_signal,0fc9d9dbf8a0e1f693bb6cb6971c62878fa28b488a3aecd8b0463f0ffda9504e,,,,,,,,,,
vanderbilt_candidate_manual_decision_c10790d7c74912ac55fe,vanderbilt_candidate_review_decision_ff69dcda955ee1457b6a,vanderbilt_candidate_review_batch_264e38d4cffae937e7ae,candidate_fingerprint_review,vanderbilt_program_fellowship-gastroenterology-https-medicine-vumc-org-division_8a52e2c35fee,Gastroenterology,4d4630d9a6918e4018c24fa54f474a8de97c0cb762904792375f8964902f937a,heading_signal,1cc77c01d26b336470373b96ab53f86e62f8228c852dda7bf203ce05bbcad4e1,,,,,,,,,,
vanderbilt_candidate_manual_decision_cd1f8f0e8ebee89eb5a9,vanderbilt_candidate_review_decision_08fc0751886449b2617a,vanderbilt_candidate_review_batch_264e38d4cffae937e7ae,candidate_fingerprint_review,vanderbilt_program_fellowship-gastroenterology-https-medicine-vumc-org-division_8a52e2c35fee,Gastroenterology,cb0b1a3ab6f7e0c21f5e104f28782c8a147cd0cd7b59ee6429cde2a562388f74,heading_signal,e742e7bb0753c92a3a3a502697656e7356ad1d257a03f09d569f212f67787346,,,,,,,,,,
vanderbilt_candidate_manual_decision_dea0ea21f10ff6a40dfc,vanderbilt_candidate_review_decision_b0d9cbd57617f6e68cb8,vanderbilt_candidate_review_batch_264e38d4cffae937e7ae,candidate_fingerprint_review,vanderbilt_program_fellowship-gastroenterology-https-medicine-vumc-org-division_8a52e2c35fee,Gastroenterology,5b8363d64981b72ff21a2d931503ab5d3225c36efcfab927b11c134f44f571e8,heading_signal,06b69ea82560126af8c4bf0a49946c02a261afd96626f44fedd6c653f1b664c7,,,,,,,,,,
vanderbilt_candidate_manual_decision_f9824841462cee1cfe36,vanderbilt_candidate_review_decision_1458f4841e7a0406a527,vanderbilt_candidate_review_batch_264e38d4cffae937e7ae,candidate_fingerprint_review,vanderbilt_program_fellowship-gastroenterology-https-medicine-vumc-org-division_8a52e2c35fee,Gastroenterology,098737095dc0da33148fa407601d3490f328aff3ca40b0cbe3590f312dee06c2,heading_signal,e317fd5973a0770d53e2418e3b2ac3d1667b8cec5dfdad178858d8de9708e3c1,,,,,,,,,,
vanderbilt_candidate_manual_decision_ff3981f51e60b20073e5,vanderbilt_candidate_review_decision_796b42c68d6859bd7b7f,vanderbilt_candidate_review_batch_264e38d4cffae937e7ae,candidate_fingerprint_review,vanderbilt_program_fellowship-gastroenterology-https-medicine-vumc-org-division_8a52e2c35fee,Gastroenterology,8fd27599de8b9f2cebc54853fb944b789747b21c433b2ee5fa0c835a11ef5f7e,heading_signal,1f37c30881800f7f9edb5f87571b590a5a963df9d21690263d04c0368ecb4cd7,,,,,,,,,,
vanderbilt_candidate_manual_decision_6f12df3d4fb193d7332d,vanderbilt_candidate_review_decision_3706f85188a91bff475b,vanderbilt_candidate_review_batch_b86583f28973dd00529d,candidate_fingerprint_review,vanderbilt_program_residency-general-surgery-https-www-vumc-org-generalsurgeryr_36cdd333340f,General Surgery,71430bcda07eff7be892e99d8504a54f67f212505a12e15562a96a9f83a537df,profile_anchor,ba6d73cb9aa9fe871d69f285679724558bef5747d1dc620cbb885495edab1213,,,,,,,,,,
vanderbilt_candidate_manual_decision_df3d7a97dd81a5e1a202,vanderbilt_candidate_review_decision_5378c476525afb286e47,vanderbilt_candidate_review_batch_b86583f28973dd00529d,candidate_fingerprint_review,vanderbilt_program_residency-general-surgery-https-www-vumc-org-generalsurgeryr_36cdd333340f,General Surgery,a124b8604962e20c0c2831114ad7ae4313fc5a66253a2dc1db1a6f277d1f3844,heading_signal,613dd2e1f6f35c0e146c3a1cba94897643c902a271c9ba2af9876f266bab73ed,,,,,,,,,,
vanderbilt_candidate_manual_decision_0588b8016515e8e9d817,vanderbilt_candidate_review_decision_d3f1a65b621279c624b5,vanderbilt_candidate_review_batch_8ea137fbb9c0b4c6d2cb,candidate_fingerprint_review,vanderbilt_program_fellowship-neonatal-perinatal-medicine-https-pediatrics-vumc_4f77c30f6178,Neonatal-Perinatal Medicine,a6f76b3a65b9ab625ffa22402ae202837589b8bc27084a9b377f30940d41bcf7,profile_anchor,0966647cc0ce37144ce0ec004f8be71eda704fd11909edac37c379d365b086dd,,,,,,,,,,
vanderbilt_candidate_manual_decision_076850032ce8a6bdf46b,vanderbilt_candidate_review_decision_f637d91d1b9e90f71726,vanderbilt_candidate_review_batch_8ea137fbb9c0b4c6d2cb,candidate_fingerprint_review,vanderbilt_program_fellowship-neonatal-perinatal-medicine-https-pediatrics-vumc_4f77c30f6178,Neonatal-Perinatal Medicine,02067370bf3c06a9754fcf28ecab62de6f8213a0b14b750837c6404767b6f7e5,profile_anchor,2f7013f2158ea0e0dd9432b23708291aedf97918d7c937334637ff9fa29df1d3,,,,,,,,,,
vanderbilt_candidate_manual_decision_0de73cce2256fecf6d9a,vanderbilt_candidate_review_decision_5ff272f1832dbc242221,vanderbilt_candidate_review_batch_8ea137fbb9c0b4c6d2cb,candidate_fingerprint_review,vanderbilt_program_fellowship-neonatal-perinatal-medicine-https-pediatrics-vumc_4f77c30f6178,Neonatal-Perinatal Medicine,80a4a0f0777da98f0c7a218ff8833611f294b65e0ba05210f5d6fd0b43acb9df,profile_anchor,0ff2f20ee905dbf8660cc28744b6a2f852f26bd5041bf8561d76540deba862cc,,,,,,,,,,
vanderbilt_candidate_manual_decision_11e956e154816cefa013,vanderbilt_candidate_review_decision_f0c3686db8a65a791816,vanderbilt_candidate_review_batch_8ea137fbb9c0b4c6d2cb,candidate_fingerprint_review,vanderbilt_program_fellowship-neonatal-perinatal-medicine-https-pediatrics-vumc_4f77c30f6178,Neonatal-Perinatal Medicine,d11e3185cea07602dcff9503d7e1c04a42657028d6532b9ed29a62362d8d3a39,heading_signal,a6a4b655e6664f224e18d831c5de71b85fae55c5451190786b6bda98360b7e9c,,,,,,,,,,
vanderbilt_candidate_manual_decision_31a80bed45e2f2532b5f,vanderbilt_candidate_review_decision_c5d97330c6f711770d8c,vanderbilt_candidate_review_batch_8ea137fbb9c0b4c6d2cb,candidate_fingerprint_review,vanderbilt_program_fellowship-neonatal-perinatal-medicine-https-pediatrics-vumc_4f77c30f6178,Neonatal-Perinatal Medicine,d90009b33c4e3fd4b98c8d0ce05758015d5039fd0ba6de1e5060aa68dc4007b0,profile_anchor,cb35aa7a251229e00757cdaad640f297e0499687d88b5c5ae873413e91c5086b,,,,,,,,,,
vanderbilt_candidate_manual_decision_7cb8f6347db55fcef3cc,vanderbilt_candidate_review_decision_290f2bd60ed7091bb79b,vanderbilt_candidate_review_batch_8ea137fbb9c0b4c6d2cb,candidate_fingerprint_review,vanderbilt_program_fellowship-neonatal-perinatal-medicine-https-pediatrics-vumc_4f77c30f6178,Neonatal-Perinatal Medicine,eb8ad3023d9dd1aa3d03fc08cc8bd8e08a177016620d2a3fcb125e1f12e0b7b7,profile_anchor,de63be69541b84c2277f202ce41a38fcb773cd28f3b2dda4ef3c831010e3e6e4,,,,,,,,,,
vanderbilt_candidate_manual_decision_7d4e81cf8a6b61092509,vanderbilt_candidate_review_decision_88398e91b6472876a19a,vanderbilt_candidate_review_batch_8ea137fbb9c0b4c6d2cb,candidate_fingerprint_review,vanderbilt_program_fellowship-neonatal-perinatal-medicine-https-pediatrics-vumc_4f77c30f6178,Neonatal-Perinatal Medicine,c9f05a43cb47eb3583fcbb70bd7cbd521865588322b8e7b967a0a29a84395e33,heading_signal,95b227f4cd501a8ced77c7098d8812906a106740f4bfd0dbb52d80cc5c02f79a,,,,,,,,,,
vanderbilt_candidate_manual_decision_8933824f55b87200aa94,vanderbilt_candidate_review_decision_b93b9cc7d5ae55cbaf51,vanderbilt_candidate_review_batch_8ea137fbb9c0b4c6d2cb,candidate_fingerprint_review,vanderbilt_program_fellowship-neonatal-perinatal-medicine-https-pediatrics-vumc_4f77c30f6178,Neonatal-Perinatal Medicine,2a37a1d685ecf1d1ddeea28bab5ea0e32c93d8df81db9668e4e5bc29dd4384e9,profile_anchor,358d5b5168a292c0a6b76051bb3ec781186306b6be4fceaf7522f9adc8745d3b,,,,,,,,,,
vanderbilt_candidate_manual_decision_8d9f0f540559de0b1993,vanderbilt_candidate_review_decision_7051a083d3c488dec875,vanderbilt_candidate_review_batch_8ea137fbb9c0b4c6d2cb,candidate_fingerprint_review,vanderbilt_program_fellowship-neonatal-perinatal-medicine-https-pediatrics-vumc_4f77c30f6178,Neonatal-Perinatal Medicine,ac6ccc5d1cce9d199e3254116cf485c1a75bdc128a36af89099bf7e0a4a08ca8,profile_anchor,386bf4125849cc187871ec914d4ad75b6358e9929dd51c693fa64a09a4cdb3fd,,,,,,,,,,
vanderbilt_candidate_manual_decision_8deb608791eaa8a54fc2,vanderbilt_candidate_review_decision_78f153ae9e078c9bf9dc,vanderbilt_candidate_review_batch_8ea137fbb9c0b4c6d2cb,candidate_fingerprint_review,vanderbilt_program_fellowship-neonatal-perinatal-medicine-https-pediatrics-vumc_4f77c30f6178,Neonatal-Perinatal Medicine,3e32455df9de4756931261a6210eef6770e303dca1b5397ec34b8e7d9c957358,profile_anchor,874ae1fba853e60c12adea987dd2d49e4d35cd0f00906d7999812b0308f9653c,,,,,,,,,,
vanderbilt_candidate_manual_decision_9929f8231caf5291b189,vanderbilt_candidate_review_decision_e7bb37c8fa4effffd5dc,vanderbilt_candidate_review_batch_8ea137fbb9c0b4c6d2cb,candidate_fingerprint_review,vanderbilt_program_fellowship-neonatal-perinatal-medicine-https-pediatrics-vumc_4f77c30f6178,Neonatal-Perinatal Medicine,c69fb16883e59d0fa7e61e0e72b54437d15869f2038f4a699538b5a776f06289,profile_anchor,0211c56a5ecbe23e6e92626a294aaee3e122bd3b705ade1d889c6f8cb686cfb8,,,,,,,,,,
vanderbilt_candidate_manual_decision_a3b22e9cf9c2060e6ac0,vanderbilt_candidate_review_decision_f22e8714038ff3137c79,vanderbilt_candidate_review_batch_8ea137fbb9c0b4c6d2cb,candidate_fingerprint_review,vanderbilt_program_fellowship-neonatal-perinatal-medicine-https-pediatrics-vumc_4f77c30f6178,Neonatal-Perinatal Medicine,255b324fd808e6fafcdafc8c48b0e6f96a6fec495f3d8722f5f2a41e8188ee31,profile_anchor,eda30a7697973832930d622278b565d02f82da33fe81a46f8e59011bf511ce28,,,,,,,,,,
vanderbilt_candidate_manual_decision_a72b614cf1c2f3ef7440,vanderbilt_candidate_review_decision_c6404c986f126de1ef06,vanderbilt_candidate_review_batch_8ea137fbb9c0b4c6d2cb,candidate_fingerprint_review,vanderbilt_program_fellowship-neonatal-perinatal-medicine-https-pediatrics-vumc_4f77c30f6178,Neonatal-Perinatal Medicine,9316c19a222c62e31ea1fffec482a536b8412ad8504693a4c7be174365ff7d1b,heading_signal,162bcf70f4542444408f3a4f14d57e1b38da5bfa7ab5eea92dbf4495113c2ac3,,,,,,,,,,
vanderbilt_candidate_manual_decision_b794902e2d3e6d7fef6f,vanderbilt_candidate_review_decision_5be5326567cea45c913e,vanderbilt_candidate_review_batch_8ea137fbb9c0b4c6d2cb,candidate_fingerprint_review,vanderbilt_program_fellowship-neonatal-perinatal-medicine-https-pediatrics-vumc_4f77c30f6178,Neonatal-Perinatal Medicine,1394cbb2748afda870f7c82b82b0f1945018ac09f252e4da5a5151859fcf3d25,heading_signal,87451ab7b6e05358e9a43194b8523bb2a60ae37f7f12aae78e0e7d8850428da1,,,,,,,,,,
vanderbilt_candidate_manual_decision_bb848b009ce6e7087c9d,vanderbilt_candidate_review_decision_eb3c5be04320ccfb2a9d,vanderbilt_candidate_review_batch_8ea137fbb9c0b4c6d2cb,candidate_fingerprint_review,vanderbilt_program_fellowship-neonatal-perinatal-medicine-https-pediatrics-vumc_4f77c30f6178,Neonatal-Perinatal Medicine,5a117c7a7ecc4923c7a72625c2ea7ba50f7bcb825233306a1fde06cf6e82f444,profile_anchor,8fcd80685895a1aa157dcb3d07e20cca85e8ddf7e306452c33f626c2ddbfdd2a,,,,,,,,,,
vanderbilt_candidate_manual_decision_c559e9b2e38014268c75,vanderbilt_candidate_review_decision_7ab66830e8a661628c1f,vanderbilt_candidate_review_batch_8ea137fbb9c0b4c6d2cb,candidate_fingerprint_review,vanderbilt_program_fellowship-neonatal-perinatal-medicine-https-pediatrics-vumc_4f77c30f6178,Neonatal-Perinatal Medicine,9bc849c47c652b23b2afd7d2e6ab208933670e6071960b07397652aaab227e14,heading_signal,dfdc7db1453d791a3d5d3771d45e297f31d22fcd6da2b910bb84aaa230a80a37,,,,,,,,,,
vanderbilt_candidate_manual_decision_c8d1412b9a31fcc1f723,vanderbilt_candidate_review_decision_d401b957a3e3e72a2bea,vanderbilt_candidate_review_batch_8ea137fbb9c0b4c6d2cb,candidate_fingerprint_review,vanderbilt_program_fellowship-neonatal-perinatal-medicine-https-pediatrics-vumc_4f77c30f6178,Neonatal-Perinatal Medicine,317e7aef29791dd8f637c6bd9425aec34413f2e26405cb7c3d3aa2ea932c084b,profile_anchor,42ada6a1b427eb5c19242ba8eb2fc919c70ed2f07cd6a5012cc7bcb4a861f44b,,,,,,,,,,
vanderbilt_candidate_manual_decision_f0ad43b977a28be192d2,vanderbilt_candidate_review_decision_fc8a4c3c7ccf5d7ae0d1,vanderbilt_candidate_review_batch_8ea137fbb9c0b4c6d2cb,candidate_fingerprint_review,vanderbilt_program_fellowship-neonatal-perinatal-medicine-https-pediatrics-vumc_4f77c30f6178,Neonatal-Perinatal Medicine,a35c0796a899da9cda8196cfceaf5050cc74797bd038c9cebdd71ac8ca9b60bd,profile_anchor,576e6b7ef0f9c9e99be52ba88e0a598e01444c3202f38d06659251ef4bc88abc,,,,,,,,,,
vanderbilt_candidate_manual_decision_f9963a5ae4a8c10e3688,vanderbilt_candidate_review_decision_cbb03dc2f1e4c4f94e27,vanderbilt_candidate_review_batch_8ea137fbb9c0b4c6d2cb,candidate_fingerprint_review,vanderbilt_program_fellowship-neonatal-perinatal-medicine-https-pediatrics-vumc_4f77c30f6178,Neonatal-Perinatal Medicine,25349c0268afd6f616b20d586fed6e9226e77b4827d986a220eec088bd70d46b,profile_anchor,00c5afbdba6b61c307705e0893e4a5570aba22274b0ee5957bbb106e9e062703,,,,,,,,,,
vanderbilt_candidate_manual_decision_044a9c6190f11cf535f6,vanderbilt_candidate_review_decision_3c54b7da03b2d0efd22a,vanderbilt_candidate_review_batch_8e45dd6d0a4aba28d7fc,candidate_fingerprint_review,vanderbilt_program_fellowship-pediatric-critical-care-https-pediatrics-vumc-org_54cc9ebcdb58,Pediatric Critical Care,dba54300499e20a9998906e3acade24bfe9a5beba8dd7a1cfcfb0ce94680eb87,heading_signal,7c4b08053505fe89f3113072a6f83623380a6bf1ea4d619972afc73449f08b7c,,,,,,,,,,
vanderbilt_candidate_manual_decision_08e9e929c74db144c690,vanderbilt_candidate_review_decision_2af8f392411381102aec,vanderbilt_candidate_review_batch_8e45dd6d0a4aba28d7fc,candidate_fingerprint_review,vanderbilt_program_fellowship-pediatric-critical-care-https-pediatrics-vumc-org_54cc9ebcdb58,Pediatric Critical Care,53ef15ee6a8956f6e46ab662dd8ac020986987bcbf71139a0510f0336caf2fc0,profile_anchor,bb783fe5fdf42f92de3d4cf3c5af7d7d8fd6363938bb813baee2495e93cb805e,,,,,,,,,,
vanderbilt_candidate_manual_decision_1c991b84f6ae229235f0,vanderbilt_candidate_review_decision_195bce941db748afbc09,vanderbilt_candidate_review_batch_8e45dd6d0a4aba28d7fc,candidate_fingerprint_review,vanderbilt_program_fellowship-pediatric-critical-care-https-pediatrics-vumc-org_54cc9ebcdb58,Pediatric Critical Care,f409940adf38c295deb8a12c1c48277f6b9015f6f568786d23c4cc9df8c33a2c,heading_signal,d4b4beca47391694aefc65348a3a72f1b2faa3982aa9bac3dc21a95be677eabb,,,,,,,,,,
vanderbilt_candidate_manual_decision_34c539b1aaffb69b2c2a,vanderbilt_candidate_review_decision_2c2339f9c40e5f922f76,vanderbilt_candidate_review_batch_8e45dd6d0a4aba28d7fc,candidate_fingerprint_review,vanderbilt_program_fellowship-pediatric-critical-care-https-pediatrics-vumc-org_54cc9ebcdb58,Pediatric Critical Care,9bb3735b6ed9a8e64b1c435805605f416ee9a1c0a7d9391974413ac83c6514e6,profile_anchor,f609010a21222d0d63b3a22e9be2e853aed35cc65086498d1162ee7dfe7bf856,,,,,,,,,,
vanderbilt_candidate_manual_decision_44ecd5a4b6246f90b452,vanderbilt_candidate_review_decision_65f2bb2be9a9b44845bc,vanderbilt_candidate_review_batch_8e45dd6d0a4aba28d7fc,candidate_fingerprint_review,vanderbilt_program_fellowship-pediatric-critical-care-https-pediatrics-vumc-org_54cc9ebcdb58,Pediatric Critical Care,4aef7313a0baaef977f16e6b60bb97e356cd27da09aabd9c5a9f9446e426d713,profile_anchor,2bae5beedbde78456634c98d503abaa29ba2b0b07732067e1e73ab2f6c165fe3,,,,,,,,,,
vanderbilt_candidate_manual_decision_59c9fbb941f29fa9c472,vanderbilt_candidate_review_decision_9880b8ca9c0bd172a006,vanderbilt_candidate_review_batch_8e45dd6d0a4aba28d7fc,candidate_fingerprint_review,vanderbilt_program_fellowship-pediatric-critical-care-https-pediatrics-vumc-org_54cc9ebcdb58,Pediatric Critical Care,708368587f5c325da1bfe4e4bd0909478bb7a18a89bada45d2487ba47b376d30,profile_anchor,37c4885cd5dcd3cc4cf53ae164263e4f2b30934d4984a35d2b0c6b65e382abf4,,,,,,,,,,
vanderbilt_candidate_manual_decision_77dc4a401a6a35299c2a,vanderbilt_candidate_review_decision_9c186011c562144f01f3,vanderbilt_candidate_review_batch_8e45dd6d0a4aba28d7fc,candidate_fingerprint_review,vanderbilt_program_fellowship-pediatric-critical-care-https-pediatrics-vumc-org_54cc9ebcdb58,Pediatric Critical Care,706f5112cb756c55745ada095b6fe791613f8f3364ed3d9ff7c6db30521c176b,profile_anchor,45e6a62bbf3243ae4ccd6a655e1204d1172c5cb78bc484065682b16581bc477b,,,,,,,,,,
vanderbilt_candidate_manual_decision_873049e5ccde8d2d45fc,vanderbilt_candidate_review_decision_5540c3046b260d375120,vanderbilt_candidate_review_batch_8e45dd6d0a4aba28d7fc,candidate_fingerprint_review,vanderbilt_program_fellowship-pediatric-critical-care-https-pediatrics-vumc-org_54cc9ebcdb58,Pediatric Critical Care,da2736679c2784eacdd7a8aa8ff2a888bb6d5fca1026805121f8c29518507b70,profile_anchor,4e9bd646709941f40da81c0d920436aab4616620dccf67f06efbfe376fd3fea6,,,,,,,,,,
vanderbilt_candidate_manual_decision_88589a5725325a6ccd3d,vanderbilt_candidate_review_decision_9aece72550595f754fac,vanderbilt_candidate_review_batch_8e45dd6d0a4aba28d7fc,candidate_fingerprint_review,vanderbilt_program_fellowship-pediatric-critical-care-https-pediatrics-vumc-org_54cc9ebcdb58,Pediatric Critical Care,65f1506c099020d78b721c0b8bfed39abfa1a674424112f6e98be7027b105427,profile_anchor,1372180881db3354d684969b7c69e35450b660ac31ecb046d684aef413d06b8c,,,,,,,,,,
vanderbilt_candidate_manual_decision_9c1f1f14e033a95b31ee,vanderbilt_candidate_review_decision_67aa89f13c760d02bb2b,vanderbilt_candidate_review_batch_8e45dd6d0a4aba28d7fc,candidate_fingerprint_review,vanderbilt_program_fellowship-pediatric-critical-care-https-pediatrics-vumc-org_54cc9ebcdb58,Pediatric Critical Care,813815d2e813a61b937466a5de9ecff69759b5f27441e7ed644362436f5729df,heading_signal,1a8b310a83db7121a5a23010b32e2b5f1e5c3389363717ab1ce5fbc048a54130,,,,,,,,,,
vanderbilt_candidate_manual_decision_a104e19512e559febb1c,vanderbilt_candidate_review_decision_f43a48facbfdc59989b9,vanderbilt_candidate_review_batch_8e45dd6d0a4aba28d7fc,candidate_fingerprint_review,vanderbilt_program_fellowship-pediatric-critical-care-https-pediatrics-vumc-org_54cc9ebcdb58,Pediatric Critical Care,2b6ff9c51e8994de584630f97e857b0da6f8eb2dcccca3845a628bb69fa8c605,profile_anchor,55d1ed722e5dd06e1bbf12f1ffa02e07bc218484bd992f2d1ee67423dd04076c,,,,,,,,,,
vanderbilt_candidate_manual_decision_a3f1951532d6ea26081c,vanderbilt_candidate_review_decision_000558092db223425092,vanderbilt_candidate_review_batch_8e45dd6d0a4aba28d7fc,candidate_fingerprint_review,vanderbilt_program_fellowship-pediatric-critical-care-https-pediatrics-vumc-org_54cc9ebcdb58,Pediatric Critical Care,d4e3159278239a99e3dd5cc7a3dc9a82b8eb9da52c0578b61d20c716c8a99775,heading_signal,480dec53a7a35667999409f273e78cfb2d6242c25127ce06cf18ca2ade6de000,,,,,,,,,,
vanderbilt_candidate_manual_decision_a8bf0204327b953973cd,vanderbilt_candidate_review_decision_3a8e9aa702a2c42174ab,vanderbilt_candidate_review_batch_8e45dd6d0a4aba28d7fc,candidate_fingerprint_review,vanderbilt_program_fellowship-pediatric-critical-care-https-pediatrics-vumc-org_54cc9ebcdb58,Pediatric Critical Care,da02db9789d4e7981cdfdfdc4e747ec7343fc600f8a6e6f36f6003fc95d544c1,heading_signal,f0344047a476cf90509025826760d444214f85ccfc38008333ac960025beb752,,,,,,,,,,
vanderbilt_candidate_manual_decision_b7f945c7c6b2c778e335,vanderbilt_candidate_review_decision_1d261733dbf3dbf83041,vanderbilt_candidate_review_batch_8e45dd6d0a4aba28d7fc,candidate_fingerprint_review,vanderbilt_program_fellowship-pediatric-critical-care-https-pediatrics-vumc-org_54cc9ebcdb58,Pediatric Critical Care,44356ca66d69f76182f20c13a442f3cebf1fcc8a4f07e836a025b3667459ecad,profile_anchor,3bbad229896b6c8e19e7ad0c20bd8c4e7cba139ad15c1a216dda22c9e8b935bb,,,,,,,,,,
vanderbilt_candidate_manual_decision_e892bee2d863be259d18,vanderbilt_candidate_review_decision_1c4116e9504caffecb7e,vanderbilt_candidate_review_batch_8e45dd6d0a4aba28d7fc,candidate_fingerprint_review,vanderbilt_program_fellowship-pediatric-critical-care-https-pediatrics-vumc-org_54cc9ebcdb58,Pediatric Critical Care,2b4f199c8feb3d4b5d90c4559f5fec81aa878f2af252b117b350913371bc94a6,profile_anchor,16f53fb4297c2696de30d9441d0a0def17be5b9896788ba25236bdd33076a08b,,,,,,,,,,
vanderbilt_candidate_manual_decision_f1beee533c80c2a950ed,vanderbilt_candidate_review_decision_aa250805319a35e79aa6,vanderbilt_candidate_review_batch_8e45dd6d0a4aba28d7fc,candidate_fingerprint_review,vanderbilt_program_fellowship-pediatric-critical-care-https-pediatrics-vumc-org_54cc9ebcdb58,Pediatric Critical Care,0474086d0763788f9f471afdbaf3e1683893e13c20638572c068b18f60191c3c,profile_anchor,f9e320e1b14924c23a99a1f7c75246021cd672c3168854d636b8cb6588297487,,,,,,,,,,
vanderbilt_candidate_manual_decision_f412e1e197a3844a8dd6,vanderbilt_candidate_review_decision_feff5a5fb0b458fbcc5c,vanderbilt_candidate_review_batch_8e45dd6d0a4aba28d7fc,candidate_fingerprint_review,vanderbilt_program_fellowship-pediatric-critical-care-https-pediatrics-vumc-org_54cc9ebcdb58,Pediatric Critical Care,a0bf003ed40dd106d5bfa1b78c1641ec214a1fe9738ef41627abc345783079ee,profile_anchor,623067a1aa15061a6f4602ea1dbb018dcfbedc14082abd1e62641b57ae0751ea,,,,,,,,,,
vanderbilt_candidate_manual_decision_117552caf1886eb5b00a,vanderbilt_candidate_review_decision_433d05ee6dd9dff84ad0,vanderbilt_candidate_review_batch_82cc189de8a252105475,candidate_fingerprint_review,vanderbilt_program_fellowship-pediatric-emergency-medicine-https-pediatrics-vum_a6784ae6290b,Pediatric Emergency Medicine,34dd60421cf1f0dc734eda63e637bc1a881e6d8ddacac779ab9fa1808f43943d,profile_anchor,2ecca3169760fe5097e28ccfa0245e9b310bb50a60f3e20d6797a3deac7b4433,,,,,,,,,,
vanderbilt_candidate_manual_decision_13a2138a24bf41bbbff5,vanderbilt_candidate_review_decision_3f8ba953ff0313ab0888,vanderbilt_candidate_review_batch_82cc189de8a252105475,candidate_fingerprint_review,vanderbilt_program_fellowship-pediatric-emergency-medicine-https-pediatrics-vum_a6784ae6290b,Pediatric Emergency Medicine,88008fe1c8fc163b0883d9b181b71da42cfcfdec1f6937e5c4478aaa90376e25,profile_anchor,35f644a7af85860ce2a9b218dc499dd1af73ade788345c265e0465071a83bb72,,,,,,,,,,
vanderbilt_candidate_manual_decision_15558823f0cfbc4a4018,vanderbilt_candidate_review_decision_a5e92ab69e9a463cce32,vanderbilt_candidate_review_batch_82cc189de8a252105475,candidate_fingerprint_review,vanderbilt_program_fellowship-pediatric-emergency-medicine-https-pediatrics-vum_a6784ae6290b,Pediatric Emergency Medicine,af4b7be0e0498eec2e11b33012ee0b9e8b589f574a36830db62c66bdd3f494ce,profile_anchor,409565bb1da0b607d36cd718634eb2f5a5ecb0801b70099e40feadac336395e4,,,,,,,,,,
vanderbilt_candidate_manual_decision_2983a5c364311fad6ad9,vanderbilt_candidate_review_decision_406f99ebf746cee465ed,vanderbilt_candidate_review_batch_82cc189de8a252105475,candidate_fingerprint_review,vanderbilt_program_fellowship-pediatric-emergency-medicine-https-pediatrics-vum_a6784ae6290b,Pediatric Emergency Medicine,a603e9d1a5f669414dd878437fdcb222ec8fe222b4571f126b6130c9b2410b56,profile_anchor,9266627bcb30193363c6fbf39c0fc8632b2afe37346e4a09eba02db99ae5471f,,,,,,,,,,
vanderbilt_candidate_manual_decision_67578fb2b6925ca788a0,vanderbilt_candidate_review_decision_9e0bf5b6d6fad4b650e7,vanderbilt_candidate_review_batch_82cc189de8a252105475,candidate_fingerprint_review,vanderbilt_program_fellowship-pediatric-emergency-medicine-https-pediatrics-vum_a6784ae6290b,Pediatric Emergency Medicine,8476da61462a49fa20a1aa3e3c0acd9111e82b5bb4dd781b22505c36aacb73cf,profile_anchor,46fcc99605b5d35ea5d3fe34a29af106f21ba26f5452b5d5ae0a33a598aaa4ff,,,,,,,,,,
vanderbilt_candidate_manual_decision_6ee31495fbfd6c3ee378,vanderbilt_candidate_review_decision_08f521e6aafcb8be631f,vanderbilt_candidate_review_batch_82cc189de8a252105475,candidate_fingerprint_review,vanderbilt_program_fellowship-pediatric-emergency-medicine-https-pediatrics-vum_a6784ae6290b,Pediatric Emergency Medicine,c6204c6575b528518e76967433be4bb1f4d86900ecc6d8531978a73138cf28ba,profile_anchor,be75f36326192dc6959352201115f93b370095e8f879abe3e827a35b256e86c7,,,,,,,,,,
vanderbilt_candidate_manual_decision_8bedb8b701c282edb7bd,vanderbilt_candidate_review_decision_6173c1a1e23ec2a579c8,vanderbilt_candidate_review_batch_82cc189de8a252105475,candidate_fingerprint_review,vanderbilt_program_fellowship-pediatric-emergency-medicine-https-pediatrics-vum_a6784ae6290b,Pediatric Emergency Medicine,03fb06acf0fc4e5ea1f48a445e30f2f69de2a53f2994f4cd7d3a5dd3cf7c8a1f,profile_anchor,217e41e08204ba90122cc3efb075c71a5bc7e59939a39993cd5c0b9e838e6f5d,,,,,,,,,,
vanderbilt_candidate_manual_decision_95ab198df60f2ae05921,vanderbilt_candidate_review_decision_42ac40bc2c32de5296b5,vanderbilt_candidate_review_batch_82cc189de8a252105475,candidate_fingerprint_review,vanderbilt_program_fellowship-pediatric-emergency-medicine-https-pediatrics-vum_a6784ae6290b,Pediatric Emergency Medicine,449fc1084b9ebb42cb590cce23dcdc4f8a8be94011815b8e211d3e5608b55926,heading_signal,b492696667d203c95563840a79f2da51181a990c35b99371da275ffbcba2dfee,,,,,,,,,,
vanderbilt_candidate_manual_decision_9f402606bd088c1f40b2,vanderbilt_candidate_review_decision_f7f0e0c2139c265ce686,vanderbilt_candidate_review_batch_82cc189de8a252105475,candidate_fingerprint_review,vanderbilt_program_fellowship-pediatric-emergency-medicine-https-pediatrics-vum_a6784ae6290b,Pediatric Emergency Medicine,a04970b14a9b3521e1f99a1c75bbdddcc696a3e3a0fc98b9bbefd4796d91159d,profile_anchor,3b89448b2bd142c1195fb607aa3a15dc6f5ec8507832fc97b50628485bdf1f1f,,,,,,,,,,
vanderbilt_candidate_manual_decision_9ff2d13d2e9f9637292a,vanderbilt_candidate_review_decision_a8f11651d74ddc799f16,vanderbilt_candidate_review_batch_82cc189de8a252105475,candidate_fingerprint_review,vanderbilt_program_fellowship-pediatric-emergency-medicine-https-pediatrics-vum_a6784ae6290b,Pediatric Emergency Medicine,fcf895e9db3a867a2f294137a193f3337892fd8834cdb31e8954ee04ffa770ba,heading_signal,cc3e6ab3061cfdb0c4cb48b7dcecb05d2ad58992b82c999eb85bc42df86ea4d0,,,,,,,,,,
vanderbilt_candidate_manual_decision_b7eaf35d13b1d4150058,vanderbilt_candidate_review_decision_0b425d9e4cb3eebc6120,vanderbilt_candidate_review_batch_82cc189de8a252105475,candidate_fingerprint_review,vanderbilt_program_fellowship-pediatric-emergency-medicine-https-pediatrics-vum_a6784ae6290b,Pediatric Emergency Medicine,f455cf2d426e3ca2d3d91f88fe84153e6bc2b6e469500fc457228dc5fcb1e3ef,profile_anchor,5f9bd54b67a5c89cd0b150fb3a8d6d6d9adc6427c89e7b55ffc25841ea35da88,,,,,,,,,,
vanderbilt_candidate_manual_decision_c26608a5b7629c8ddf3a,vanderbilt_candidate_review_decision_6b61e394b71d22795e80,vanderbilt_candidate_review_batch_82cc189de8a252105475,candidate_fingerprint_review,vanderbilt_program_fellowship-pediatric-emergency-medicine-https-pediatrics-vum_a6784ae6290b,Pediatric Emergency Medicine,b997b3d26bada61874a8860e7eb85a30420181b3e879b331dddacdfbf017b9f7,profile_anchor,42046f418d12485d880a5ec40ff5d86f59741b2bf84a89f206d712b59cbb91fd,,,,,,,,,,
vanderbilt_candidate_manual_decision_c3ec56fc866e3017ab56,vanderbilt_candidate_review_decision_7e8c9a1d78d0bc264346,vanderbilt_candidate_review_batch_82cc189de8a252105475,candidate_fingerprint_review,vanderbilt_program_fellowship-pediatric-emergency-medicine-https-pediatrics-vum_a6784ae6290b,Pediatric Emergency Medicine,23fab3625649e0d717e0da5ea6d4ff9b763b317699e53ce2accc809adca225d8,heading_signal,9162e6ffa867659f15f8077b16477cceae86ac4956a7a19bfb72dfc58597669e,,,,,,,,,,
vanderbilt_candidate_manual_decision_ceab5ba77e0cbc674f4f,vanderbilt_candidate_review_decision_eb938bebb506fa49526a,vanderbilt_candidate_review_batch_82cc189de8a252105475,candidate_fingerprint_review,vanderbilt_program_fellowship-pediatric-emergency-medicine-https-pediatrics-vum_a6784ae6290b,Pediatric Emergency Medicine,08b7835116f162335b6e33635bbcd81705559c922713e9bf0554f687ef5ff468,heading_signal,f479776b497ce7bfd9208b76cb80372437ce3b33ea245c1fb9b47f434934bd07,,,,,,,,,,
vanderbilt_candidate_manual_decision_d072283948efbbc9296a,vanderbilt_candidate_review_decision_442baf8497c3b77f01e0,vanderbilt_candidate_review_batch_82cc189de8a252105475,candidate_fingerprint_review,vanderbilt_program_fellowship-pediatric-emergency-medicine-https-pediatrics-vum_a6784ae6290b,Pediatric Emergency Medicine,db0ae5e13ba42b4d41fb77fb24b852337b090dea1e66e451fec423354c8822d1,profile_anchor,cf84117c415ca3398a277126d145bc4ffa895acd1101b28875baf760ce84b75a,,,,,,,,,,
vanderbilt_candidate_manual_decision_f046f91f7abc807134a3,vanderbilt_candidate_review_decision_34f527d9a6de4daa0084,vanderbilt_candidate_review_batch_82cc189de8a252105475,candidate_fingerprint_review,vanderbilt_program_fellowship-pediatric-emergency-medicine-https-pediatrics-vum_a6784ae6290b,Pediatric Emergency Medicine,30864748ca753be6abc29d8ca1c653fd792b67a74158b9441fe109e065e72ed3,heading_signal,4cf57bc2aff75a3fffb25fd2d744ae220897d59c7b1cc79acbeeeb13391e5c53,,,,,,,,,,
vanderbilt_candidate_manual_decision_f5a28461c9d159168959,vanderbilt_candidate_review_decision_be8c08a59eaacf4ef821,vanderbilt_candidate_review_batch_82cc189de8a252105475,candidate_fingerprint_review,vanderbilt_program_fellowship-pediatric-emergency-medicine-https-pediatrics-vum_a6784ae6290b,Pediatric Emergency Medicine,292d5e0af16503e055e21c096dc5f500e9fbd38aa2bf9d597fa85695b27657a8,profile_anchor,1d99ee111225cfcb721969d9812a0de99ce7437506e60d584b1cd8153817c24f,,,,,,,,,,
vanderbilt_candidate_manual_decision_05a4e3d6215ba89b32bc,vanderbilt_candidate_review_decision_187518156ed25186f5f8,vanderbilt_candidate_review_batch_9f32440280c18f183edd,candidate_fingerprint_review,vanderbilt_program_fellowship-pediatric-endocrinology-https-pediatrics-vumc-org_2949af87ab6f,Pediatric Endocrinology,22550d42f0ccacde4158ca55e0f20ca6f3db9b6f9de2a1795d520c52e95e29cb,heading_signal,28c45a62eb6eabd65d4a73940f5d306ee1818a79fe237d2c95e96c37aef073c7,,,,,,,,,,
vanderbilt_candidate_manual_decision_209a2e643d6ccdef0e2f,vanderbilt_candidate_review_decision_99d0e2e06f64b39a4ef4,vanderbilt_candidate_review_batch_9f32440280c18f183edd,candidate_fingerprint_review,vanderbilt_program_fellowship-pediatric-endocrinology-https-pediatrics-vumc-org_2949af87ab6f,Pediatric Endocrinology,03b82432135675da1aa3d706b9e4115957c95e5ae40595ce94d59f56485f5dee,heading_signal,bbc8a18da3f5dc572515bb94403f92a58caba2cd284f6567698c981b75919b31,,,,,,,,,,
vanderbilt_candidate_manual_decision_4aac191f55711ebab45a,vanderbilt_candidate_review_decision_e691f5d2abf82fee3724,vanderbilt_candidate_review_batch_9f32440280c18f183edd,candidate_fingerprint_review,vanderbilt_program_fellowship-pediatric-endocrinology-https-pediatrics-vumc-org_2949af87ab6f,Pediatric Endocrinology,40bf320270692098d748289ceccf0c502f1a6f85684c4536c0722a8b32fe1ddd,profile_anchor,8979472691bb211ac776b81cfc8d17f1f17b094accbe899c57cd537a1f8a06b6,,,,,,,,,,
vanderbilt_candidate_manual_decision_1c27c6d48941791b15b3,vanderbilt_candidate_review_decision_98aa82a8783433374fb0,vanderbilt_candidate_review_batch_a892e563e6e4689f54ea,candidate_fingerprint_review,vanderbilt_program_fellowship-pediatric-gastroenterology-https-pediatrics-vumc-_f3304fa0a202,Pediatric Gastroenterology,a3f315b546b2aa7e98834f123b9d1d1efd2a45fae76dce8a3c088586390b51ec,heading_signal,91507d0129c32a4aa015b2e8e13f41973bd88513b80e9901706ff421aeabeaba,,,,,,,,,,
vanderbilt_candidate_manual_decision_49df105b86c4bc9a926d,vanderbilt_candidate_review_decision_08b160cc44e70efcd6f6,vanderbilt_candidate_review_batch_a892e563e6e4689f54ea,candidate_fingerprint_review,vanderbilt_program_fellowship-pediatric-gastroenterology-https-pediatrics-vumc-_f3304fa0a202,Pediatric Gastroenterology,bb3a5f48df0f597a676c2bc2bc72f648baf14e428072f621a210806005d9a3e8,profile_anchor,002f14b8c4a0d0327bf3ba109ec54b9a450ffe1de83719663c6f295fcef5cae9,,,,,,,,,,
vanderbilt_candidate_manual_decision_6378fa11f6c5686ce2fa,vanderbilt_candidate_review_decision_4f3f2db066755bcdbd59,vanderbilt_candidate_review_batch_a892e563e6e4689f54ea,candidate_fingerprint_review,vanderbilt_program_fellowship-pediatric-gastroenterology-https-pediatrics-vumc-_f3304fa0a202,Pediatric Gastroenterology,dc5ac1a313e8bc40e730aac4b09d9d487fe41f3ed8984d6f95abb08ec9a36f5d,heading_signal,ac40dc5e8a0a7c7d792f6e8a6ac12a5ebe107dc60176f1f13fe3e1bb00a7ac96,,,,,,,,,,
vanderbilt_candidate_manual_decision_6806d2dd4434d72d6daa,vanderbilt_candidate_review_decision_2b2f47048add44e39e3b,vanderbilt_candidate_review_batch_a892e563e6e4689f54ea,candidate_fingerprint_review,vanderbilt_program_fellowship-pediatric-gastroenterology-https-pediatrics-vumc-_f3304fa0a202,Pediatric Gastroenterology,922f385b997e7f2c111eda2714703ea2d94c52c7808f68392aad9574fd288efd,heading_signal,d1e6c828665f5e54d232381b13f9362bcdb8b3a311e6572eedf72edb96bac9ca,,,,,,,,,,
vanderbilt_candidate_manual_decision_748532dd8ea61cb32e7f,vanderbilt_candidate_review_decision_f91888004c9cf03e2a7a,vanderbilt_candidate_review_batch_a892e563e6e4689f54ea,candidate_fingerprint_review,vanderbilt_program_fellowship-pediatric-gastroenterology-https-pediatrics-vumc-_f3304fa0a202,Pediatric Gastroenterology,7f01fb56cd6ba108d6b1992c7afba5b9bb32ed315870591a0c12e0c50d2ec77b,profile_anchor,b1984b73648dd4c86be9a9aa9354bfbae43d677c08cf03c014e5ca4d55318046,,,,,,,,,,
vanderbilt_candidate_manual_decision_85243c734e0434885fb7,vanderbilt_candidate_review_decision_3ce590c2433a3a82b369,vanderbilt_candidate_review_batch_a892e563e6e4689f54ea,candidate_fingerprint_review,vanderbilt_program_fellowship-pediatric-gastroenterology-https-pediatrics-vumc-_f3304fa0a202,Pediatric Gastroenterology,72215ff9ca32b3f1d9489c5c21bcbd95cb87533855a62028fd832376e6dd29cd,profile_anchor,f29e11e031b4ea70551c5a361099897ccbfced3b0c244050f0b124f6c8c0110d,,,,,,,,,,
vanderbilt_candidate_manual_decision_85a9e57f12a519a0239a,vanderbilt_candidate_review_decision_1f3203d851c000bac762,vanderbilt_candidate_review_batch_a892e563e6e4689f54ea,candidate_fingerprint_review,vanderbilt_program_fellowship-pediatric-gastroenterology-https-pediatrics-vumc-_f3304fa0a202,Pediatric Gastroenterology,c45e45b8a86822d6db78dc966cb278490d0802a228cec1a81519bbb1447924ee,heading_signal,758def7380bec776ac5dfaa1516d6008681228c3d4cd1651df9ba0365c946b32,,,,,,,,,,
vanderbilt_candidate_manual_decision_912234a0e5968f89adf8,vanderbilt_candidate_review_decision_cb637ff0ae4cd45d0bb0,vanderbilt_candidate_review_batch_a892e563e6e4689f54ea,candidate_fingerprint_review,vanderbilt_program_fellowship-pediatric-gastroenterology-https-pediatrics-vumc-_f3304fa0a202,Pediatric Gastroenterology,404a61de4ec0ac27576a42b34993dfa940ae2b28104548439f7e4e570b76af9f,heading_signal,ee98ed80bd90c909e8622e7e44464e76ced38f694ebc5366febfd9d884e37bd3,,,,,,,,,,
vanderbilt_candidate_manual_decision_ab3fcad794ce1cc6b287,vanderbilt_candidate_review_decision_45b37ddcba7a39d44f4f,vanderbilt_candidate_review_batch_a892e563e6e4689f54ea,candidate_fingerprint_review,vanderbilt_program_fellowship-pediatric-gastroenterology-https-pediatrics-vumc-_f3304fa0a202,Pediatric Gastroenterology,2349e29b1ec2be2e9c5f8164b6489160973df7225c948fa5d9b690fe3db83972,profile_anchor,1046bc73e40a187ad5cb77f99236b87c608753669d8b9772711431b675421da1,,,,,,,,,,
vanderbilt_candidate_manual_decision_c4d6717a7684805b7b98,vanderbilt_candidate_review_decision_eeb766f6ed6944b88381,vanderbilt_candidate_review_batch_a892e563e6e4689f54ea,candidate_fingerprint_review,vanderbilt_program_fellowship-pediatric-gastroenterology-https-pediatrics-vumc-_f3304fa0a202,Pediatric Gastroenterology,533311fd29a45b3997cf492a04200398dc08cb5d556affdb94ddb204cd8d5cbf,profile_anchor,ae80a9806a232af7500707463e715d5755e4d6a34724b2e007b08bdf1935a56d,,,,,,,,,,
vanderbilt_candidate_manual_decision_c57b0dc2a64af51d17e4,vanderbilt_candidate_review_decision_4430828654ae2f1aaaa3,vanderbilt_candidate_review_batch_a892e563e6e4689f54ea,candidate_fingerprint_review,vanderbilt_program_fellowship-pediatric-gastroenterology-https-pediatrics-vumc-_f3304fa0a202,Pediatric Gastroenterology,702a525f0855429cf4a1b930d3bcfec59452478566fb8bf57f6753a3709a4b8d,profile_anchor,0299cac07275329030f0fa153afecddaaca278cd9c7dfa2e559b16952861b89d,,,,,,,,,,
vanderbilt_candidate_manual_decision_cef4ed69bca1364e1246,vanderbilt_candidate_review_decision_b9465dbc79b999ee6a08,vanderbilt_candidate_review_batch_a892e563e6e4689f54ea,candidate_fingerprint_review,vanderbilt_program_fellowship-pediatric-gastroenterology-https-pediatrics-vumc-_f3304fa0a202,Pediatric Gastroenterology,1960ecc31edbbd29bfec83aef72097a51d6b1997a50405d7fa9c00f11504f8cc,profile_anchor,ee06ac6ebd7c153bb4603ef74d0a30ef881bc90c9e5c9650ed48bf4bb667474f,,,,,,,,,,
vanderbilt_candidate_manual_decision_1a2b03b02e6eefd08289,vanderbilt_candidate_review_decision_68b3770d7502c8b20613,vanderbilt_candidate_review_batch_b4e87c42e4aa5430e4f6,candidate_fingerprint_review,vanderbilt_program_fellowship-pediatric-hospital-medicine-https-pediatrics-vumc_fc2f034a3e09,Pediatric Hospital Medicine,c6bb7d6db1d2b3839e259eb57cc5107e98e341d968e2c8286650012de487aaa2,profile_anchor,330c3e17a12ec41403e655911b147646491f7f1a4f85c9f64f9f86191730f75f,,,,,,,,,,
vanderbilt_candidate_manual_decision_1cea0ee5677b7572bf2a,vanderbilt_candidate_review_decision_0d7615b40fac98238677,vanderbilt_candidate_review_batch_b4e87c42e4aa5430e4f6,candidate_fingerprint_review,vanderbilt_program_fellowship-pediatric-hospital-medicine-https-pediatrics-vumc_fc2f034a3e09,Pediatric Hospital Medicine,1f2383d16e3dec8398e36ae40c9524197de6596e28d2e36dd23b048c0c25e5e3,heading_signal,b86792f098d4f7a278d1689ff8ae6a87850bbb97e90e57fffe349da7229d1509,,,,,,,,,,
vanderbilt_candidate_manual_decision_4a67985ea9291ac901b4,vanderbilt_candidate_review_decision_b2edf2db718c3b6f4e5f,vanderbilt_candidate_review_batch_b4e87c42e4aa5430e4f6,candidate_fingerprint_review,vanderbilt_program_fellowship-pediatric-hospital-medicine-https-pediatrics-vumc_fc2f034a3e09,Pediatric Hospital Medicine,1bdbb05bd8fe60c11409d117a78770fa3b792914ba36823434664ce99017db5e,profile_anchor,de7b554c09dda2b8bf7d6555d167fa4a2bc25ba5538ece2ee52cf7e69da3c48e,,,,,,,,,,
vanderbilt_candidate_manual_decision_a490fc9883a26deb2bfd,vanderbilt_candidate_review_decision_2c4a46da84d601fdc8b2,vanderbilt_candidate_review_batch_b4e87c42e4aa5430e4f6,candidate_fingerprint_review,vanderbilt_program_fellowship-pediatric-hospital-medicine-https-pediatrics-vumc_fc2f034a3e09,Pediatric Hospital Medicine,c00213e5cee957e71d38f01b184925100503bd2086a27125aef99df27638f788,profile_anchor,08ff5b6329fc4e3e985b40a6a47bc3052dfbe9c45ee950ad9aa41677a8cb2662,,,,,,,,,,
vanderbilt_candidate_manual_decision_1513604bafe574333957,vanderbilt_candidate_review_decision_e2f027ecc01a13148e3a,vanderbilt_candidate_review_batch_75a5ae1a181915c1c3b5,candidate_fingerprint_review,vanderbilt_program_fellowship-pediatric-infectious-diseases-https-pediatrics-vu_29d33965c0cb,Pediatric Infectious Diseases,da5c03cbfdf66cd5dc8aeab32e28ffff649d0be8fdec22407471c7225a18569f,heading_signal,6a6b2d5fa130c6c2dc24361896f50fcf118162510c3bff31844a42e9107fbbfe,,,,,,,,,,
vanderbilt_candidate_manual_decision_607dfa03362f41e0c7e9,vanderbilt_candidate_review_decision_a80fe250b8bd8b10425b,vanderbilt_candidate_review_batch_75a5ae1a181915c1c3b5,candidate_fingerprint_review,vanderbilt_program_fellowship-pediatric-infectious-diseases-https-pediatrics-vu_29d33965c0cb,Pediatric Infectious Diseases,9f327c0885d3f4723364d313236cc67db5bec9c72dec61afb3d451e28ade6900,heading_signal,7f5108a2de187d1d9e02b9099efdc50f8b53a43c65bac842642612c27070438c,,,,,,,,,,
vanderbilt_candidate_manual_decision_761009de715b9716e9e8,vanderbilt_candidate_review_decision_53a126efd0e94eb4ec25,vanderbilt_candidate_review_batch_75a5ae1a181915c1c3b5,candidate_fingerprint_review,vanderbilt_program_fellowship-pediatric-infectious-diseases-https-pediatrics-vu_29d33965c0cb,Pediatric Infectious Diseases,f587ccee8f2d669c15496758b44d7cb24fcee32ec75386875a7391590636d4f8,profile_anchor,2dec04589595cd5f0fdd8814e0c509f041c7fd43167fe2a9b242f8e4ba1f0331,,,,,,,,,,
vanderbilt_candidate_manual_decision_85c00159cd7307b27ebe,vanderbilt_candidate_review_decision_7dbc90bf2ee8a4e300dd,vanderbilt_candidate_review_batch_75a5ae1a181915c1c3b5,candidate_fingerprint_review,vanderbilt_program_fellowship-pediatric-infectious-diseases-https-pediatrics-vu_29d33965c0cb,Pediatric Infectious Diseases,9f006dde8e0ea84c21c63bed7a271dd450ef4b09c7cc0ea922b27ae9c059a330,heading_signal,2f96d04cca2f1034c5475d06b17b784fa6cf98d68eee180c52be9a74bd0aa860,,,,,,,,,,
vanderbilt_candidate_manual_decision_afd6a61487c1526efc54,vanderbilt_candidate_review_decision_3b10b36e3cfa38eabdce,vanderbilt_candidate_review_batch_75a5ae1a181915c1c3b5,candidate_fingerprint_review,vanderbilt_program_fellowship-pediatric-infectious-diseases-https-pediatrics-vu_29d33965c0cb,Pediatric Infectious Diseases,05e0ad2ee637b5d07207b3611476988cba60e3542aec53c04658b3d41b356454,profile_anchor,5a4764b24e86def54aa93a64cfa31d301321f645a7fae7d546e0e9cf1bb7dee4,,,,,,,,,,
vanderbilt_candidate_manual_decision_c680d6ac9f9e7c226843,vanderbilt_candidate_review_decision_d2dccc81b494ce2b434a,vanderbilt_candidate_review_batch_75a5ae1a181915c1c3b5,candidate_fingerprint_review,vanderbilt_program_fellowship-pediatric-infectious-diseases-https-pediatrics-vu_29d33965c0cb,Pediatric Infectious Diseases,56c71b4aa9af018c77c536785e41c87e33a254327392b59b47d46795e623a0fb,heading_signal,da36175863aad926b679325cf8590cf6d86189e044a42a60148b2b2e2010446e,,,,,,,,,,
vanderbilt_candidate_manual_decision_c93657ec34a17dc68ad5,vanderbilt_candidate_review_decision_a054f5d1bcad9bf5174a,vanderbilt_candidate_review_batch_75a5ae1a181915c1c3b5,candidate_fingerprint_review,vanderbilt_program_fellowship-pediatric-infectious-diseases-https-pediatrics-vu_29d33965c0cb,Pediatric Infectious Diseases,4c33b7b115e0c472c136763fc640c5e6354ba2e240fef75196bfb373773043b5,profile_anchor,4faac9ad9910764ef39f932cc79f0b7e5b3e26937bcdd2612b03c4d70a81f4d2,,,,,,,,,,
vanderbilt_candidate_manual_decision_d01ddd8ec876abf1ac27,vanderbilt_candidate_review_decision_b449342f72470a3d4639,vanderbilt_candidate_review_batch_75a5ae1a181915c1c3b5,candidate_fingerprint_review,vanderbilt_program_fellowship-pediatric-infectious-diseases-https-pediatrics-vu_29d33965c0cb,Pediatric Infectious Diseases,0bb1deb08ee3ab31631db7493ede7eb1c23c6c74ba31e56e98e59c3cb9a2d7c8,profile_anchor,8eaa2eded31e3ad1152f72c38205886cb3dafd1f3b08e43e5e5b8f98fb576c53,,,,,,,,,,
vanderbilt_candidate_manual_decision_de86f4059f334b73fb09,vanderbilt_candidate_review_decision_2e558f343a8398beb1b3,vanderbilt_candidate_review_batch_75a5ae1a181915c1c3b5,candidate_fingerprint_review,vanderbilt_program_fellowship-pediatric-infectious-diseases-https-pediatrics-vu_29d33965c0cb,Pediatric Infectious Diseases,f7e1c9ab07039b4ec20c6d590387a7e41fd431250d04dbc37fd3498b806f230c,profile_anchor,312f2215b977b4dede7bf569f1483fc8100991c2ac5e66e53db6bc0c3cc7dbf9,,,,,,,,,,
vanderbilt_candidate_manual_decision_f41dacaaab5500a892ee,vanderbilt_candidate_review_decision_1161ab9b7b26310f79c4,vanderbilt_candidate_review_batch_75a5ae1a181915c1c3b5,candidate_fingerprint_review,vanderbilt_program_fellowship-pediatric-infectious-diseases-https-pediatrics-vu_29d33965c0cb,Pediatric Infectious Diseases,713a9d07b30a83e3db6b42ef5760b1c085058c2189f34e3075491761f842ab1c,heading_signal,b079125c3cd891fc04da5518694a63a0d412f7521ad33b32e6b994cbe04f34bc,,,,,,,,,,
vanderbilt_candidate_manual_decision_1077cbf238fc18784aa3,vanderbilt_candidate_review_decision_2fa08bca3fd480d0bea1,vanderbilt_candidate_review_batch_155f43e9d2f2575ff3d0,candidate_fingerprint_review,vanderbilt_program_fellowship-pediatric-rheumatology-https-pediatrics-vumc-org-_fe613525342f,Pediatric Rheumatology,f21eb9bac8c4dabfccebac4186d75b20eed78e01cfb97bd5ec29e1256454e2df,heading_signal,02ebe6ad5b4ae75917125fe209c830b21b31221e035281a8786a166e8ad9047e,,,,,,,,,,
vanderbilt_candidate_manual_decision_4988013c59c100445e1f,vanderbilt_candidate_review_decision_a31e2bae55953fbabf2d,vanderbilt_candidate_review_batch_155f43e9d2f2575ff3d0,candidate_fingerprint_review,vanderbilt_program_fellowship-pediatric-rheumatology-https-pediatrics-vumc-org-_fe613525342f,Pediatric Rheumatology,1c00c01113419ffda5bff39b348cff36ac2d6c690a4c26503528a4f5080cd638,profile_anchor,c710ef9528b19fc203cdb1f68df6040025450f172845fe6ddec59eed7bdc5388,,,,,,,,,,
vanderbilt_candidate_manual_decision_644e74affc7ac5181ad1,vanderbilt_candidate_review_decision_525b260760cfcfe48519,vanderbilt_candidate_review_batch_155f43e9d2f2575ff3d0,candidate_fingerprint_review,vanderbilt_program_fellowship-pediatric-rheumatology-https-pediatrics-vumc-org-_fe613525342f,Pediatric Rheumatology,6e5f1baba582486994c16afb8b1d4baeaed91d3511fccac967c739ef4de5553b,profile_anchor,f9d923c0d2a69c71a7d50af82bdf54c81e29a70109db82c3aba41dcc51a8eef0,,,,,,,,,,
vanderbilt_candidate_manual_decision_da695063db2848598172,vanderbilt_candidate_review_decision_5db3cf46ba27f0ebb636,vanderbilt_candidate_review_batch_155f43e9d2f2575ff3d0,candidate_fingerprint_review,vanderbilt_program_fellowship-pediatric-rheumatology-https-pediatrics-vumc-org-_fe613525342f,Pediatric Rheumatology,60e73effa65c01d70f78066460795b8916578f4e74a42cf550826c187f402c7a,profile_anchor,37604bf3a36a2db3a0d8ef3ae75f7d3e4db2b4f59111c43d7394221fe938c6b6,,,,,,,,,,
vanderbilt_candidate_manual_decision_0a607f356578addb84a1,vanderbilt_candidate_review_decision_3b9cafc2148123ef92ed,vanderbilt_candidate_review_batch_7d3a883d33a9cf74dc7a,candidate_fingerprint_review,vanderbilt_program_residency-pediatrics-https-pediatrics-vumc-org-residency_de4d3d621d7e,Pediatrics,a55af2f5cf933f14af3dbf1a037c4c6875d61c5526f528bd1b7dfe9c092743cc,profile_anchor,1e5d61e718dc4fc7c022c6280763837960e59c6ec57306137e2f323877059315,,,,,,,,,,
vanderbilt_candidate_manual_decision_17a077d5387b6610b166,vanderbilt_candidate_review_decision_c699687854c2be8e004d,vanderbilt_candidate_review_batch_7d3a883d33a9cf74dc7a,candidate_fingerprint_review,vanderbilt_program_residency-pediatrics-https-pediatrics-vumc-org-residency_de4d3d621d7e,Pediatrics,efff799a583ae8b31cab6815df29ac899645b26ea410d7a8f795c16f7c743499,profile_anchor,ed1f73a40db81b42f6f78a1cda7fcff7e9adc3958ca46d96fd91303cb1e5b20d,,,,,,,,,,
vanderbilt_candidate_manual_decision_1d1ff4bee76841c437ba,vanderbilt_candidate_review_decision_b5916e1d7ed1b227ede4,vanderbilt_candidate_review_batch_7d3a883d33a9cf74dc7a,candidate_fingerprint_review,vanderbilt_program_residency-pediatrics-https-pediatrics-vumc-org-residency_de4d3d621d7e,Pediatrics,ff317dacabd25e83d566fb0e15a48a48844ae7729fc6cb9dc2e596d5ebeea972,profile_anchor,b72f7b8d30ec5f7adec791bd8fe9331c20407e3697d84c896cfda275b3fa1ce9,,,,,,,,,,
vanderbilt_candidate_manual_decision_280c907c8d3b406a02a5,vanderbilt_candidate_review_decision_cad4bad3a39a616cade0,vanderbilt_candidate_review_batch_7d3a883d33a9cf74dc7a,candidate_fingerprint_review,vanderbilt_program_residency-pediatrics-https-pediatrics-vumc-org-residency_de4d3d621d7e,Pediatrics,9c0529ab2d187f93555e11345e86c17937665176e36aa71a58a0e285f04ff334,profile_anchor,ae23be2980cbbc5d459212145f9c76f62d70fa0f79aaa7634e2d6eee3749472c,,,,,,,,,,
vanderbilt_candidate_manual_decision_41bc7335a0d7d9288088,vanderbilt_candidate_review_decision_ec3268f2cbbeb6921548,vanderbilt_candidate_review_batch_7d3a883d33a9cf74dc7a,candidate_fingerprint_review,vanderbilt_program_residency-pediatrics-https-pediatrics-vumc-org-residency_de4d3d621d7e,Pediatrics,f5f3a1ae20b165a2513a7ccde1a0cbbd7fc0652f1a18e775069edf61e86f255f,profile_anchor,943b479f81ea86fc45e6fc6dfd22bfc8781ec00e6bf18271d30f6de59abfb2c5,,,,,,,,,,
vanderbilt_candidate_manual_decision_5870b8f62e2dd0f58379,vanderbilt_candidate_review_decision_6b82801d3ce6f51617d6,vanderbilt_candidate_review_batch_7d3a883d33a9cf74dc7a,candidate_fingerprint_review,vanderbilt_program_residency-pediatrics-https-pediatrics-vumc-org-residency_de4d3d621d7e,Pediatrics,41d781b58f51a69a684dd5d3862d8a2871f439a0393f3c587444503f8a1c070f,profile_anchor,123fb73cd54e3307eb47daee9181bd18562a4eea684fdebc6c151911fff1b2cb,,,,,,,,,,
vanderbilt_candidate_manual_decision_59abfd699aec2ce81de2,vanderbilt_candidate_review_decision_440746e26b9526099220,vanderbilt_candidate_review_batch_7d3a883d33a9cf74dc7a,candidate_fingerprint_review,vanderbilt_program_residency-pediatrics-https-pediatrics-vumc-org-residency_de4d3d621d7e,Pediatrics,c28620c7f44d631e0a89fe47ddb4736f493cd77e98593229b4e83f7310e9a11d,profile_anchor,286be9ff7932201cff59c42caa74734e427142d6f4e68fc653183b4f62e51b0b,,,,,,,,,,
vanderbilt_candidate_manual_decision_5ad0992a650b2a678c33,vanderbilt_candidate_review_decision_ef30633b672d6dcdbf30,vanderbilt_candidate_review_batch_7d3a883d33a9cf74dc7a,candidate_fingerprint_review,vanderbilt_program_residency-pediatrics-https-pediatrics-vumc-org-residency_de4d3d621d7e,Pediatrics,d17a5ef563899184829ae155ce65eb5519befd238b7de3625effaa07dc96ed6a,profile_anchor,2627fbeff2266cdccd5ef17d7fab7b699167c3f31375d557f437c8b18d3a34ca,,,,,,,,,,
vanderbilt_candidate_manual_decision_61682d72040b2bd2a5e1,vanderbilt_candidate_review_decision_7bee56d83c5beb11fd57,vanderbilt_candidate_review_batch_7d3a883d33a9cf74dc7a,candidate_fingerprint_review,vanderbilt_program_residency-pediatrics-https-pediatrics-vumc-org-residency_de4d3d621d7e,Pediatrics,818d1c07f1e9a2b517d192cd828ed7e888db200c255487d9b5e551a8a0a40f71,profile_anchor,3bd713d2968e760cc66f16eb001a7e28438d96a072678016a309c8678d35217c,,,,,,,,,,
vanderbilt_candidate_manual_decision_65de70b1ebdd0e355704,vanderbilt_candidate_review_decision_07ccd9bb8f10dd2e3daa,vanderbilt_candidate_review_batch_7d3a883d33a9cf74dc7a,candidate_fingerprint_review,vanderbilt_program_residency-pediatrics-https-pediatrics-vumc-org-residency_de4d3d621d7e,Pediatrics,4c59c032e8c6146309c87266d5190f3cf78a8c2b0d5d2d1f3ef1b6d82029936d,profile_anchor,f1224e88fae20812d9a638ef4641045dbd67474ddbb12d35245d2b20cea6c125,,,,,,,,,,
vanderbilt_candidate_manual_decision_77e8eeaec474cef7bf25,vanderbilt_candidate_review_decision_6626b04fe6aa86fb1fba,vanderbilt_candidate_review_batch_7d3a883d33a9cf74dc7a,candidate_fingerprint_review,vanderbilt_program_residency-pediatrics-https-pediatrics-vumc-org-residency_de4d3d621d7e,Pediatrics,25a9b2144ae014aebf6b0a3aa082acfc6644de3ddfda1cd016e0f661733a8163,profile_anchor,28cbb5915cd6e46fb632dcf7688a7d83886ef608bfadcc0ae872651d47278f33,,,,,,,,,,
vanderbilt_candidate_manual_decision_824218168269dd97455b,vanderbilt_candidate_review_decision_b42825ee3d24c0fcaa97,vanderbilt_candidate_review_batch_7d3a883d33a9cf74dc7a,candidate_fingerprint_review,vanderbilt_program_residency-pediatrics-https-pediatrics-vumc-org-residency_de4d3d621d7e,Pediatrics,6ed28ed2afce729695fbcafab4a5dd8490847134a0a9833eeb39bcf4f544ef10,heading_signal,3d125bdab7d0ffeafebeef5715bff5d808930f27e5485d4f5a81064ce63b9f6b,,,,,,,,,,
vanderbilt_candidate_manual_decision_8877dc5d08299c228cf4,vanderbilt_candidate_review_decision_402afe910fba7533d181,vanderbilt_candidate_review_batch_7d3a883d33a9cf74dc7a,candidate_fingerprint_review,vanderbilt_program_residency-pediatrics-https-pediatrics-vumc-org-residency_de4d3d621d7e,Pediatrics,fc6a8e07b6314bfdc63abf1bcb7ff28a90ba5f6f889ad75558b1bc6748a1dbfc,profile_anchor,b1b4f90fd2c7066f6e3d31f321e9ed8543bdcf3eda98fccd68007ac24072a094,,,,,,,,,,
vanderbilt_candidate_manual_decision_90fe7a19afe4f98352d0,vanderbilt_candidate_review_decision_a57565fa79607ec48839,vanderbilt_candidate_review_batch_7d3a883d33a9cf74dc7a,candidate_fingerprint_review,vanderbilt_program_residency-pediatrics-https-pediatrics-vumc-org-residency_de4d3d621d7e,Pediatrics,12654106817980d1a4b5b007ce3aacbcbc1665da5f187ffcda03679a35bb38f2,profile_anchor,c5b9ec90a84669432fccb8d2ee9dead204bc4c0400a3b45c73034dabe546d1a6,,,,,,,,,,
vanderbilt_candidate_manual_decision_9ad94f8e7719327a00f8,vanderbilt_candidate_review_decision_da9c80cb4413de608550,vanderbilt_candidate_review_batch_7d3a883d33a9cf74dc7a,candidate_fingerprint_review,vanderbilt_program_residency-pediatrics-https-pediatrics-vumc-org-residency_de4d3d621d7e,Pediatrics,a031160caf7605442e66e8d635fc61c1092c9e60ae4ac410d35c7903bb86f6c0,profile_anchor,bf664b0c703ea3b7b455a28ac470218fcf5d8b3816cc61c80533ae3c54e50541,,,,,,,,,,
vanderbilt_candidate_manual_decision_9c75d066432ec3c31467,vanderbilt_candidate_review_decision_cd0f15b751901b3ba994,vanderbilt_candidate_review_batch_7d3a883d33a9cf74dc7a,candidate_fingerprint_review,vanderbilt_program_residency-pediatrics-https-pediatrics-vumc-org-residency_de4d3d621d7e,Pediatrics,2a9885452835f744da80da1cf92cedf130f0076263048de02b1b21025784f634,profile_anchor,296e08dd0ca426f8470c2c7d9b51b500d31eae79611bc83ad74d48479f0a2374,,,,,,,,,,
vanderbilt_candidate_manual_decision_b7d4c257c751ab6b1201,vanderbilt_candidate_review_decision_84c95ee8431fd2cde72e,vanderbilt_candidate_review_batch_7d3a883d33a9cf74dc7a,candidate_fingerprint_review,vanderbilt_program_residency-pediatrics-https-pediatrics-vumc-org-residency_de4d3d621d7e,Pediatrics,a90d1053b1c25db2609cfb8adfdff3691157726720081498f2fbd9bf298baca8,profile_anchor,93fd9bcc2835991c5402241aa654f9af99a1d1edc20d29076cc510cfbc3f49f1,,,,,,,,,,
vanderbilt_candidate_manual_decision_ba815b5776970eede34c,vanderbilt_candidate_review_decision_a9e59f8b9a5a55c4b03c,vanderbilt_candidate_review_batch_7d3a883d33a9cf74dc7a,candidate_fingerprint_review,vanderbilt_program_residency-pediatrics-https-pediatrics-vumc-org-residency_de4d3d621d7e,Pediatrics,5ef0669227bd5495e42ff8db468e9a366ff3640338da588ef4d3dbec3df93498,profile_anchor,8afe346221b46d38fd4700fea85d3d1619f5794f1a9ae3efea7d8dc9045eb041,,,,,,,,,,
vanderbilt_candidate_manual_decision_bfbc6dacf37c548e5fef,vanderbilt_candidate_review_decision_e0704cfb7c4ad645af08,vanderbilt_candidate_review_batch_7d3a883d33a9cf74dc7a,candidate_fingerprint_review,vanderbilt_program_residency-pediatrics-https-pediatrics-vumc-org-residency_de4d3d621d7e,Pediatrics,d7cf137d5f3664fa5f106dd9ef03eae776cf1ee7e9db93c58033769b2e370bd2,profile_anchor,48d5b7025e4d4f5fd2536a00bf626b22d7ba5fc52c332b688ceb7f0b94586f22,,,,,,,,,,
vanderbilt_candidate_manual_decision_c5d68c671b21c80f7a9f,vanderbilt_candidate_review_decision_dc530797675361b4126a,vanderbilt_candidate_review_batch_7d3a883d33a9cf74dc7a,candidate_fingerprint_review,vanderbilt_program_residency-pediatrics-https-pediatrics-vumc-org-residency_de4d3d621d7e,Pediatrics,8f779bda63f49436895dbfd0e4594a3e0f59da84e85f737b43cdb482782a19b3,profile_anchor,66241966be4b9c2b531be02fb718e79c99e4b2ff2c397abf741df4a6e54825dd,,,,,,,,,,
vanderbilt_candidate_manual_decision_cacf52af403e5450323f,vanderbilt_candidate_review_decision_3e8c916f0b00e69a44ec,vanderbilt_candidate_review_batch_7d3a883d33a9cf74dc7a,candidate_fingerprint_review,vanderbilt_program_residency-pediatrics-https-pediatrics-vumc-org-residency_de4d3d621d7e,Pediatrics,ce310554bf8ada9e68a21925386dcd29dd08573a0d3cc2fe962bb3c4febffda3,profile_anchor,3ee825b1cb032fb2c778c9914a2cb43d26de074488ee579a8a7ceb154480943c,,,,,,,,,,
vanderbilt_candidate_manual_decision_d853f57e0ffefc1f901c,vanderbilt_candidate_review_decision_d3c95df9e3789cdf4ca9,vanderbilt_candidate_review_batch_7d3a883d33a9cf74dc7a,candidate_fingerprint_review,vanderbilt_program_residency-pediatrics-https-pediatrics-vumc-org-residency_de4d3d621d7e,Pediatrics,ca66d24307fc9678fc52cb1c9a948a6d1be7b0d3c33e78e2762f4d2d4c3bd6a0,profile_anchor,a150484ee4c7640bfc2b76be746f95efd37d061da73134fdb32163b6a64d171a,,,,,,,,,,
vanderbilt_candidate_manual_decision_da19bdede0cc39409205,vanderbilt_candidate_review_decision_67bebfa54ef18640b04c,vanderbilt_candidate_review_batch_7d3a883d33a9cf74dc7a,candidate_fingerprint_review,vanderbilt_program_residency-pediatrics-https-pediatrics-vumc-org-residency_de4d3d621d7e,Pediatrics,b0cbf241076da09e662962f95e3b07122d3ce7b3bc9a31d9b0a9ab651f5168b6,profile_anchor,db0fd6912f037c994464c6bf079cb457a2e3379050de3d03bd14dd632a7f14bd,,,,,,,,,,
vanderbilt_candidate_manual_decision_f0ed676b5e542593e43c,vanderbilt_candidate_review_decision_ca4c4e9786251212590f,vanderbilt_candidate_review_batch_7d3a883d33a9cf74dc7a,candidate_fingerprint_review,vanderbilt_program_residency-pediatrics-https-pediatrics-vumc-org-residency_de4d3d621d7e,Pediatrics,6ffdce9e174790da12f3a76116d7f33bd89886afda41b5b9c260c0f6b468a42d,profile_anchor,484b3a631e2f67286ee07aba3c2c14c4264a4bfb98ed92973b669bb3d9e944e1,,,,,,,,,,
vanderbilt_candidate_manual_decision_f35eea5674758fdedbd4,vanderbilt_candidate_review_decision_1db3fd67a13820d59048,vanderbilt_candidate_review_batch_7d3a883d33a9cf74dc7a,candidate_fingerprint_review,vanderbilt_program_residency-pediatrics-https-pediatrics-vumc-org-residency_de4d3d621d7e,Pediatrics,51006c337f0fefd03dfa73cf691e0acbe27e5841c932532bf36db5d4913c7147,profile_anchor,0e18fb6ae8667ecfffc96f363587d5a6d62d1b8159dfb836891c08eb923b7817,,,,,,,,,,
vanderbilt_candidate_manual_decision_fa3ee36ba0a2fdd7bc8e,vanderbilt_candidate_review_decision_4b622385e02cb6c62a76,vanderbilt_candidate_review_batch_7d3a883d33a9cf74dc7a,candidate_fingerprint_review,vanderbilt_program_residency-pediatrics-https-pediatrics-vumc-org-residency_de4d3d621d7e,Pediatrics,013fd2438ca8877763bdaec440d8587dba4726037fcc03e287cced7256a412ab,profile_anchor,5bf8ce4adc309f667cfc7d71a164ba00673613fe69719de28e0f56001109dcf9,,,,,,,,,,
vanderbilt_candidate_manual_decision_00305373b0fe1e44a129,vanderbilt_candidate_review_decision_1b9c808cf88dd4427c57,vanderbilt_candidate_review_batch_c4dddd012d4265a4f615,candidate_fingerprint_review,vanderbilt_program_residency-psychiatry-https-www-vumc-org-psychiatry-vanderbil_9e890001297c,Psychiatry,0f69acbbd6cd81858830b995dd8d52607e3940a0882fd550ea265b380d1b2e07,profile_anchor,4c74c713e920db170f27b8ae6677f17c3077d858d3b396a81b395ac76c821f7c,,,,,,,,,,
vanderbilt_candidate_manual_decision_2778e62fdb93042245cb,vanderbilt_candidate_review_decision_6e0f383045f9db4ce571,vanderbilt_candidate_review_batch_c4dddd012d4265a4f615,candidate_fingerprint_review,vanderbilt_program_residency-psychiatry-https-www-vumc-org-psychiatry-vanderbil_9e890001297c,Psychiatry,2ce403e917164735bd01eaa7f606e94eae2f930d771242c61f37289f1107fb64,profile_anchor,5385186612cdc5b6bbbfd13e4df0f1e0e39c0f672ff4a8c564268272ca697c15,,,,,,,,,,
vanderbilt_candidate_manual_decision_30c3989728a3ef1e161f,vanderbilt_candidate_review_decision_7a12d907cf24742b3043,vanderbilt_candidate_review_batch_c4dddd012d4265a4f615,candidate_fingerprint_review,vanderbilt_program_residency-psychiatry-https-www-vumc-org-psychiatry-vanderbil_9e890001297c,Psychiatry,7f96d36cd628aca0ea50fda994e0d9fbd2e4c493d9661fc3ec592211631531db,profile_anchor,79d4c65df95903a02477b982b26b7e2695a1cc4c2b8830349fcc7619013bae2c,,,,,,,,,,
vanderbilt_candidate_manual_decision_41a237be99fc306cbc45,vanderbilt_candidate_review_decision_a8f5daa739da10424016,vanderbilt_candidate_review_batch_c4dddd012d4265a4f615,candidate_fingerprint_review,vanderbilt_program_residency-psychiatry-https-www-vumc-org-psychiatry-vanderbil_9e890001297c,Psychiatry,4794933db2fc0aa1f3fa50c6fc38b8c78f687ba21d6a57255edf07a3f8d7db68,profile_anchor,36ebb0bd7ae888416b4885f2f037334e2c34685bd9b9e13b24a680e7dc66ac9a,,,,,,,,,,
vanderbilt_candidate_manual_decision_6c95b5bba7b241656a5c,vanderbilt_candidate_review_decision_f0104522b0af1a39c2e3,vanderbilt_candidate_review_batch_c4dddd012d4265a4f615,candidate_fingerprint_review,vanderbilt_program_residency-psychiatry-https-www-vumc-org-psychiatry-vanderbil_9e890001297c,Psychiatry,f8f4486247e7abc95bb6f1bbdc14381001a360843d35de53bd14fd86e1bed464,profile_anchor,7c25755a87caf1089962dadc7d69547e8876cabdab63cb189f5365ad51957185,,,,,,,,,,
vanderbilt_candidate_manual_decision_722dc48a646d5231f0ae,vanderbilt_candidate_review_decision_a3e5537120d52192173e,vanderbilt_candidate_review_batch_c4dddd012d4265a4f615,candidate_fingerprint_review,vanderbilt_program_residency-psychiatry-https-www-vumc-org-psychiatry-vanderbil_9e890001297c,Psychiatry,2faacf57bba287c02917c51f6badb84c7f2c79571d7ae771c53d8ef2247dd9f0,heading_signal,3f92e2c6285799c9d017124c990b31171d778c771f350d9187c8c74252410338,,,,,,,,,,
vanderbilt_candidate_manual_decision_afdf97b988297afbab6f,vanderbilt_candidate_review_decision_52cbe961fb7a3fb3cc48,vanderbilt_candidate_review_batch_c4dddd012d4265a4f615,candidate_fingerprint_review,vanderbilt_program_residency-psychiatry-https-www-vumc-org-psychiatry-vanderbil_9e890001297c,Psychiatry,f097cdb52957f65a60f11e35a240151abbec30844356201db2c526bb938991d0,profile_anchor,20da0e3e376152f9c345b9c88a11320a6a94f36b508fa2d38da6143eb0cde84c,,,,,,,,,,
vanderbilt_candidate_manual_decision_b0710ce12e8dbc33bdf7,vanderbilt_candidate_review_decision_1737cab5cf9aafca4693,vanderbilt_candidate_review_batch_c4dddd012d4265a4f615,candidate_fingerprint_review,vanderbilt_program_residency-psychiatry-https-www-vumc-org-psychiatry-vanderbil_9e890001297c,Psychiatry,a4bd02960efbb56e489820c673a50b5d53106da58f6af17f2e83702dbdde3369,profile_anchor,cff17ef3dd5a5beecdff002b163542fb95c4f3c3cbeb73562a55903e49a0020c,,,,,,,,,,
vanderbilt_candidate_manual_decision_d5171386cd9a56a20015,vanderbilt_candidate_review_decision_ec8ca6ce966cd3760566,vanderbilt_candidate_review_batch_c4dddd012d4265a4f615,candidate_fingerprint_review,vanderbilt_program_residency-psychiatry-https-www-vumc-org-psychiatry-vanderbil_9e890001297c,Psychiatry,1530dcaf68aa1cc3629ce0acc8f4bd33d7dfc1c318641deab0876556980c49c0,profile_anchor,787e2ef238cf4fad7081cfd5e14aa5b45ac1b9effb982f5f435a0087d17c2a69,,,,,,,,,,
vanderbilt_candidate_manual_decision_2bd835d04703caeb21da,vanderbilt_candidate_review_decision_64f1b6dd5bbfec30f409,vanderbilt_candidate_review_batch_84f4ace60fc74f44fb28,candidate_fingerprint_review,vanderbilt_program_fellowship-rheumatology-https-pediatrics-vumc-org-rheumatolo_8487e7467659,Rheumatology,7bff1766c3f2a5840ac052655bf4296f256c8d96830e4412ec2dcc756b274ecd,profile_anchor,19a4da9d28df7b1142b59be0796357693a9665b1eab592d9764268c87386548b,,,,,,,,,,
vanderbilt_candidate_manual_decision_4951e15682e2090061ae,vanderbilt_candidate_review_decision_a3c6f42debfa7e938c33,vanderbilt_candidate_review_batch_84f4ace60fc74f44fb28,candidate_fingerprint_review,vanderbilt_program_fellowship-rheumatology-https-pediatrics-vumc-org-rheumatolo_8487e7467659,Rheumatology,141fb7b2845063e38c94f374820c1aaaf6d45e3ce6cd6a43135bcf0579c530d2,profile_anchor,d0aa277229038ec504726900619a03708b390574e0209891bc22bdef695800a4,,,,,,,,,,
vanderbilt_candidate_manual_decision_6b67e4cd2c5f4c81dd9d,vanderbilt_candidate_review_decision_70b423a18038f860e481,vanderbilt_candidate_review_batch_84f4ace60fc74f44fb28,candidate_fingerprint_review,vanderbilt_program_fellowship-rheumatology-https-pediatrics-vumc-org-rheumatolo_8487e7467659,Rheumatology,59d72980714214a6e9b54544fa19011630fae6fc7b2618e29f43c37a912458d5,profile_anchor,19caa4dd08de30ffe6ff8b9bde3a6c1f99da6527e41688dfb253edf994323e8e,,,,,,,,,,
vanderbilt_candidate_manual_decision_db30ba83e8c0cfccec71,vanderbilt_candidate_review_decision_778d5f11a71c60b64140,vanderbilt_candidate_review_batch_84f4ace60fc74f44fb28,candidate_fingerprint_review,vanderbilt_program_fellowship-rheumatology-https-pediatrics-vumc-org-rheumatolo_8487e7467659,Rheumatology,5aac845a2bcf7b8e16ec30c49d50d1f7a5334344fe5da9741bcc8f6dac19261f,heading_signal,af42be77f3620383a989d3b5e4976a1ba9384d3f5a1a422281ee33dcc86b1477,,,,,,,,,,
vanderbilt_candidate_manual_decision_1074d7c46baa176a3cc1,vanderbilt_candidate_review_decision_8adacb39871c9f5424d7,vanderbilt_candidate_review_batch_c723602f7c8bbe9cfc9c,candidate_fingerprint_review,vanderbilt_program_fellowship-transplant-hepatology-https-medicine-vumc-org-tra_d36cd8651f0d,Transplant Hepatology,935b7e3018770d15a69e7b657b291cd0b5daf5207f530a13e896fde963ce2a13,heading_signal,c61696d31cf1f62a5cb0b0f45e6dd60a162f4fc77bcbddd24d8c70c227781282,,,,,,,,,,
vanderbilt_candidate_manual_decision_23eb4f2e7398d00b74fa,vanderbilt_candidate_review_decision_aebff723c076f9a32aa3,vanderbilt_candidate_review_batch_c723602f7c8bbe9cfc9c,candidate_fingerprint_review,vanderbilt_program_fellowship-transplant-hepatology-https-medicine-vumc-org-tra_d36cd8651f0d,Transplant Hepatology,52777e7768081fe3c24f19d9c35ab98c57c114135890554e0eaad323ff310d7d,heading_signal,5d151a7593fde4672776aa966141cee5119e68f9634539845f9200cdaf5301b2,,,,,,,,,,
vanderbilt_candidate_manual_decision_2e8fd4470fe9f0426d29,vanderbilt_candidate_review_decision_2892bf0f1cc114132114,vanderbilt_candidate_review_batch_c723602f7c8bbe9cfc9c,candidate_fingerprint_review,vanderbilt_program_fellowship-transplant-hepatology-https-medicine-vumc-org-tra_d36cd8651f0d,Transplant Hepatology,634c557c75074e9191a67ca1c06db5f0db86a636ee9ba3f811fc92ec93d74aad,heading_signal,585670b9b798a0c7150a1053bcf70b62f6493ceb68429d55e1917ebc4373dba7,,,,,,,,,,
vanderbilt_candidate_manual_decision_33ca2f64724befb47647,vanderbilt_candidate_review_decision_c43ef3c39ee3286a9378,vanderbilt_candidate_review_batch_c723602f7c8bbe9cfc9c,candidate_fingerprint_review,vanderbilt_program_fellowship-transplant-hepatology-https-medicine-vumc-org-tra_d36cd8651f0d,Transplant Hepatology,6668101c48601919ebae20df3d7736a4a1869549155904af2d23874268b0a646,heading_signal,d75bbfbe45e16e97b5ac42961bd646e97778f701bc01dbec95e125a98441d85f,,,,,,,,,,
vanderbilt_candidate_manual_decision_4bd3ab3e567e186344c3,vanderbilt_candidate_review_decision_60920b587e85bca6f2f0,vanderbilt_candidate_review_batch_c723602f7c8bbe9cfc9c,candidate_fingerprint_review,vanderbilt_program_fellowship-transplant-hepatology-https-medicine-vumc-org-tra_d36cd8651f0d,Transplant Hepatology,98f637e04a78ed4de219a210883bfdb2dd8d8f90bb8ec04732ea6e182ea12ab1,heading_signal,135c489f6b7f3def6ae238470381f3887390c6c3b047d90c26605181dedce862,,,,,,,,,,
vanderbilt_candidate_manual_decision_4beed575b79cab19cc19,vanderbilt_candidate_review_decision_feaab42de844f4c0a32d,vanderbilt_candidate_review_batch_c723602f7c8bbe9cfc9c,candidate_fingerprint_review,vanderbilt_program_fellowship-transplant-hepatology-https-medicine-vumc-org-tra_d36cd8651f0d,Transplant Hepatology,1936d2cf2f76dcc3f9da1d61f541efe33b4d27d8cd1a56cd8cf778408d038055,heading_signal,e07e80281e7393336b7dccc187ab3e7f2cfca286fdfbdd6ce01281f5681ac4d4,,,,,,,,,,
vanderbilt_candidate_manual_decision_54b04e0e3a60a114bf7d,vanderbilt_candidate_review_decision_fa4aacf41651bee87975,vanderbilt_candidate_review_batch_c723602f7c8bbe9cfc9c,candidate_fingerprint_review,vanderbilt_program_fellowship-transplant-hepatology-https-medicine-vumc-org-tra_d36cd8651f0d,Transplant Hepatology,095902c17709c4996eb62a12745c25353b53efb597e5b852845d7fc1efa13ffa,heading_signal,b71a091742aa5a5f95fc5b4014d55df1737ba1feeb662f79f39cd0827682aff9,,,,,,,,,,
vanderbilt_candidate_manual_decision_62ca061845b586055fe2,vanderbilt_candidate_review_decision_887c9337fe565db0d3bc,vanderbilt_candidate_review_batch_c723602f7c8bbe9cfc9c,candidate_fingerprint_review,vanderbilt_program_fellowship-transplant-hepatology-https-medicine-vumc-org-tra_d36cd8651f0d,Transplant Hepatology,8086162a5ec41363afee6ed76c45fefb0f77192d68437ea4a78f882998260379,heading_signal,c11d52e69e7bb64b8b836c609f6d936996ddc7a5c51420fbff5d6c0dca17842b,,,,,,,,,,
vanderbilt_candidate_manual_decision_6a1b681d7a868202e26b,vanderbilt_candidate_review_decision_4518a59d7c969d06a20f,vanderbilt_candidate_review_batch_c723602f7c8bbe9cfc9c,candidate_fingerprint_review,vanderbilt_program_fellowship-transplant-hepatology-https-medicine-vumc-org-tra_d36cd8651f0d,Transplant Hepatology,fd63eaf179f467c72803dbb903c270029beea23bc11e27fc144dc87b205b5d6d,heading_signal,6c36ae72b7d882801dac4386c66f1a06283dda41a934b337800da6bdd4ffa8f4,,,,,,,,,,
vanderbilt_candidate_manual_decision_c49eeb9774a46d0d479c,vanderbilt_candidate_review_decision_2cf7933767b8a9a64365,vanderbilt_candidate_review_batch_c723602f7c8bbe9cfc9c,candidate_fingerprint_review,vanderbilt_program_fellowship-transplant-hepatology-https-medicine-vumc-org-tra_d36cd8651f0d,Transplant Hepatology,5e084d82f3e700e68b9381fb8ad47c8e0dcbdbae9139b6499e75e93e662d4870,heading_signal,7917c861cae4f34435518ff0ae3cfb595ea8473c19446e323847208dea685880,,,,,,,,,,
vanderbilt_candidate_manual_decision_34f010a0ce64ef87824d,vanderbilt_candidate_review_decision_a5393a6d70b4a5d93844,vanderbilt_candidate_review_batch_d7657494af8e65d626f9,linked_scope_metadata_review,vanderbilt_program_fellowship-advanced-endoscopy-https-medicine-vumc-org-advanc_20ef397616c3,Advanced Endoscopy,,none,9e3cc6e2e310f7f9a78db67704bab146bee76bb75a5373606d6afa41e503ca03,,,,,,,,,,
vanderbilt_candidate_manual_decision_b53a5a74cba16b597dcf,vanderbilt_candidate_review_decision_74e5670bafc68feccdf7,vanderbilt_candidate_review_batch_cd1e0d50aaad57b508c4,linked_scope_metadata_review,vanderbilt_program_fellowship-advanced-inflammatory-bowel-disease-https-medicin_4a3960c8c48c,Advanced Inflammatory Bowel Disease,,none,633931284155fcf3dee6435ed5e8ee9d3e52492a8fcfa9f3d7e24ba680c4ac66,,,,,,,,,,
vanderbilt_candidate_manual_decision_916caca41e4ec0677543,vanderbilt_candidate_review_decision_a181af2e439130d84054,vanderbilt_candidate_review_batch_6c55be22bcbbb20b5304,linked_scope_metadata_review,vanderbilt_program_residency-orthopaedic-surgery-https-www-vumc-org-ortho-resid_070825d0060d,Orthopaedic Surgery,,none,4a969ba98706e1b90b3173c81de3b46e54f938e640b530409c662e1bf4de0118,,,,,,,,,,
vanderbilt_candidate_manual_decision_954c8daf198b49d30d57,vanderbilt_candidate_review_decision_478ae7417fdd6df722f4,vanderbilt_candidate_review_batch_53a96d6e2c06ee9122d5,route_recourse_review,vanderbilt_program_residency-orthopaedic-surgery-https-www-vumc-org-ortho-resid_070825d0060d,Orthopaedic Surgery,,none,c0fd76d15d105cdecd12efbc25eefa4c8ba5143f21000cf581ef07369356d436,,,,,,,,,,
